VEHTYPE,ROAD_CLASS,LOCCOORD,DISTRICT,TRAFFCTL,LIGHT,RDSFCOND,INVTYPE,IMPACTYPE,INVAGE,YEAR,TIME,LATITUDE,LONGITUDE,MONTH,DAY,PEDESTRIAN,CYCLIST,AUTOMOBILE,TRUCK,TRSN_CITY_VEH,PASSENGER,SPEEDING,AG_DRIV,ACCLASS
"Automobile, Station Wagon",Major Arterial,Intersection,Toronto and East York,No Control,Daylight,Dry,Driver,Rear End,50 to 54,2006,9,43.682345,-79.34609,2,6,0,0,1,0,0,0,1,1,0
Other,Major Arterial,Intersection,Toronto and East York,No Control,Daylight,Dry,Vehicle Owner,Rear End,unknown,2006,9,43.682345,-79.34609,2,6,0,0,1,0,0,0,1,1,0
"Automobile, Station Wagon",Major Arterial,Intersection,Toronto and East York,No Control,Daylight,Dry,Driver,Rear End,45 to 49,2006,9,43.682345,-79.34609,2,6,0,0,1,0,0,0,1,1,0
Other,Major Arterial,Intersection,Toronto and East York,No Control,Daylight,Dry,Other Property Owner,Rear End,unknown,2006,9,43.682345,-79.34609,2,6,0,0,1,0,0,0,1,1,0
Other,Major Arterial,Intersection,Toronto and East York,No Control,Daylight,Dry,Other Property Owner,Rear End,unknown,2006,9,43.682345,-79.34609,2,6,0,0,1,0,0,0,1,1,0
Other,Local,Intersection,Toronto and East York,Stop Sign,Daylight,Dry,Pedestrian,Pedestrian Collisions,55 to 59,2006,9,43.712545,-79.30039,2,0,1,0,1,0,0,0,0,1,0
Other,Local,Intersection,Toronto and East York,Stop Sign,Daylight,Dry,Vehicle Owner,Pedestrian Collisions,unknown,2006,9,43.712545,-79.30039,2,0,1,0,1,0,0,0,0,1,0
"Automobile, Station Wagon",Local,Intersection,Toronto and East York,Stop Sign,Daylight,Dry,Driver,Pedestrian Collisions,70 to 74,2006,9,43.712545,-79.30039,2,0,1,0,1,0,0,0,0,1,0
Other,Major Arterial,Intersection,Etobicoke York,Traffic Signal,Dark,Dry,Vehicle Owner,Angle,unknown,2006,5,43.688345,-79.48289,2,1,0,0,1,0,0,0,1,1,0
"Automobile, Station Wagon",Major Arterial,Intersection,Etobicoke York,Traffic Signal,Dark,Dry,Driver,Angle,40 to 44,2006,5,43.688345,-79.48289,2,1,0,0,1,0,0,0,1,1,0
Other,Major Arterial,Intersection,Etobicoke York,Stop Sign,Daylight,Dry,Vehicle Owner,Turning Movement,unknown,2006,7,43.626545,-79.50149,5,1,0,0,1,0,0,1,0,0,0
Other,Major Arterial,Mid-Block,Scarborough,No Control,Daylight,Dry,Passenger,Approaching,40 to 44,2006,9,43.811245,-79.24289,6,2,0,0,1,1,0,1,0,0,0
"Automobile, Station Wagon",Major Arterial,Intersection,Etobicoke York,Traffic Signal,Dark,Dry,Driver,Angle,40 to 44,2006,5,43.688345,-79.48289,2,1,0,0,1,0,0,0,1,1,0
"Automobile, Station Wagon",Major Arterial,Intersection,Etobicoke York,Traffic Signal,Dark,Dry,Driver,Angle,55 to 59,2006,5,43.688345,-79.48289,2,1,0,0,1,0,0,0,1,1,0
"Automobile, Station Wagon",Major Arterial,Intersection,Etobicoke York,Traffic Signal,Dark,Dry,Driver,Angle,35 to 39,2006,5,43.688345,-79.48289,2,1,0,0,1,0,0,0,1,1,0
"Automobile, Station Wagon",Major Arterial,Intersection,Etobicoke York,Traffic Signal,Dark,Dry,Driver,Angle,25 to 29,2006,5,43.688345,-79.48289,2,1,0,0,1,0,0,0,1,1,0
Other,Local,Intersection,Toronto and East York,Stop Sign,Daylight,Dry,Pedestrian,Pedestrian Collisions,70 to 74,2006,10,43.687345,-79.34469,2,2,1,0,0,0,0,0,0,1,1
Other,Local,Intersection,Toronto and East York,Stop Sign,Daylight,Dry,Vehicle Owner,Pedestrian Collisions,unknown,2006,10,43.687345,-79.34469,2,2,1,0,0,0,0,0,0,1,1
Other,Local,Intersection,Toronto and East York,Stop Sign,Daylight,Dry,Driver,Pedestrian Collisions,50 to 54,2006,10,43.687345,-79.34469,2,2,1,0,0,0,0,0,0,1,1
"Automobile, Station Wagon",Major Arterial,Mid-Block,Etobicoke York,No Control,Daylight,Slush,Driver,SMV Other,40 to 44,2006,6,43.725545,-79.56009,2,3,0,0,1,0,0,0,1,1,0
Other,Major Arterial,Mid-Block,Etobicoke York,No Control,Daylight,Slush,Other Property Owner,SMV Other,unknown,2006,6,43.725545,-79.56009,2,3,0,0,1,0,0,0,1,1,0
Other,Minor Arterial,Mid-Block,Toronto and East York,No Control,Dark,Wet,Vehicle Owner,Pedestrian Collisions,unknown,2006,22,43.662545,-79.42979,2,3,1,0,1,0,0,0,0,1,0
"Automobile, Station Wagon",Minor Arterial,Mid-Block,Toronto and East York,No Control,Dark,Wet,Driver,Pedestrian Collisions,50 to 54,2006,22,43.662545,-79.42979,2,3,1,0,1,0,0,0,0,1,0
Other,Minor Arterial,Mid-Block,Toronto and East York,No Control,Dark,Wet,Pedestrian,Pedestrian Collisions,40 to 44,2006,22,43.662545,-79.42979,2,3,1,0,1,0,0,0,0,1,0
"Automobile, Station Wagon",Major Arterial,Intersection,North York,Traffic Signal,Daylight,Dry,Driver,Pedestrian Collisions,45 to 49,2006,15,43.713045,-79.36719,2,6,1,0,1,0,0,0,0,0,0
Other,Major Arterial,Intersection,North York,Traffic Signal,Daylight,Dry,Pedestrian,Pedestrian Collisions,20 to 24,2006,15,43.713045,-79.36719,2,6,1,0,1,0,0,0,0,0,0
Other,Major Arterial,Intersection,Toronto and East York,No Control,Dark,Dry,Passenger,SMV Other,40 to 44,2006,6,43.638245,-79.43109,2,0,0,0,1,0,0,1,1,1,0
"Automobile, Station Wagon",Major Arterial,Intersection,Toronto and East York,No Control,Dark,Dry,Driver,SMV Other,35 to 39,2006,6,43.638245,-79.43109,2,0,0,0,1,0,0,1,1,1,0
Other,Minor Arterial,Mid-Block,Scarborough,No Control,Dusk,Dry,Vehicle Owner,Pedestrian Collisions,unknown,2006,19,43.808145,-79.21999,2,0,1,0,1,0,0,0,0,0,1
"Automobile, Station Wagon",Minor Arterial,Mid-Block,Scarborough,No Control,Dusk,Dry,Driver,Pedestrian Collisions,40 to 44,2006,19,43.808145,-79.21999,2,0,1,0,1,0,0,0,0,0,1
Other,Minor Arterial,Mid-Block,Scarborough,No Control,Dusk,Dry,Pedestrian,Pedestrian Collisions,80 to 84,2006,19,43.808145,-79.21999,2,0,1,0,1,0,0,0,0,0,1
"Automobile, Station Wagon",Major Arterial,Intersection,North York,Stop Sign,Dark,Dry,Driver,Pedestrian Collisions,55 to 59,2006,19,43.740545,-79.43479,2,1,1,0,1,0,0,0,0,1,0
Other,Major Arterial,Intersection,North York,Stop Sign,Dark,Dry,Pedestrian,Pedestrian Collisions,75 to 79,2006,19,43.740545,-79.43479,2,1,1,0,1,0,0,0,0,1,0
Other,Major Arterial,Intersection,Etobicoke York,Traffic Signal,Daylight,Dry,Vehicle Owner,Turning Movement,unknown,2006,7,43.628045,-79.55889,2,3,0,0,1,0,0,0,0,1,0
"Automobile, Station Wagon",Major Arterial,Intersection,Etobicoke York,Traffic Signal,Daylight,Dry,Driver,Turning Movement,20 to 24,2006,7,43.628045,-79.55889,2,3,0,0,1,0,0,0,0,1,0
"Automobile, Station Wagon",Major Arterial,Intersection,Etobicoke York,Traffic Signal,Daylight,Dry,Driver,Turning Movement,25 to 29,2006,7,43.628045,-79.55889,2,3,0,0,1,0,0,0,0,1,0
Other,Major Arterial,Intersection,Toronto and East York,Stop Sign,Daylight,Dry,Pedestrian,Pedestrian Collisions,75 to 79,2006,14,43.693745,-79.42259,2,3,1,0,1,0,0,0,0,1,0
"Automobile, Station Wagon",Major Arterial,Intersection,Toronto and East York,Stop Sign,Daylight,Dry,Driver,Pedestrian Collisions,40 to 44,2006,14,43.693745,-79.42259,2,3,1,0,1,0,0,0,0,1,0
Other,Major Arterial,Intersection,Etobicoke York,Traffic Signal,Daylight,Dry,Vehicle Owner,Pedestrian Collisions,unknown,2006,9,43.666045,-79.58769,2,4,1,0,1,0,0,0,0,0,0
"Automobile, Station Wagon",Major Arterial,Intersection,Etobicoke York,Traffic Signal,Daylight,Dry,Driver,Pedestrian Collisions,35 to 39,2006,9,43.666045,-79.58769,2,4,1,0,1,0,0,0,0,0,0
Other,Major Arterial,Intersection,Etobicoke York,Traffic Signal,Daylight,Dry,Pedestrian,Pedestrian Collisions,40 to 44,2006,9,43.666045,-79.58769,2,4,1,0,1,0,0,0,0,0,0
Other,Major Arterial,Intersection,Toronto and East York,Traffic Signal,Daylight,Dry,Vehicle Owner,Pedestrian Collisions,unknown,2006,15,43.671845,-79.39539,2,5,1,0,1,0,0,0,0,1,0
"Automobile, Station Wagon",Major Arterial,Intersection,Toronto and East York,Traffic Signal,Daylight,Dry,Driver,Pedestrian Collisions,50 to 54,2006,15,43.671845,-79.39539,2,5,1,0,1,0,0,0,0,1,0
Other,Major Arterial,Intersection,Toronto and East York,Traffic Signal,Daylight,Dry,Pedestrian,Pedestrian Collisions,55 to 59,2006,15,43.671845,-79.39539,2,5,1,0,1,0,0,0,0,1,0
Other,Minor Arterial,Mid-Block,Toronto and East York,No Control,Dark,Wet,Passenger,SMV Other,15 to 19,2006,1,43.650445,-79.43979,2,6,0,0,1,0,0,1,1,1,0
Other,Minor Arterial,Mid-Block,Toronto and East York,No Control,Dark,Wet,Vehicle Owner,SMV Other,unknown,2006,1,43.650445,-79.43979,2,6,0,0,1,0,0,1,1,1,0
"Automobile, Station Wagon",Minor Arterial,Mid-Block,Toronto and East York,No Control,Dark,Wet,Driver,SMV Other,20 to 24,2006,1,43.650445,-79.43979,2,6,0,0,1,0,0,1,1,1,0
Other,Minor Arterial,Mid-Block,Toronto and East York,No Control,Dark,Wet,Other Property Owner,SMV Other,unknown,2006,1,43.650445,-79.43979,2,6,0,0,1,0,0,1,1,1,0
Other,Minor Arterial,Mid-Block,Toronto and East York,No Control,Dark,Wet,Other Property Owner,SMV Other,unknown,2006,1,43.650445,-79.43979,2,6,0,0,1,0,0,1,1,1,0
Other,Major Arterial,Mid-Block,Toronto and East York,No Control,Dark,Loose Snow,Passenger,SMV Other,15 to 19,2006,4,43.655345,-79.35519,2,6,0,0,1,0,0,1,1,1,0
Other,Major Arterial,Mid-Block,Toronto and East York,No Control,Dark,Loose Snow,Passenger,SMV Other,15 to 19,2006,4,43.655345,-79.35519,2,6,0,0,1,0,0,1,1,1,0
Other,Major Arterial,Mid-Block,Toronto and East York,No Control,Dark,Loose Snow,Passenger,SMV Other,15 to 19,2006,4,43.655345,-79.35519,2,6,0,0,1,0,0,1,1,1,0
Other,Major Arterial,Mid-Block,Toronto and East York,No Control,Dark,Loose Snow,Passenger,SMV Other,15 to 19,2006,4,43.655345,-79.35519,2,6,0,0,1,0,0,1,1,1,0
Other,Major Arterial,Mid-Block,Toronto and East York,No Control,Dark,Loose Snow,Vehicle Owner,SMV Other,unknown,2006,4,43.655345,-79.35519,2,6,0,0,1,0,0,1,1,1,0
"Automobile, Station Wagon",Major Arterial,Mid-Block,Toronto and East York,No Control,Dark,Loose Snow,Driver,SMV Other,15 to 19,2006,4,43.655345,-79.35519,2,6,0,0,1,0,0,1,1,1,0
Other,Major Arterial,Mid-Block,Etobicoke York,No Control,Dark,Dry,Vehicle Owner,Pedestrian Collisions,unknown,2006,5,43.717145,-79.58259,2,0,1,0,1,0,0,0,1,1,1
"Automobile, Station Wagon",Major Arterial,Mid-Block,Etobicoke York,No Control,Dark,Dry,Driver,Pedestrian Collisions,25 to 29,2006,5,43.717145,-79.58259,2,0,1,0,1,0,0,0,1,1,1
Other,Major Arterial,Mid-Block,Etobicoke York,No Control,Dark,Dry,Pedestrian,Pedestrian Collisions,30 to 34,2006,5,43.717145,-79.58259,2,0,1,0,1,0,0,0,1,1,1
"Automobile, Station Wagon",Minor Arterial,Intersection,Toronto and East York,Pedestrian Crossover,Daylight,Dry,Driver,Pedestrian Collisions,30 to 34,2006,17,43.659545,-79.34669,2,0,1,0,1,0,0,0,0,1,0
Other,Minor Arterial,Intersection,Toronto and East York,Pedestrian Crossover,Daylight,Dry,Pedestrian,Pedestrian Collisions,60 to 64,2006,17,43.659545,-79.34669,2,0,1,0,1,0,0,0,0,1,0
Other,Major Arterial,Intersection,Scarborough,Traffic Signal,Dark,Wet,Vehicle Owner,Cyclist Collisions,unknown,2006,20,43.770645,-79.18689,2,0,0,1,0,0,1,0,0,1,0
Municipal Transit Bus (TTC),Major Arterial,Intersection,Scarborough,Traffic Signal,Dark,Wet,Driver,Cyclist Collisions,35 to 39,2006,20,43.770645,-79.18689,2,0,0,1,0,0,1,0,0,1,0
Bicycle,Major Arterial,Intersection,Scarborough,Traffic Signal,Dark,Wet,Cyclist,Cyclist Collisions,25 to 29,2006,20,43.770645,-79.18689,2,0,0,1,0,0,1,0,0,1,0
"Automobile, Station Wagon",Major Arterial,Mid-Block,Etobicoke York,No Control,Dark,Dry,Driver,SMV Other,55 to 59,2006,18,43.666645,-79.58739,2,1,0,0,1,0,0,0,0,0,0
"Automobile, Station Wagon",Minor Arterial,Mid-Block,Toronto and East York,No Control,Daylight,Dry,Driver,Cyclist Collisions,35 to 39,2006,11,43.688645,-79.35279,3,2,0,1,1,0,0,0,0,0,0
Bicycle,Minor Arterial,Mid-Block,Toronto and East York,No Control,Daylight,Dry,Cyclist,Cyclist Collisions,80 to 84,2006,11,43.688645,-79.35279,3,2,0,1,1,0,0,0,0,0,0
Other,Minor Arterial,Mid-Block,Toronto and East York,No Control,"Dusk, artificial",Dry,Vehicle Owner,Pedestrian Collisions,unknown,2006,18,43.636545,-79.47509,3,0,1,0,1,0,0,0,0,0,0
"Automobile, Station Wagon",Minor Arterial,Mid-Block,Toronto and East York,No Control,"Dusk, artificial",Dry,Driver,Pedestrian Collisions,30 to 34,2006,18,43.636545,-79.47509,3,0,1,0,1,0,0,0,0,0,0
Other,Minor Arterial,Mid-Block,Toronto and East York,No Control,"Dusk, artificial",Dry,Pedestrian,Pedestrian Collisions,45 to 49,2006,18,43.636545,-79.47509,3,0,1,0,1,0,0,0,0,0,0
Truck - Open,Major Arterial,Intersection,North York,No Control,Daylight,Dry,Truck Driver,Cyclist Collisions,50 to 54,2006,9,43.713045,-79.41179,4,3,0,1,0,1,0,0,0,0,1
Other,Major Arterial,Mid-Block,Scarborough,No Control,Daylight,Dry,Vehicle Owner,Approaching,unknown,2006,9,43.811245,-79.24289,6,2,0,0,1,1,0,1,0,0,0
Other,Major Arterial,Intersection,Scarborough,Traffic Signal,Daylight,Dry,Vehicle Owner,Turning Movement,unknown,2006,9,43.816245,-79.31449,3,3,0,0,1,0,0,1,0,1,0
Bicycle,Major Arterial,Intersection,North York,No Control,Daylight,Dry,Cyclist,Cyclist Collisions,45 to 49,2006,9,43.713045,-79.41179,4,3,0,1,0,1,0,0,0,0,1
"Automobile, Station Wagon",Major Arterial,Mid-Block,Scarborough,No Control,Daylight,Dry,Driver,Approaching,55 to 59,2006,9,43.811245,-79.24289,6,2,0,0,1,1,0,1,0,0,0
Truck - Open,Major Arterial,Mid-Block,Scarborough,No Control,Daylight,Dry,Truck Driver,Approaching,40 to 44,2006,9,43.811245,-79.24289,6,2,0,0,1,1,0,1,0,0,0
"Automobile, Station Wagon",Major Arterial,Intersection,Scarborough,Traffic Signal,Daylight,Dry,Driver,Turning Movement,25 to 29,2006,9,43.816245,-79.31449,3,3,0,0,1,0,0,1,0,1,0
"Automobile, Station Wagon",Major Arterial,Intersection,Etobicoke York,Traffic Signal,Dark,Dry,Driver,Sideswipe,45 to 49,2006,22,43.764345,-79.57489,6,2,0,0,1,0,0,0,1,1,0
Other,Major Arterial,Intersection,Etobicoke York,Traffic Signal,Dark,Dry,Vehicle Owner,Cyclist Collisions,unknown,2006,21,43.763445,-79.49099,4,3,0,1,0,1,0,0,0,0,1
"Automobile, Station Wagon",Major Arterial,Intersection,Toronto and East York,Pedestrian Crossover,Daylight,Dry,Driver,Pedestrian Collisions,25 to 29,2006,17,43.658145,-79.37239,3,3,1,0,1,0,0,0,0,1,0
"Automobile, Station Wagon",Major Arterial,Intersection,Etobicoke York,Traffic Signal,Dark,Dry,Driver,Sideswipe,45 to 49,2006,22,43.764345,-79.57489,6,2,0,0,1,0,0,0,1,1,0
Bicycle,Major Arterial,Intersection,Etobicoke York,Traffic Signal,Dark,Dry,Cyclist,Cyclist Collisions,15 to 19,2006,21,43.763445,-79.49099,4,3,0,1,0,1,0,0,0,0,1
"Automobile, Station Wagon",Major Arterial,Intersection,Etobicoke York,Stop Sign,Daylight,Dry,Driver,Turning Movement,35 to 39,2006,7,43.626545,-79.50149,5,1,0,0,1,0,0,1,0,0,0
Other,Major Arterial,Intersection,Toronto and East York,Pedestrian Crossover,Daylight,Dry,Pedestrian,Pedestrian Collisions,60 to 64,2006,17,43.658145,-79.37239,3,3,1,0,1,0,0,0,0,1,0
"Automobile, Station Wagon",Major Arterial,Intersection,Etobicoke York,Traffic Signal,Dark,Dry,Driver,Sideswipe,40 to 44,2006,22,43.764345,-79.57489,6,2,0,0,1,0,0,0,1,1,0
Other,Major Arterial,Intersection,Etobicoke York,Traffic Signal,Dark,Dry,Vehicle Owner,Cyclist Collisions,unknown,2006,21,43.763445,-79.49099,4,3,0,1,0,1,0,0,0,0,1
Motorcycle,Major Arterial,Intersection,Toronto and East York,Traffic Signal,Daylight,Dry,Motorcycle Driver,Rear End,25 to 29,2006,17,43.648345,-79.48569,5,1,0,0,1,0,0,0,0,1,0
"Automobile, Station Wagon",Collector,Intersection,Toronto and East York,Stop Sign,Daylight,Dry,Driver,Pedestrian Collisions,40 to 44,2006,7,43.663945,-79.45049,3,4,1,0,1,0,0,0,0,1,0
Other,Collector,Intersection,Toronto and East York,Stop Sign,Daylight,Dry,Pedestrian,Pedestrian Collisions,50 to 54,2006,7,43.663945,-79.45049,3,4,1,0,1,0,0,0,0,1,0
"Automobile, Station Wagon",Major Arterial,Intersection,Toronto and East York,No Control,Daylight,Dry,Driver,Pedestrian Collisions,40 to 44,2006,16,43.665145,-79.41129,3,4,1,0,1,0,0,0,0,0,0
Other,Major Arterial,Intersection,Toronto and East York,No Control,Daylight,Dry,Pedestrian,Pedestrian Collisions,20 to 24,2006,16,43.665145,-79.41129,3,4,1,0,1,0,0,0,0,0,0
"Automobile, Station Wagon",Minor Arterial,Intersection,North York,Stop Sign,Dark,Dry,Driver,Angle,25 to 29,2006,4,43.774945,-79.40429,3,5,0,0,1,0,0,1,0,1,0
Other,Minor Arterial,Intersection,North York,Stop Sign,Dark,Dry,Passenger,Angle,15 to 19,2006,4,43.774945,-79.40429,3,5,0,0,1,0,0,1,0,1,0
Other,Minor Arterial,Intersection,North York,Stop Sign,Dark,Dry,Passenger,Angle,20 to 24,2006,4,43.774945,-79.40429,3,5,0,0,1,0,0,1,0,1,0
Other,Minor Arterial,Intersection,North York,Stop Sign,Dark,Dry,Passenger,Angle,15 to 19,2006,4,43.774945,-79.40429,3,5,0,0,1,0,0,1,0,1,0
Other,Minor Arterial,Intersection,North York,Stop Sign,Dark,Dry,Vehicle Owner,Angle,unknown,2006,4,43.774945,-79.40429,3,5,0,0,1,0,0,1,0,1,0
"Automobile, Station Wagon",Minor Arterial,Intersection,North York,Stop Sign,Dark,Dry,Driver,Angle,15 to 19,2006,4,43.774945,-79.40429,3,5,0,0,1,0,0,1,0,1,0
"Automobile, Station Wagon",Major Arterial,Mid-Block,North York,No Control,Dark,Dry,Driver,Approaching,25 to 29,2006,21,43.783345,-79.48669,3,5,0,0,1,0,0,0,1,1,0
"Automobile, Station Wagon",Major Arterial,Mid-Block,North York,No Control,Dark,Dry,Driver,Approaching,20 to 24,2006,21,43.783345,-79.48669,3,5,0,0,1,0,0,0,1,1,0
Other,Major Arterial,Intersection,Toronto and East York,No Control,Dark,Dry,Passenger,SMV Other,25 to 29,2006,2,43.674445,-79.45869,3,6,0,0,1,0,0,1,1,1,0
"Automobile, Station Wagon",Major Arterial,Intersection,Toronto and East York,No Control,Dark,Dry,Driver,SMV Other,25 to 29,2006,2,43.674445,-79.45869,3,6,0,0,1,0,0,1,1,1,0
Other,Major Arterial,Intersection,Toronto and East York,No Control,Dark,Dry,Other Property Owner,SMV Other,unknown,2006,2,43.674445,-79.45869,3,6,0,0,1,0,0,1,1,1,0
"Automobile, Station Wagon",Major Arterial,Intersection,Scarborough,Traffic Signal,Daylight,Dry,Driver,Angle,25 to 29,2006,18,43.819645,-79.32439,3,6,0,0,1,0,0,1,0,1,0
"Automobile, Station Wagon",Major Arterial,Intersection,Scarborough,Traffic Signal,Daylight,Dry,Driver,Angle,40 to 44,2006,18,43.819645,-79.32439,3,6,0,0,1,0,0,1,0,1,0
Other,Major Arterial,Intersection,Scarborough,Traffic Signal,Daylight,Dry,Passenger,Angle,80 to 84,2006,18,43.819645,-79.32439,3,6,0,0,1,0,0,1,0,1,0
Other,Major Arterial,Intersection,Scarborough,Traffic Signal,Daylight,Dry,Passenger,Angle,50 to 54,2006,18,43.819645,-79.32439,3,6,0,0,1,0,0,1,0,1,0
"Automobile, Station Wagon",Major Arterial,Intersection,Scarborough,Traffic Signal,Daylight,Dry,Driver,Angle,50 to 54,2006,18,43.819645,-79.32439,3,6,0,0,1,0,0,1,0,1,0
"Automobile, Station Wagon",Major Arterial,Intersection,Scarborough,Traffic Signal,Daylight,Dry,Driver,Angle,20 to 24,2006,18,43.819645,-79.32439,3,6,0,0,1,0,0,1,0,1,0
"Automobile, Station Wagon",Minor Arterial,Mid-Block,Scarborough,Traffic Signal,Daylight,Dry,Driver,Pedestrian Collisions,20 to 24,2006,8,43.783845,-79.23179,3,0,1,0,1,0,0,0,0,0,0
Other,Minor Arterial,Mid-Block,Scarborough,Traffic Signal,Daylight,Dry,Pedestrian,Pedestrian Collisions,60 to 64,2006,8,43.783845,-79.23179,3,0,1,0,1,0,0,0,0,0,0
Other,Major Arterial,Intersection,Etobicoke York,Traffic Signal,Dark,Dry,Passenger,Rear End,20 to 24,2006,21,43.704945,-79.49409,3,0,0,0,1,0,0,1,0,1,0
"Automobile, Station Wagon",Major Arterial,Intersection,Etobicoke York,Traffic Signal,Dark,Dry,Driver,Rear End,25 to 29,2006,21,43.704945,-79.49409,3,0,0,0,1,0,0,1,0,1,0
"Automobile, Station Wagon",Major Arterial,Intersection,Etobicoke York,Traffic Signal,Dark,Dry,Driver,Rear End,30 to 34,2006,21,43.704945,-79.49409,3,0,0,0,1,0,0,1,0,1,0
"Automobile, Station Wagon",Major Arterial,Mid-Block,Etobicoke York,No Control,Daylight,Dry,Driver,SMV Unattended Vehicle,50 to 54,2006,15,43.710645,-79.47849,3,2,0,0,1,0,0,0,0,0,0
"Automobile, Station Wagon",Major Arterial,Mid-Block,Etobicoke York,No Control,Daylight,Dry,Driver,SMV Unattended Vehicle,70 to 74,2006,15,43.710645,-79.47849,3,2,0,0,1,0,0,0,0,0,0
Other,Major Arterial,Mid-Block,Etobicoke York,No Control,Daylight,Dry,Other,SMV Unattended Vehicle,unknown,2006,15,43.710645,-79.47849,3,2,0,0,1,0,0,0,0,0,0
Other,Major Arterial,Mid-Block,Etobicoke York,No Control,Daylight,Wet,Vehicle Owner,Turning Movement,unknown,2006,12,43.682545,-79.47799,3,5,0,0,1,0,0,1,0,0,0
Other,Major Arterial,Mid-Block,Etobicoke York,No Control,Daylight,Wet,Passenger,Turning Movement,40 to 44,2006,12,43.682545,-79.47799,3,5,0,0,1,0,0,1,0,0,0
"Automobile, Station Wagon",Major Arterial,Mid-Block,Etobicoke York,No Control,Daylight,Wet,Driver,Turning Movement,45 to 49,2006,12,43.682545,-79.47799,3,5,0,0,1,0,0,1,0,0,0
Other,Major Arterial,Mid-Block,Etobicoke York,No Control,Daylight,Wet,Vehicle Owner,Turning Movement,unknown,2006,12,43.682545,-79.47799,3,5,0,0,1,0,0,1,0,0,0
"Automobile, Station Wagon",Major Arterial,Mid-Block,Etobicoke York,No Control,Daylight,Wet,Driver,Turning Movement,15 to 19,2006,12,43.682545,-79.47799,3,5,0,0,1,0,0,1,0,0,0
"Automobile, Station Wagon",Minor Arterial,Mid-Block,Toronto and East York,No Control,Dark,Wet,Driver,Pedestrian Collisions,unknown,2006,19,43.662845,-79.34979,3,5,1,0,1,0,0,0,0,1,0
Other,Minor Arterial,Mid-Block,Toronto and East York,No Control,Dark,Wet,Pedestrian,Pedestrian Collisions,25 to 29,2006,19,43.662845,-79.34979,3,5,1,0,1,0,0,0,0,1,0
"Automobile, Station Wagon",Minor Arterial,Intersection,Toronto and East York,No Control,Daylight,Dry,Driver,SMV Other,35 to 39,2006,16,43.677745,-79.45579,3,6,0,0,1,0,0,0,0,0,0
Other,Minor Arterial,Intersection,Toronto and East York,No Control,Daylight,Dry,Other Property Owner,SMV Other,unknown,2006,16,43.677745,-79.45579,3,6,0,0,1,0,0,0,0,0,0
Other,Minor Arterial,Intersection,Toronto and East York,No Control,Daylight,Dry,Other Property Owner,SMV Other,unknown,2006,16,43.677745,-79.45579,3,6,0,0,1,0,0,0,0,0,0
"Automobile, Station Wagon",Major Arterial,Mid-Block,Toronto and East York,No Control,Daylight,Dry,Driver,Pedestrian Collisions,45 to 49,2006,17,43.663745,-79.41769,3,4,1,0,1,0,0,0,0,0,0
Other,Major Arterial,Mid-Block,Toronto and East York,No Control,Daylight,Dry,Pedestrian,Pedestrian Collisions,70 to 74,2006,17,43.663745,-79.41769,3,4,1,0,1,0,0,0,0,0,0
Other,Major Arterial,Intersection,Etobicoke York,Traffic Signal,Dark,Dry,Vehicle Owner,Sideswipe,unknown,2006,22,43.684445,-79.49879,4,5,0,0,1,0,0,1,1,1,0
Other,Major Arterial,Intersection,Etobicoke York,Traffic Signal,Dark,Dry,Passenger,Sideswipe,30 to 34,2006,22,43.684445,-79.49879,4,5,0,0,1,0,0,1,1,1,0
"Automobile, Station Wagon",Major Arterial,Intersection,Etobicoke York,Traffic Signal,Dark,Dry,Driver,Sideswipe,30 to 34,2006,22,43.684445,-79.49879,4,5,0,0,1,0,0,1,1,1,0
Other,Major Arterial,Intersection,Etobicoke York,Traffic Signal,Dark,Dry,Vehicle Owner,Sideswipe,unknown,2006,22,43.684445,-79.49879,4,5,0,0,1,0,0,1,1,1,0
"Automobile, Station Wagon",Major Arterial,Intersection,Etobicoke York,Traffic Signal,Dark,Dry,Driver,Sideswipe,30 to 34,2006,22,43.684445,-79.49879,4,5,0,0,1,0,0,1,1,1,0
"Automobile, Station Wagon",Major Arterial,Mid-Block,Toronto and East York,No Control,Dark,Dry,Driver,Rear End,50 to 54,2006,24,43.638745,-79.39129,4,5,0,0,1,0,0,1,0,1,0
Other,Major Arterial,Mid-Block,Toronto and East York,No Control,Dark,Dry,Passenger,Rear End,25 to 29,2006,24,43.638745,-79.39129,4,5,0,0,1,0,0,1,0,1,0
Other,Major Arterial,Mid-Block,Toronto and East York,No Control,Dark,Dry,Passenger,Rear End,25 to 29,2006,24,43.638745,-79.39129,4,5,0,0,1,0,0,1,0,1,0
"Automobile, Station Wagon",Major Arterial,Mid-Block,Toronto and East York,No Control,Dark,Dry,Driver,Rear End,20 to 24,2006,24,43.638745,-79.39129,4,5,0,0,1,0,0,1,0,1,0
"Automobile, Station Wagon",Major Arterial,Mid-Block,Toronto and East York,No Control,Dark,Dry,Driver,Rear End,25 to 29,2006,24,43.638745,-79.39129,4,5,0,0,1,0,0,1,0,1,0
"Automobile, Station Wagon",Major Arterial,Mid-Block,Toronto and East York,No Control,Dark,Dry,Driver,Rear End,30 to 34,2006,24,43.638745,-79.39129,4,5,0,0,1,0,0,1,0,1,0
"Automobile, Station Wagon",Major Arterial,Mid-Block,North York,No Control,Daylight,Dry,Driver,SMV Other,55 to 59,2006,17,43.713045,-79.33579,4,6,0,0,1,0,0,0,0,0,0
Other,Major Arterial,Mid-Block,North York,No Control,Daylight,Dry,Other Property Owner,SMV Other,unknown,2006,17,43.713045,-79.33579,4,6,0,0,1,0,0,0,0,0,0
"Automobile, Station Wagon",Major Arterial,Intersection,Toronto and East York,Traffic Signal,Daylight,Wet,Driver,Pedestrian Collisions,50 to 54,2006,16,43.656345,-79.45249,4,0,1,0,1,0,0,0,0,0,0
Other,Major Arterial,Intersection,Toronto and East York,Traffic Signal,Daylight,Wet,Pedestrian,Pedestrian Collisions,75 to 79,2006,16,43.656345,-79.45249,4,0,1,0,1,0,0,0,0,0,0