VEHTYPE,ROAD_CLASS,LOCCOORD,DISTRICT,TRAFFCTL,LIGHT,RDSFCOND,INVTYPE,IMPACTYPE,INVAGE,YEAR,TIME,LATITUDE,LONGITUDE,MONTH,DAY,PEDESTRIAN,CYCLIST,AUTOMOBILE,TRUCK,TRSN_CITY_VEH,PASSENGER,SPEEDING,AG_DRIV,ACCLASS
Motorcycle,Minor Arterial,Mid-Block,Toronto and East York,No Control,Dark,Dry,Motorcycle Driver,SMV Other,45 to 49,2007,3,43.664045,-79.41889,7,3,0,0,0,0,0,0,0,0,0
"Automobile, Station Wagon",Local,Mid-Block,North York,No Control,Daylight,Dry,Driver,Turning Movement,65 to 69,2007,11,43.778545,-79.33799,9,2,0,0,1,0,0,0,0,0,0
Other,Other,Mid-Block,Scarborough,No Control,Daylight,Dry,Vehicle Owner,Pedestrian Collisions,unknown,2007,10,43.706145,-79.23599,6,4,1,0,0,0,0,0,0,0,0
Municipal Transit Bus (TTC),Other,Mid-Block,Scarborough,No Control,Daylight,Dry,Driver,Pedestrian Collisions,50 to 54,2007,17,43.775345,-79.25299,8,0,1,0,0,0,1,0,0,0,0
Other,Minor Arterial,Mid-Block,Toronto and East York,No Control,Dark,Dry,Other Property Owner,SMV Other,unknown,2007,3,43.664045,-79.41889,7,3,0,0,0,0,0,0,0,0,0
"Automobile, Station Wagon",Major Arterial,Mid-Block,Etobicoke York,No Control,Dusk,Wet,Driver,Sideswipe,45 to 49,2007,21,43.680945,-79.53369,7,6,0,0,1,0,0,0,0,1,0
"Automobile, Station Wagon",Major Arterial,Intersection,North York,Traffic Signal,Daylight,Dry,Driver,Angle,70 to 74,2007,10,43.782545,-79.49009,10,0,0,0,1,0,0,0,0,1,0
Other,Other,Mid-Block,Scarborough,No Control,Daylight,Dry,Driver,Pedestrian Collisions,45 to 49,2007,10,43.706145,-79.23599,6,4,1,0,0,0,0,0,0,0,0
Other,Other,Mid-Block,Scarborough,No Control,Daylight,Dry,Pedestrian,Pedestrian Collisions,10 to 14,2007,17,43.775345,-79.25299,8,0,1,0,0,0,1,0,0,0,0
"Automobile, Station Wagon",Major Arterial,Intersection,Etobicoke York,Stop Sign,Daylight,Dry,Driver,Turning Movement,35 to 39,2007,8,43.703245,-79.54959,9,3,0,0,1,0,0,0,0,0,0
"Automobile, Station Wagon",Major Arterial,Mid-Block,Etobicoke York,No Control,Dusk,Wet,Driver,Sideswipe,55 to 59,2007,21,43.680945,-79.53369,7,6,0,0,1,0,0,0,0,1,0
"Automobile, Station Wagon",Major Arterial,Intersection,Toronto and East York,Traffic Signal,Dark,Dry,Driver,Cyclist Collisions,unknown,2007,24,43.678945,-79.34479,7,3,0,1,1,0,0,0,0,1,0
Other,Major Arterial,Mid-Block,Etobicoke York,No Control,Daylight,Dry,Passenger,Sideswipe,0 to 4,2007,16,43.668745,-79.48349,5,3,0,0,1,0,1,1,0,1,0
"Automobile, Station Wagon",Major Arterial,Mid-Block,Etobicoke York,No Control,Daylight,Packed Snow,Driver,Approaching,25 to 29,2007,12,43.737045,-79.59059,12,6,0,0,1,0,0,0,0,0,0
Motorcycle,Minor Arterial,Intersection,Scarborough,Stop Sign,Daylight,Dry,Motorcycle Driver,SMV Other,40 to 44,2007,12,43.783245,-79.17069,6,4,0,0,0,0,0,0,0,1,0
Bicycle,Major Arterial,Intersection,Toronto and East York,Traffic Signal,Dark,Dry,Cyclist,Cyclist Collisions,15 to 19,2007,24,43.678945,-79.34479,7,3,0,1,1,0,0,0,0,1,0
"Automobile, Station Wagon",Major Arterial,Intersection,Toronto and East York,Traffic Signal,Daylight,Dry,Driver,Rear End,90 to 94,2007,12,43.675345,-79.45479,8,2,0,0,1,0,0,0,0,1,0
"Automobile, Station Wagon",Major Arterial,Intersection,Etobicoke York,Stop Sign,Daylight,Dry,Driver,Turning Movement,40 to 44,2007,8,43.703245,-79.54959,9,3,0,0,1,0,0,0,0,0,0
"Automobile, Station Wagon",Major Arterial,Mid-Block,Etobicoke York,No Control,Daylight,Dry,Driver,Sideswipe,40 to 44,2007,16,43.668745,-79.48349,5,3,0,0,1,0,1,1,0,1,0
Other,Major Arterial,Intersection,Etobicoke York,Stop Sign,Dark,Packed Snow,Vehicle Owner,Turning Movement,unknown,2007,18,43.699745,-79.547989,12,6,0,0,1,0,0,0,0,0,0
Other,Major Arterial,Intersection,Etobicoke York,Stop Sign,Dark,Packed Snow,Driver,Turning Movement,25 to 29,2007,18,43.699745,-79.547989,12,6,0,0,1,0,0,0,0,0,0
"Automobile, Station Wagon",Major Arterial,Intersection,Etobicoke York,Stop Sign,Dark,Packed Snow,Driver,Turning Movement,30 to 34,2007,18,43.699745,-79.547989,12,6,0,0,1,0,0,0,0,0,0
Other,Major Arterial,Intersection,Etobicoke York,Traffic Signal,Daylight,Wet,Passenger,Angle,5 to 9,2007,13,43.692845,-79.57149,12,0,0,0,1,0,0,1,0,1,0
Other,Major Arterial,Intersection,Etobicoke York,Traffic Signal,Daylight,Wet,Passenger,Angle,5 to 9,2007,13,43.692845,-79.57149,12,0,0,0,1,0,0,1,0,1,0
"Automobile, Station Wagon",Major Arterial,Intersection,Etobicoke York,Traffic Signal,Daylight,Wet,Driver,Angle,35 to 39,2007,13,43.692845,-79.57149,12,0,0,0,1,0,0,1,0,1,0
"Automobile, Station Wagon",Major Arterial,Intersection,Etobicoke York,Traffic Signal,Daylight,Wet,Driver,Angle,45 to 49,2007,13,43.692845,-79.57149,12,0,0,0,1,0,0,1,0,1,0
"Automobile, Station Wagon",Major Arterial,Mid-Block,Toronto and East York,No Control,Dark,Dry,Driver,Pedestrian Collisions,40 to 44,2007,5,43.644545,-79.38219,12,3,1,0,1,0,0,0,0,0,0
Other,Major Arterial,Mid-Block,Toronto and East York,No Control,Dark,Dry,Pedestrian,Pedestrian Collisions,20 to 24,2007,5,43.644545,-79.38219,12,3,1,0,1,0,0,0,0,0,0
"Automobile, Station Wagon",Major Arterial,Intersection,Toronto and East York,Traffic Signal,Daylight,Wet,Driver,Approaching,45 to 49,2007,9,43.677545,-79.35199,12,3,0,0,1,0,0,0,0,0,0
"Automobile, Station Wagon",Major Arterial,Intersection,North York,Traffic Signal,Dark,Dry,Driver,Pedestrian Collisions,40 to 44,2007,18,43.702345,-79.45209,12,3,1,0,1,0,0,0,0,0,0
"Automobile, Station Wagon",Major Arterial,Intersection,Etobicoke York,Traffic Signal,Daylight,Dry,Driver,Approaching,60 to 64,2007,14,43.753245,-79.53629,10,0,0,0,1,0,0,0,0,0,0
"Automobile, Station Wagon",Major Arterial,Mid-Block,Etobicoke York,No Control,Dusk,Wet,Driver,Sideswipe,20 to 24,2007,21,43.680945,-79.53369,7,6,0,0,1,0,0,0,0,1,0
Other,Major Arterial,Intersection,North York,Traffic Signal,Dark,Dry,Pedestrian,Pedestrian Collisions,50 to 54,2007,18,43.702345,-79.45209,12,3,1,0,1,0,0,0,0,0,0
Other,Major Arterial,Mid-Block,North York,No Control,Dark,Dry,Passenger,Turning Movement,20 to 24,2007,5,43.732445,-79.45729,12,4,0,0,1,1,0,1,0,0,0
"Automobile, Station Wagon",Major Arterial,Mid-Block,North York,No Control,Dark,Dry,Driver,Turning Movement,20 to 24,2007,5,43.732445,-79.45729,12,4,0,0,1,1,0,1,0,0,0
Other,Major Arterial,Mid-Block,North York,No Control,Dark,Dry,Other,Turning Movement,unknown,2007,5,43.732445,-79.45729,12,4,0,0,1,1,0,1,0,0,0
Other,Major Arterial,Mid-Block,North York,No Control,Dark,Dry,Other Property Owner,Turning Movement,unknown,2007,5,43.732445,-79.45729,12,4,0,0,1,1,0,1,0,0,0
Other,Major Arterial,Mid-Block,North York,No Control,Dark,Dry,Vehicle Owner,Turning Movement,unknown,2007,5,43.732445,-79.45729,12,4,0,0,1,1,0,1,0,0,0
Truck - Open,Major Arterial,Mid-Block,North York,No Control,Dark,Dry,Truck Driver,Turning Movement,60 to 64,2007,5,43.732445,-79.45729,12,4,0,0,1,1,0,1,0,0,0
"Automobile, Station Wagon",Major Arterial,Mid-Block,Toronto and East York,No Control,Dark,Dry,Driver,Pedestrian Collisions,15 to 19,2007,19,43.662945,-79.37689,12,6,1,0,1,0,0,0,0,0,0
Other,Major Arterial,Mid-Block,Toronto and East York,No Control,Dark,Dry,Pedestrian,Pedestrian Collisions,35 to 39,2007,19,43.662945,-79.37689,12,6,1,0,1,0,0,0,0,0,0
"Automobile, Station Wagon",Major Arterial,Intersection,North York,Traffic Signal,Dark,Dry,Driver,Pedestrian Collisions,90 to 94,2007,22,43.789145,-79.37329,12,0,1,0,1,0,0,0,0,0,1
Other,Major Arterial,Intersection,North York,Traffic Signal,Dark,Dry,Pedestrian,Pedestrian Collisions,75 to 79,2007,22,43.789145,-79.37329,12,0,1,0,1,0,0,0,0,0,1
Other,Major Arterial,Intersection,North York,No Control,Dark,Dry,Vehicle Owner,Turning Movement,unknown,2007,0,43.728845,-79.30439,12,3,0,0,1,0,0,1,0,0,0
"Automobile, Station Wagon",Major Arterial,Intersection,North York,No Control,Dark,Dry,Driver,Turning Movement,25 to 29,2007,0,43.728845,-79.30439,12,3,0,0,1,0,0,1,0,0,0
Other,Major Arterial,Intersection,North York,No Control,Dark,Dry,Passenger,Turning Movement,20 to 24,2007,0,43.728845,-79.30439,12,3,0,0,1,0,0,1,0,0,0
"Automobile, Station Wagon",Major Arterial,Intersection,North York,No Control,Dark,Dry,Driver,Turning Movement,20 to 24,2007,0,43.728845,-79.30439,12,3,0,0,1,0,0,1,0,0,0
Other,Major Arterial,Intersection,Etobicoke York,Traffic Signal,Daylight,Dry,Other Property Owner,SMV Other,unknown,2007,15,43.675945,-79.47039,12,4,0,0,1,0,0,1,1,1,0
Other,Major Arterial,Intersection,Etobicoke York,Traffic Signal,Daylight,Dry,Passenger,SMV Other,35 to 39,2007,15,43.675945,-79.47039,12,4,0,0,1,0,0,1,1,1,0
"Automobile, Station Wagon",Major Arterial,Intersection,Etobicoke York,Traffic Signal,Daylight,Dry,Driver,SMV Other,25 to 29,2007,15,43.675945,-79.47039,12,4,0,0,1,0,0,1,1,1,0
"Automobile, Station Wagon",Local,Mid-Block,Scarborough,No Control,Daylight,Dry,Driver,Approaching,70 to 74,2007,13,43.775645,-79.30289,12,5,0,0,1,0,0,1,0,1,0
Other,Local,Mid-Block,Scarborough,No Control,Daylight,Dry,Passenger,Approaching,25 to 29,2007,13,43.775645,-79.30289,12,5,0,0,1,0,0,1,0,1,0
Other,Local,Mid-Block,Scarborough,No Control,Daylight,Dry,Passenger,Approaching,25 to 29,2007,13,43.775645,-79.30289,12,5,0,0,1,0,0,1,0,1,0
"Automobile, Station Wagon",Local,Mid-Block,Scarborough,No Control,Daylight,Dry,Driver,Approaching,30 to 34,2007,13,43.775645,-79.30289,12,5,0,0,1,0,0,1,0,1,0
"Automobile, Station Wagon",Major Arterial,Intersection,Etobicoke York,Traffic Signal,Dark,Loose Snow,Driver,Sideswipe,65 to 69,2007,7,43.773345,-79.53179,12,0,0,0,1,0,0,0,1,1,0
"Automobile, Station Wagon",Major Arterial,Intersection,Etobicoke York,Traffic Signal,Dark,Loose Snow,Driver,Sideswipe,45 to 49,2007,7,43.773345,-79.53179,12,0,0,0,1,0,0,0,1,1,0
"Automobile, Station Wagon",Major Arterial,Intersection,Etobicoke York,No Control,Daylight,Dry,Driver,Rear End,55 to 59,2007,15,43.734045,-79.56389,12,0,0,0,1,0,0,0,0,1,0
"Automobile, Station Wagon",Major Arterial,Intersection,Etobicoke York,No Control,Daylight,Dry,Driver,Rear End,35 to 39,2007,15,43.734045,-79.56389,12,0,0,0,1,0,0,0,0,1,0
"Automobile, Station Wagon",Major Arterial,Intersection,North York,Traffic Signal,Daylight,Loose Snow,Driver,Rear End,35 to 39,2008,16,43.711045,-79.37719,1,3,0,0,1,0,0,0,0,0,0
"Automobile, Station Wagon",Major Arterial,Intersection,North York,Traffic Signal,Daylight,Loose Snow,Driver,Rear End,60 to 64,2008,16,43.711045,-79.37719,1,3,0,0,1,0,0,0,0,0,0
"Automobile, Station Wagon",Major Arterial,Mid-Block,North York,No Control,Daylight,Dry,Driver,Approaching,55 to 59,2008,16,43.755045,-79.35029,1,4,0,0,1,0,0,0,0,0,0
"Automobile, Station Wagon",Major Arterial,Mid-Block,North York,No Control,Daylight,Dry,Driver,Approaching,15 to 19,2008,16,43.755045,-79.35029,1,4,0,0,1,0,0,0,0,0,0
"Automobile, Station Wagon",Major Arterial,Intersection,Scarborough,No Control,Dark,Wet,Driver,Pedestrian Collisions,45 to 49,2008,18,43.737645,-79.24369,1,5,1,0,1,0,0,0,0,0,1
Other,Major Arterial,Intersection,Scarborough,No Control,Dark,Wet,Pedestrian,Pedestrian Collisions,30 to 34,2008,18,43.737645,-79.24369,1,5,1,0,1,0,0,0,0,0,1
"Automobile, Station Wagon",Local,Mid-Block,Etobicoke York,No Control,Dark,Wet,Driver,Pedestrian Collisions,80 to 84,2008,20,43.684345,-79.56499,1,5,1,0,1,0,0,0,0,0,1
Other,Local,Mid-Block,Etobicoke York,No Control,Dark,Wet,Pedestrian,Pedestrian Collisions,75 to 79,2008,20,43.684345,-79.56499,1,5,1,0,1,0,0,0,0,0,1
"Automobile, Station Wagon",Major Arterial,Intersection,North York,Traffic Signal,Dark,Wet,Driver,Pedestrian Collisions,30 to 34,2008,17,43.737545,-79.42059,1,0,1,0,1,0,0,0,0,0,1
Other,Major Arterial,Intersection,North York,Traffic Signal,Dark,Wet,Pedestrian,Pedestrian Collisions,70 to 74,2008,17,43.737545,-79.42059,1,0,1,0,1,0,0,0,0,0,1
"Automobile, Station Wagon",Local,Intersection,Scarborough,Stop Sign,Dark,Wet,Driver,Pedestrian Collisions,65 to 69,2008,17,43.794945,-79.29049,1,0,1,0,1,0,0,0,0,1,0
Other,Local,Intersection,Scarborough,Stop Sign,Dark,Wet,Pedestrian,Pedestrian Collisions,10 to 14,2008,17,43.794945,-79.29049,1,0,1,0,1,0,0,0,0,1,0
"Automobile, Station Wagon",Collector,Intersection,North York,Traffic Signal,Dark,Wet,Driver,Pedestrian Collisions,25 to 29,2008,18,43.718345,-79.33139,1,0,1,0,1,0,0,0,0,1,0
Other,Collector,Intersection,North York,Traffic Signal,Dark,Wet,Pedestrian,Pedestrian Collisions,10 to 14,2008,18,43.718345,-79.33139,1,0,1,0,1,0,0,0,0,1,0
Other,Major Arterial,Intersection,Etobicoke York,No Control,Dark,Dry,Passenger,SMV Other,25 to 29,2008,6,43.714745,-79.58519,1,1,0,0,1,0,0,1,0,0,1
Other,Major Arterial,Intersection,Etobicoke York,No Control,Dark,Dry,Vehicle Owner,SMV Other,unknown,2008,6,43.714745,-79.58519,1,1,0,0,1,0,0,1,0,0,1
"Automobile, Station Wagon",Major Arterial,Intersection,Etobicoke York,No Control,Dark,Dry,Driver,SMV Other,25 to 29,2008,6,43.714745,-79.58519,1,1,0,0,1,0,0,1,0,0,1
Other,Minor Arterial,Intersection,Toronto and East York,Traffic Signal,Dark,Wet,Passenger,Angle,15 to 19,2008,3,43.687645,-79.42369,1,4,0,0,1,0,0,1,1,1,0
Other,Minor Arterial,Intersection,Toronto and East York,Traffic Signal,Dark,Wet,Passenger,Angle,20 to 24,2008,3,43.687645,-79.42369,1,4,0,0,1,0,0,1,1,1,0
"Automobile, Station Wagon",Minor Arterial,Intersection,Toronto and East York,Traffic Signal,Dark,Wet,Driver,Angle,20 to 24,2008,3,43.687645,-79.42369,1,4,0,0,1,0,0,1,1,1,0
Other,Minor Arterial,Intersection,Toronto and East York,Traffic Signal,Dark,Wet,Other Property Owner,Angle,unknown,2008,3,43.687645,-79.42369,1,4,0,0,1,0,0,1,1,1,0
Other,Minor Arterial,Intersection,Toronto and East York,Traffic Signal,Dark,Wet,Other Property Owner,Angle,unknown,2008,3,43.687645,-79.42369,1,4,0,0,1,0,0,1,1,1,0
"Automobile, Station Wagon",Minor Arterial,Intersection,Toronto and East York,Traffic Signal,Dark,Wet,Driver,Angle,unknown,2008,3,43.687645,-79.42369,1,4,0,0,1,0,0,1,1,1,0
"Automobile, Station Wagon",Local,Intersection,Etobicoke York,Stop Sign,Daylight,Wet,Driver,Pedestrian Collisions,65 to 69,2008,8,43.722345,-79.51489,1,4,1,0,1,0,0,0,0,1,0
Other,Local,Intersection,Etobicoke York,Stop Sign,Daylight,Wet,Pedestrian,Pedestrian Collisions,80 to 84,2008,8,43.722345,-79.51489,1,4,1,0,1,0,0,0,0,1,0
"Automobile, Station Wagon",Major Arterial,Intersection,North York,Traffic Signal,Daylight,Dry,Driver,Pedestrian Collisions,70 to 74,2008,10,43.793545,-79.33699,1,4,1,0,1,0,0,0,0,0,0
Other,Major Arterial,Intersection,North York,Traffic Signal,Daylight,Dry,Pedestrian,Pedestrian Collisions,40 to 44,2008,10,43.793545,-79.33699,1,4,1,0,1,0,0,0,0,0,0
Other,Collector,Intersection,Scarborough,Stop Sign,Dark,Dry,Vehicle Owner,Pedestrian Collisions,unknown,2008,19,43.796745,-79.23579,1,4,1,0,1,0,0,0,0,1,0
"Automobile, Station Wagon",Collector,Intersection,Scarborough,Stop Sign,Dark,Dry,Driver,Pedestrian Collisions,35 to 39,2008,19,43.796745,-79.23579,1,4,1,0,1,0,0,0,0,1,0
Other,Collector,Intersection,Scarborough,Stop Sign,Dark,Dry,Pedestrian,Pedestrian Collisions,60 to 64,2008,19,43.796745,-79.23579,1,4,1,0,1,0,0,0,0,1,0
Other,Local,Mid-Block,Scarborough,No Control,Dark,Wet,Passenger,SMV Other,20 to 24,2008,23,43.749845,-79.23979,1,0,0,0,1,0,0,1,0,0,0
Other,Local,Mid-Block,Scarborough,No Control,Dark,Wet,Passenger,SMV Other,20 to 24,2008,23,43.749845,-79.23979,1,0,0,0,1,0,0,1,0,0,0
Other,Local,Mid-Block,Scarborough,No Control,Dark,Wet,Vehicle Owner,SMV Other,unknown,2008,23,43.749845,-79.23979,1,0,0,0,1,0,0,1,0,0,0
"Automobile, Station Wagon",Local,Mid-Block,Scarborough,No Control,Dark,Wet,Driver,SMV Other,20 to 24,2008,23,43.749845,-79.23979,1,0,0,0,1,0,0,1,0,0,0
"Automobile, Station Wagon",Minor Arterial,Mid-Block,Etobicoke York,No Control,"Dusk, artificial",Slush,Driver,Pedestrian Collisions,40 to 44,2008,7,43.682045,-79.47199,1,1,1,0,1,0,0,0,0,0,0
Other,Minor Arterial,Mid-Block,Etobicoke York,No Control,"Dusk, artificial",Slush,Pedestrian,Pedestrian Collisions,85 to 89,2008,7,43.682045,-79.47199,1,1,1,0,1,0,0,0,0,0,0
"Automobile, Station Wagon",Major Arterial,Mid-Block,Etobicoke York,No Control,Daylight,Loose Snow,Driver,Pedestrian Collisions,unknown,2008,7,43.750545,-79.54969,1,1,1,0,1,0,0,0,0,1,0
Other,Major Arterial,Mid-Block,Etobicoke York,No Control,Daylight,Loose Snow,Pedestrian,Pedestrian Collisions,40 to 44,2008,7,43.750545,-79.54969,1,1,1,0,1,0,0,0,0,1,0
"Automobile, Station Wagon",Major Arterial,Intersection,Etobicoke York,Traffic Signal,Daylight,Dry,Driver,Approaching,75 to 79,2008,10,43.714745,-79.53669,1,2,0,0,1,0,0,0,0,0,0
"Automobile, Station Wagon",Major Arterial,Intersection,Etobicoke York,Traffic Signal,Daylight,Dry,Driver,Approaching,65 to 69,2008,10,43.714745,-79.53669,1,2,0,0,1,0,0,0,0,0,0
"Automobile, Station Wagon",Major Arterial,Intersection,Scarborough,Traffic Signal,Daylight,Dry,Driver,Turning Movement,45 to 49,2008,16,43.791045,-79.29169,1,2,0,0,1,0,0,0,0,1,0
"Automobile, Station Wagon",Major Arterial,Intersection,Scarborough,Traffic Signal,Daylight,Dry,Driver,Turning Movement,90 to 94,2008,16,43.791045,-79.29169,1,2,0,0,1,0,0,0,0,1,0
"Automobile, Station Wagon",Major Arterial,Mid-Block,North York,No Control,Dark,Wet,Driver,Pedestrian Collisions,30 to 34,2008,18,43.782845,-79.40149,1,3,1,0,1,0,0,0,0,0,0
"Automobile, Station Wagon",Major Arterial,Intersection,Toronto and East York,Traffic Signal,Daylight,Dry,Driver,Rear End,40 to 44,2007,12,43.675345,-79.45479,8,2,0,0,1,0,0,0,0,1,0
"Automobile, Station Wagon",Major Arterial,Intersection,Etobicoke York,Traffic Signal,Daylight,Dry,Driver,Approaching,45 to 49,2007,14,43.753245,-79.53629,10,0,0,0,1,0,0,0,0,0,0
"Automobile, Station Wagon",Major Arterial,Intersection,Toronto and East York,Traffic Signal,Dark,Wet,Driver,Pedestrian Collisions,25 to 29,2007,20,43.674745,-79.39289,11,0,1,0,1,0,0,0,0,1,0
Other,Major Arterial,Mid-Block,Etobicoke York,No Control,Daylight,Dry,Vehicle Owner,Sideswipe,unknown,2007,16,43.668745,-79.48349,5,3,0,0,1,0,1,1,0,1,0
Other,Major Arterial,Intersection,Etobicoke York,Traffic Signal,Daylight,Dry,Vehicle Owner,Angle,unknown,2007,9,43.681345,-79.55279,7,4,0,0,1,0,0,0,0,1,0
"Automobile, Station Wagon",Major Arterial,Intersection,North York,No Control,Daylight,Dry,Driver,Pedestrian Collisions,55 to 59,2007,15,43.714545,-79.39999,9,3,1,0,1,0,0,0,0,0,0
Other,Local,Mid-Block,Scarborough,No Control,Daylight,Dry,Vehicle Owner,SMV Other,unknown,2007,20,43.700345,-79.25329,8,3,0,0,0,0,0,0,0,0,0
Other,Minor Arterial,Intersection,Scarborough,Stop Sign,Daylight,Dry,Vehicle Owner,SMV Other,unknown,2007,12,43.783245,-79.17069,6,4,0,0,0,0,0,0,0,1,0
Other,Major Arterial,Intersection,North York,No Control,Daylight,Dry,Pedestrian,Pedestrian Collisions,80 to 84,2007,15,43.714545,-79.39999,9,3,1,0,1,0,0,0,0,0,0
Municipal Transit Bus (TTC),Major Arterial,Mid-Block,Etobicoke York,No Control,Daylight,Dry,Driver,Sideswipe,50 to 54,2007,16,43.668745,-79.48349,5,3,0,0,1,0,1,1,0,1,0
Other,Major Arterial,Intersection,North York,Traffic Signal,Dark,Wet,Vehicle Owner,Pedestrian Collisions,unknown,2007,7,43.758245,-79.41009,10,1,1,0,1,0,0,0,0,1,0
"Automobile, Station Wagon",Major Arterial,Intersection,Etobicoke York,Traffic Signal,Daylight,Dry,Driver,Angle,25 to 29,2007,9,43.681345,-79.55279,7,4,0,0,1,0,0,0,0,1,0
Other,Major Arterial,Intersection,Toronto and East York,Traffic Signal,Dark,Wet,Pedestrian,Pedestrian Collisions,unknown,2007,20,43.674745,-79.39289,11,0,1,0,1,0,0,0,0,1,0
Other,Minor Arterial,Intersection,Scarborough,Stop Sign,Daylight,Dry,Driver,SMV Other,40 to 44,2007,12,43.783245,-79.17069,6,4,0,0,0,0,0,0,0,1,0
Other,Major Arterial,Mid-Block,North York,No Control,Dark,Dry,Passenger,SMV Other,20 to 24,2007,5,43.782545,-79.40279,9,4,0,0,1,0,0,1,0,1,0
Other,Major Arterial,Intersection,Etobicoke York,Traffic Signal,Dark,Dry,Vehicle Owner,Angle,unknown,2007,22,43.741945,-79.59419,7,1,0,0,1,0,0,1,1,1,0
"Automobile, Station Wagon",Major Arterial,Intersection,North York,Traffic Signal,Dark,Wet,Driver,Pedestrian Collisions,20 to 24,2007,7,43.758245,-79.41009,10,1,1,0,1,0,0,0,0,1,0
"Automobile, Station Wagon",Major Arterial,Mid-Block,Toronto and East York,No Control,Daylight,Dry,Driver,Turning Movement,60 to 64,2007,16,43.667745,-79.43879,5,6,0,0,1,0,0,0,0,0,0
Other,Major Arterial,Intersection,Scarborough,Traffic Signal,Daylight,Dry,Pedestrian,Pedestrian Collisions,70 to 74,2007,20,43.778745,-79.30789,6,4,1,0,1,0,0,1,0,0,0
Other,Major Arterial,Intersection,Etobicoke York,Traffic Signal,Daylight,Dry,Vehicle Owner,Angle,unknown,2007,9,43.681345,-79.55279,7,4,0,0,1,0,0,0,0,1,0
Other,Major Arterial,Mid-Block,Toronto and East York,No Control,Daylight,Wet,Vehicle Owner,Cyclist Collisions,unknown,2007,11,43.643845,-79.40329,11,2,0,1,1,0,0,0,0,0,0
Other,Major Arterial,Intersection,North York,Traffic Signal,Dark,Wet,Pedestrian,Pedestrian Collisions,25 to 29,2007,7,43.758245,-79.41009,10,1,1,0,1,0,0,0,0,1,0
Other,Major Arterial,Intersection,Etobicoke York,Traffic Signal,Dark,Dry,Passenger,Angle,25 to 29,2007,22,43.741945,-79.59419,7,1,0,0,1,0,0,1,1,1,0
Other,Local,Mid-Block,Scarborough,No Control,Daylight,Dry,Driver,SMV Other,55 to 59,2007,20,43.700345,-79.25329,8,3,0,0,0,0,0,0,0,0,0
"Automobile, Station Wagon",Major Arterial,Mid-Block,Toronto and East York,No Control,Daylight,Wet,Driver,Cyclist Collisions,45 to 49,2007,11,43.643845,-79.40329,11,2,0,1,1,0,0,0,0,0,0
Other,Major Arterial,Mid-Block,Toronto and East York,No Control,Daylight,Dry,Vehicle Owner,Pedestrian Collisions,unknown,2007,9,43.658445,-79.37029,10,2,1,0,0,1,0,0,0,0,0
"Automobile, Station Wagon",Major Arterial,Mid-Block,North York,No Control,Dark,Dry,Driver,SMV Other,15 to 19,2007,5,43.782545,-79.40279,9,4,0,0,1,0,0,1,0,1,0
Bicycle,Major Arterial,Mid-Block,Toronto and East York,No Control,Daylight,Wet,Cyclist,Cyclist Collisions,30 to 34,2007,11,43.643845,-79.40329,11,2,0,1,1,0,0,0,0,0,0
Truck - Open,Major Arterial,Mid-Block,Toronto and East York,No Control,Daylight,Dry,Truck Driver,Pedestrian Collisions,60 to 64,2007,9,43.658445,-79.37029,10,2,1,0,0,1,0,0,0,0,0
Other,Local,Intersection,North York,Stop Sign,Daylight,Dry,Vehicle Owner,Cyclist Collisions,unknown,2007,18,43.759545,-79.31809,8,4,0,1,1,0,0,0,0,0,0
Other,Major Arterial,Intersection,Scarborough,Traffic Signal,Daylight,Dry,Passenger,Pedestrian Collisions,0 to 4,2007,20,43.778745,-79.30789,6,4,1,0,1,0,0,1,0,0,0
Other,Major Arterial,Intersection,Etobicoke York,Traffic Signal,Dark,Dry,Passenger,Angle,20 to 24,2007,22,43.741945,-79.59419,7,1,0,0,1,0,0,1,1,1,0
"Automobile, Station Wagon",Major Arterial,Intersection,Etobicoke York,Traffic Signal,Daylight,Dry,Driver,Angle,45 to 49,2007,9,43.681345,-79.55279,7,4,0,0,1,0,0,0,0,1,0
Other,Major Arterial,Intersection,Scarborough,Traffic Signal,Daylight,Dry,Passenger,Pedestrian Collisions,5 to 9,2007,20,43.778745,-79.30789,6,4,1,0,1,0,0,1,0,0,0
"Automobile, Station Wagon",Local,Intersection,North York,Stop Sign,Daylight,Dry,Driver,Cyclist Collisions,20 to 24,2007,18,43.759545,-79.31809,8,4,0,1,1,0,0,0,0,0,0
"Automobile, Station Wagon",Minor Arterial,Mid-Block,Toronto and East York,No Control,Dark,Wet,Driver,Pedestrian Collisions,50 to 54,2007,19,43.673745,-79.31969,11,2,1,0,1,0,0,0,0,0,0
Other,Major Arterial,Mid-Block,Toronto and East York,No Control,Daylight,Dry,Vehicle Owner,Turning Movement,unknown,2007,16,43.667745,-79.43879,5,6,0,0,1,0,0,0,0,0,0
"Automobile, Station Wagon",Major Arterial,Mid-Block,Toronto and East York,No Control,Daylight,Dry,Driver,Turning Movement,20 to 24,2007,16,43.667745,-79.43879,5,6,0,0,1,0,0,0,0,0,0
Other,Major Arterial,Mid-Block,Toronto and East York,No Control,Daylight,Dry,Pedestrian,Pedestrian Collisions,30 to 34,2007,9,43.658445,-79.37029,10,2,1,0,0,1,0,0,0,0,0
Other,Major Arterial,Mid-Block,Scarborough,No Control,Daylight,Dry,Vehicle Owner,Pedestrian Collisions,unknown,2007,13,43.807745,-79.26789,9,4,1,0,1,0,0,0,0,0,0
Other,Minor Arterial,Mid-Block,Toronto and East York,No Control,Dark,Wet,Pedestrian,Pedestrian Collisions,45 to 49,2007,19,43.673745,-79.31969,11,2,1,0,1,0,0,0,0,0,0
Other,Major Arterial,Intersection,Etobicoke York,Traffic Signal,Daylight,Dry,Vehicle Owner,Cyclist Collisions,unknown,2007,17,43.709745,-79.47459,7,4,0,1,1,0,0,0,0,1,0