VEHTYPE,ROAD_CLASS,LOCCOORD,DISTRICT,TRAFFCTL,LIGHT,RDSFCOND,INVTYPE,IMPACTYPE,INVAGE,YEAR,TIME,LATITUDE,LONGITUDE,MONTH,DAY,PEDESTRIAN,CYCLIST,AUTOMOBILE,TRUCK,TRSN_CITY_VEH,PASSENGER,SPEEDING,AG_DRIV,ACCLASS
Municipal Transit Bus (TTC),Major Arterial,Intersection,Toronto and East York,Traffic Signal,Daylight,Dry,Driver,Other,60 to 64,2008,6,43.655745,-79.38379,6,2,0,0,0,0,1,1,0,0,0
Other,Major Arterial,Intersection,Etobicoke York,Traffic Signal,Dusk,Dry,Vehicle Owner,Pedestrian Collisions,unknown,2008,20,43.594345,-79.53399,6,2,1,0,1,0,0,0,0,1,1
"Automobile, Station Wagon",Major Arterial,Intersection,Etobicoke York,Traffic Signal,Dusk,Dry,Driver,Pedestrian Collisions,55 to 59,2008,20,43.594345,-79.53399,6,2,1,0,1,0,0,0,0,1,1
Other,Major Arterial,Intersection,Etobicoke York,Traffic Signal,Dusk,Dry,Pedestrian,Pedestrian Collisions,60 to 64,2008,20,43.594345,-79.53399,6,2,1,0,1,0,0,0,0,1,1
"Automobile, Station Wagon",Major Arterial,Intersection,Toronto and East York,Traffic Signal,Daylight,Dry,Driver,Cyclist Collisions,30 to 34,2008,9,43.643945,-79.40269,6,3,0,1,1,0,0,0,0,0,0
Bicycle,Major Arterial,Intersection,Toronto and East York,Traffic Signal,Daylight,Dry,Cyclist,Cyclist Collisions,40 to 44,2008,9,43.643945,-79.40269,6,3,0,1,1,0,0,0,0,0,0
"Automobile, Station Wagon",Major Arterial,Intersection,Toronto and East York,Police Control,Daylight,Dry,Driver,Pedestrian Collisions,60 to 64,2008,9,43.685345,-79.40789,6,3,1,0,1,0,0,0,0,1,0
Other,Major Arterial,Intersection,Toronto and East York,Police Control,Daylight,Dry,Pedestrian,Pedestrian Collisions,35 to 39,2008,9,43.685345,-79.40789,6,3,1,0,1,0,0,0,0,1,0
"Automobile, Station Wagon",Major Arterial,Intersection,Toronto and East York,Traffic Signal,Daylight,Dry,Driver,Cyclist Collisions,35 to 39,2008,10,43.668745,-79.39409,6,3,0,1,1,0,0,0,0,0,0
Bicycle,Major Arterial,Intersection,Toronto and East York,Traffic Signal,Daylight,Dry,Cyclist,Cyclist Collisions,20 to 24,2008,10,43.668745,-79.39409,6,3,0,1,1,0,0,0,0,0,0
Motorcycle,Local,Mid-Block,Etobicoke York,No Control,Dark,Dry,Motorcycle Driver,Other,25 to 29,2008,23,43.676645,-79.50229,6,3,0,0,0,0,0,0,0,0,0
Other,Major Arterial,Intersection,Etobicoke York,Traffic Signal,Daylight,Dry,Passenger,Angle,75 to 79,2008,13,43.601645,-79.54519,6,4,0,0,1,0,0,1,0,1,0
"Automobile, Station Wagon",Major Arterial,Intersection,Etobicoke York,Traffic Signal,Daylight,Dry,Driver,Angle,50 to 54,2008,13,43.601645,-79.54519,6,4,0,0,1,0,0,1,0,1,0
Other,Major Arterial,Intersection,Etobicoke York,Traffic Signal,Daylight,Dry,Passenger,Angle,85 to 89,2008,13,43.601645,-79.54519,6,4,0,0,1,0,0,1,0,1,0
"Automobile, Station Wagon",Major Arterial,Intersection,Etobicoke York,Traffic Signal,Daylight,Dry,Driver,Angle,50 to 54,2008,13,43.601645,-79.54519,6,4,0,0,1,0,0,1,0,1,0
Other,Major Arterial,Intersection,Etobicoke York,Traffic Signal,Daylight,Dry,Passenger,Angle,35 to 39,2008,13,43.601645,-79.54519,6,4,0,0,1,0,0,1,0,1,0
"Automobile, Station Wagon",Major Arterial,Intersection,Etobicoke York,Traffic Signal,Daylight,Dry,Driver,Angle,40 to 44,2008,13,43.601645,-79.54519,6,4,0,0,1,0,0,1,0,1,0
Other,Major Arterial,Intersection,Toronto and East York,No Control,Daylight,Dry,Vehicle Owner,Cyclist Collisions,unknown,2008,14,43.655145,-79.41899,6,4,0,1,1,0,0,0,0,0,0
Taxi,Major Arterial,Intersection,Toronto and East York,No Control,Daylight,Dry,Driver,Cyclist Collisions,60 to 64,2008,14,43.655145,-79.41899,6,4,0,1,1,0,0,0,0,0,0
Bicycle,Major Arterial,Intersection,Toronto and East York,No Control,Daylight,Dry,Cyclist,Cyclist Collisions,50 to 54,2008,14,43.655145,-79.41899,6,4,0,1,1,0,0,0,0,0,0
"Automobile, Station Wagon",Major Arterial,Mid-Block,North York,No Control,Dark,Wet,Driver,Pedestrian Collisions,25 to 29,2008,23,43.769145,-79.34659,6,4,1,0,1,0,0,0,0,0,0
Other,Major Arterial,Mid-Block,North York,No Control,Dark,Wet,Pedestrian,Pedestrian Collisions,25 to 29,2008,23,43.769145,-79.34659,6,4,1,0,1,0,0,0,0,0,0
"Automobile, Station Wagon",Collector,Intersection,Scarborough,Stop Sign,Dark,Wet,Driver,Angle,20 to 24,2009,22,43.808345,-79.20649,1,4,0,0,1,0,0,0,0,1,0
"Automobile, Station Wagon",Collector,Intersection,Scarborough,Stop Sign,Dark,Wet,Driver,Angle,20 to 24,2009,22,43.808345,-79.20649,1,4,0,0,1,0,0,0,0,1,0
"Automobile, Station Wagon",Major Arterial,Intersection,Etobicoke York,Traffic Controller,Dark,Wet,Driver,Rear End,25 to 29,2009,4,43.709245,-79.50559,1,5,0,0,1,0,0,0,0,1,0
"Automobile, Station Wagon",Major Arterial,Intersection,Etobicoke York,Traffic Controller,Dark,Wet,Driver,Rear End,20 to 24,2009,4,43.709245,-79.50559,1,5,0,0,1,0,0,0,0,1,0
"Automobile, Station Wagon",Major Arterial,Mid-Block,Toronto and East York,No Control,"Dark, artificial",Other,Vehicle Owner,SMV Other,unknown,2009,20,43.651351,-79.386829,1,5,0,0,1,0,0,0,0,0,0
"Automobile, Station Wagon",Major Arterial,Mid-Block,Toronto and East York,No Control,"Dark, artificial",Other,Driver,SMV Other,40 to 44,2009,20,43.651351,-79.386829,1,5,0,0,1,0,0,0,0,0,0
"Automobile, Station Wagon",Major Arterial,Mid-Block,Toronto and East York,No Control,"Dark, artificial",Other,Other Property Owner,SMV Other,unknown,2009,20,43.651351,-79.386829,1,5,0,0,1,0,0,0,0,0,0
Other,Major Arterial,Mid-Block,Etobicoke York,No Control,Daylight,Dry,Vehicle Owner,Turning Movement,unknown,2009,9,43.695345,-79.59939,1,0,0,0,1,0,0,0,0,1,0
"Automobile, Station Wagon",Major Arterial,Mid-Block,Etobicoke York,No Control,Daylight,Dry,Driver,Turning Movement,45 to 49,2009,9,43.695345,-79.59939,1,0,0,0,1,0,0,0,0,1,0
"Automobile, Station Wagon",Major Arterial,Mid-Block,Etobicoke York,No Control,Daylight,Dry,Driver,Turning Movement,55 to 59,2009,9,43.695345,-79.59939,1,0,0,0,1,0,0,0,0,1,0
"Automobile, Station Wagon",Major Arterial,Intersection,North York,Traffic Signal,Daylight,Dry,Driver,Pedestrian Collisions,70 to 74,2009,13,43.771945,-79.32149,1,0,1,0,1,0,0,0,0,0,0
Other,Major Arterial,Intersection,North York,Traffic Signal,Daylight,Dry,Other Property Owner,Pedestrian Collisions,unknown,2009,13,43.771945,-79.32149,1,0,1,0,1,0,0,0,0,0,0
Other,Major Arterial,Intersection,North York,Traffic Signal,Daylight,Dry,Other Property Owner,Pedestrian Collisions,unknown,2009,13,43.771945,-79.32149,1,0,1,0,1,0,0,0,0,0,0
Other,Major Arterial,Intersection,North York,Traffic Signal,Daylight,Dry,Other Property Owner,Pedestrian Collisions,unknown,2009,13,43.771945,-79.32149,1,0,1,0,1,0,0,0,0,0,0
Other,Major Arterial,Intersection,North York,Traffic Signal,Daylight,Dry,Pedestrian,Pedestrian Collisions,40 to 44,2009,13,43.771945,-79.32149,1,0,1,0,1,0,0,0,0,0,0
Other,Major Arterial,Intersection,North York,Traffic Signal,Daylight,Dry,Pedestrian,Pedestrian Collisions,25 to 29,2009,13,43.771945,-79.32149,1,0,1,0,1,0,0,0,0,0,0
"Automobile, Station Wagon",Minor Arterial,Mid-Block,Scarborough,No Control,Daylight,Wet,Passenger,Angle,45 to 49,2009,7,43.806645,-79.25519,1,1,0,0,1,0,0,1,0,0,0
"Automobile, Station Wagon",Minor Arterial,Mid-Block,Scarborough,No Control,Daylight,Wet,Driver,Angle,60 to 64,2009,7,43.806645,-79.25519,1,1,0,0,1,0,0,1,0,0,0
"Automobile, Station Wagon",Minor Arterial,Mid-Block,Scarborough,No Control,Daylight,Wet,Driver,Angle,35 to 39,2009,7,43.806645,-79.25519,1,1,0,0,1,0,0,1,0,0,0
"Automobile, Station Wagon",Major Arterial,Intersection,North York,Traffic Signal,Daylight,Dry,Driver,Pedestrian Collisions,50 to 54,2009,14,43.767745,-79.38309,1,1,1,0,1,0,0,0,0,1,1
Other,Major Arterial,Intersection,North York,Traffic Signal,Daylight,Dry,Pedestrian,Pedestrian Collisions,65 to 69,2009,14,43.767745,-79.38309,1,1,1,0,1,0,0,0,0,1,1
Other,Major Arterial,Mid-Block,North York,No Control,Daylight,Slush,Vehicle Owner,Pedestrian Collisions,unknown,2009,17,43.693445,-79.46029,1,2,1,0,0,0,1,0,0,0,0
Municipal Transit Bus (TTC),Major Arterial,Mid-Block,North York,No Control,Daylight,Slush,Driver,Pedestrian Collisions,50 to 54,2009,17,43.693445,-79.46029,1,2,1,0,0,0,1,0,0,0,0
Other,Major Arterial,Mid-Block,North York,No Control,Daylight,Slush,Pedestrian,Pedestrian Collisions,55 to 59,2009,17,43.693445,-79.46029,1,2,1,0,0,0,1,0,0,0,0
Other,Major Arterial,Intersection,Toronto and East York,Traffic Signal,Daylight,Slush,Passenger,Rear End,unknown,2009,14,43.656445,-79.40769,1,3,0,0,1,0,0,1,0,1,0
"Automobile, Station Wagon",Major Arterial,Intersection,Toronto and East York,Traffic Signal,Daylight,Slush,Driver,Rear End,45 to 49,2009,14,43.656445,-79.40769,1,3,0,0,1,0,0,1,0,1,0
"Automobile, Station Wagon",Major Arterial,Intersection,Toronto and East York,Traffic Signal,Daylight,Slush,Driver,Rear End,25 to 29,2009,14,43.656445,-79.40769,1,3,0,0,1,0,0,1,0,1,0
Other,Major Arterial,Intersection,North York,Stop Sign,Daylight,Slush,Vehicle Owner,Pedestrian Collisions,unknown,2009,15,43.796614,-79.426364,1,3,1,0,1,0,0,0,0,0,0
"Automobile, Station Wagon",Major Arterial,Intersection,North York,Stop Sign,Daylight,Slush,Driver,Pedestrian Collisions,20 to 24,2009,15,43.796614,-79.426364,1,3,1,0,1,0,0,0,0,0,0
Other,Major Arterial,Intersection,North York,Stop Sign,Daylight,Slush,Pedestrian,Pedestrian Collisions,70 to 74,2009,15,43.796614,-79.426364,1,3,1,0,1,0,0,0,0,0,0
Other,Major Arterial,Intersection,North York,Stop Sign,Daylight,Slush,Pedestrian,Pedestrian Collisions,70 to 74,2009,15,43.796614,-79.426364,1,3,1,0,1,0,0,0,0,0,0
"Automobile, Station Wagon",Minor Arterial,Intersection,Toronto and East York,Traffic Signal,Daylight,Wet,Driver,Pedestrian Collisions,65 to 69,2009,17,43.668145,-79.34039,1,4,1,0,1,0,0,0,0,1,0
Other,Minor Arterial,Intersection,Toronto and East York,Traffic Signal,Daylight,Wet,Pedestrian,Pedestrian Collisions,50 to 54,2009,17,43.668145,-79.34039,1,4,1,0,1,0,0,0,0,1,0
Other,Major Arterial,Intersection,Etobicoke York,No Control,Dark,Dry,Vehicle Owner,Sideswipe,unknown,2009,19,43.683745,-79.47229,1,5,0,0,1,0,0,0,0,0,0
"Automobile, Station Wagon",Major Arterial,Intersection,Etobicoke York,No Control,Dark,Dry,Driver,Sideswipe,25 to 29,2009,19,43.683745,-79.47229,1,5,0,0,1,0,0,0,0,0,0
"Automobile, Station Wagon",Major Arterial,Intersection,Etobicoke York,No Control,Dark,Dry,Driver,Sideswipe,65 to 69,2009,19,43.683745,-79.47229,1,5,0,0,1,0,0,0,0,0,0
"Automobile, Station Wagon",Minor Arterial,Intersection,Scarborough,Stop Sign,Daylight,Dry,Driver,Turning Movement,45 to 49,2009,9,43.797445,-79.20479,1,0,0,0,1,0,0,1,0,0,0
Other,Minor Arterial,Intersection,Scarborough,Stop Sign,Daylight,Dry,Passenger,Turning Movement,unknown,2009,9,43.797445,-79.20479,1,0,0,0,1,0,0,1,0,0,0
"Automobile, Station Wagon",Minor Arterial,Intersection,Scarborough,Stop Sign,Daylight,Dry,Driver,Turning Movement,15 to 19,2009,9,43.797445,-79.20479,1,0,0,0,1,0,0,1,0,0,0
"Automobile, Station Wagon",Major Arterial,Intersection,North York,Traffic Signal,Daylight,Dry,Driver,Pedestrian Collisions,50 to 54,2009,11,43.726045,-79.31349,1,0,1,0,1,0,0,0,0,1,0
Other,Major Arterial,Intersection,North York,Traffic Signal,Daylight,Dry,Pedestrian,Pedestrian Collisions,40 to 44,2009,11,43.726045,-79.31349,1,0,1,0,1,0,0,0,0,1,0
"Automobile, Station Wagon",Major Arterial,Mid-Block,Scarborough,No Control,Daylight,Loose Snow,Driver,Pedestrian Collisions,80 to 84,2009,10,43.762645,-79.21169,1,1,1,0,1,0,0,0,0,0,0
Other,Major Arterial,Mid-Block,Scarborough,No Control,Daylight,Loose Snow,Pedestrian,Pedestrian Collisions,10 to 14,2009,10,43.762645,-79.21169,1,1,1,0,1,0,0,0,0,0,0
"Automobile, Station Wagon",Major Arterial,Intersection,Scarborough,Traffic Signal,Daylight,Dry,Driver,SMV Other,80 to 84,2009,11,43.820745,-79.29489,1,2,0,0,1,0,0,0,0,0,0
"Automobile, Station Wagon",Major Arterial,Intersection,Etobicoke York,Traffic Signal,Daylight,Dry,Driver,Pedestrian Collisions,40 to 44,2009,13,43.683145,-79.54049,1,2,1,0,1,0,0,0,0,1,0
Other,Major Arterial,Intersection,Etobicoke York,Traffic Signal,Daylight,Dry,Pedestrian,Pedestrian Collisions,15 to 19,2009,13,43.683145,-79.54049,1,2,1,0,1,0,0,0,0,1,0
Other,Minor Arterial,Intersection,Scarborough,Traffic Signal,Daylight,Wet,Vehicle Owner,Pedestrian Collisions,unknown,2009,14,43.814245,-79.23709,1,2,1,0,1,0,0,0,0,1,0
"Automobile, Station Wagon",Minor Arterial,Intersection,Scarborough,Traffic Signal,Daylight,Wet,Driver,Pedestrian Collisions,35 to 39,2009,14,43.814245,-79.23709,1,2,1,0,1,0,0,0,0,1,0
Other,Minor Arterial,Intersection,Scarborough,Traffic Signal,Daylight,Wet,Pedestrian,Pedestrian Collisions,60 to 64,2009,14,43.814245,-79.23709,1,2,1,0,1,0,0,0,0,1,0
Other,Major Arterial,Intersection,North York,Traffic Signal,Daylight,Slush,Vehicle Owner,Angle,unknown,2009,15,43.703845,-79.45249,1,6,0,0,1,0,1,0,0,1,0
Municipal Transit Bus (TTC),Major Arterial,Intersection,North York,Traffic Signal,Daylight,Slush,Driver,Angle,45 to 49,2009,15,43.703845,-79.45249,1,6,0,0,1,0,1,0,0,1,0
"Automobile, Station Wagon",Major Arterial,Intersection,North York,Traffic Signal,Daylight,Slush,Driver,Angle,45 to 49,2009,15,43.703845,-79.45249,1,6,0,0,1,0,1,0,0,1,0
Other,Major Arterial,Intersection,North York,Traffic Signal,Dark,Ice,Passenger,Turning Movement,65 to 69,2009,18,43.712545,-79.36969,1,0,0,0,1,0,0,1,0,0,0
"Automobile, Station Wagon",Major Arterial,Intersection,North York,Traffic Signal,Dark,Ice,Driver,Turning Movement,55 to 59,2009,18,43.712545,-79.36969,1,0,0,0,1,0,0,1,0,0,0
"Automobile, Station Wagon",Major Arterial,Intersection,North York,Traffic Signal,Dark,Ice,Driver,Turning Movement,35 to 39,2009,18,43.712545,-79.36969,1,0,0,0,1,0,0,1,0,0,0
Other,Major Arterial,Intersection,Toronto and East York,Traffic Signal,Daylight,Wet,Passenger,Sideswipe,30 to 34,2009,13,43.646245,-79.36609,1,1,0,0,1,1,0,1,0,0,0
Other,Major Arterial,Intersection,Toronto and East York,Traffic Signal,Daylight,Wet,Vehicle Owner,Sideswipe,unknown,2009,13,43.646245,-79.36609,1,1,0,0,1,1,0,1,0,0,0
Truck - Open,Major Arterial,Intersection,Toronto and East York,Traffic Signal,Daylight,Wet,Truck Driver,Sideswipe,50 to 54,2009,13,43.646245,-79.36609,1,1,0,0,1,1,0,1,0,0,0
"Automobile, Station Wagon",Major Arterial,Intersection,Toronto and East York,Traffic Signal,Daylight,Wet,Driver,Sideswipe,25 to 29,2009,13,43.646245,-79.36609,1,1,0,0,1,1,0,1,0,0,0
Other,Major Arterial,Intersection,Toronto and East York,No Control,Dusk,Loose Snow,Passenger,Approaching,50 to 54,2009,16,43.695323,-79.351032,1,2,0,0,1,0,0,1,0,0,0
Taxi,Major Arterial,Intersection,Toronto and East York,No Control,Dusk,Loose Snow,Driver,Approaching,65 to 69,2009,16,43.695323,-79.351032,1,2,0,0,1,0,0,1,0,0,0
"Automobile, Station Wagon",Major Arterial,Intersection,Toronto and East York,No Control,Dusk,Loose Snow,Driver,Approaching,70 to 74,2009,16,43.695323,-79.351032,1,2,0,0,1,0,0,1,0,0,0
"Automobile, Station Wagon",Major Arterial,Intersection,Toronto and East York,Traffic Signal,Dark,Dry,Driver,Turning Movement,55 to 59,2009,0,43.654945,-79.33739,1,0,0,0,1,0,0,0,0,1,0
"Automobile, Station Wagon",Major Arterial,Intersection,Toronto and East York,Traffic Signal,Dark,Dry,Driver,Turning Movement,20 to 24,2009,0,43.654945,-79.33739,1,0,0,0,1,0,0,0,0,1,0
Other,Major Arterial,Intersection,Toronto and East York,No Control,Daylight,Packed Snow,Vehicle Owner,Rear End,unknown,2009,14,43.659045,-79.38209,1,2,0,0,1,0,0,0,0,0,0
Other,Major Arterial,Intersection,Toronto and East York,No Control,Daylight,Packed Snow,Vehicle Owner,Rear End,unknown,2009,14,43.659045,-79.38209,1,2,0,0,1,0,0,0,0,0,0
"Automobile, Station Wagon",Major Arterial,Intersection,Toronto and East York,No Control,Daylight,Packed Snow,Driver,Rear End,45 to 49,2009,14,43.659045,-79.38209,1,2,0,0,1,0,0,0,0,0,0
"Automobile, Station Wagon",Major Arterial,Intersection,Toronto and East York,No Control,Daylight,Packed Snow,Driver,Rear End,20 to 24,2009,14,43.659045,-79.38209,1,2,0,0,1,0,0,0,0,0,0
"Automobile, Station Wagon",Major Arterial,Intersection,Etobicoke York,No Control,Dark,Loose Snow,Passenger,SMV Other,unknown,2009,21,43.611845,-79.54379,1,2,0,0,1,0,0,1,0,0,0
"Automobile, Station Wagon",Major Arterial,Intersection,Etobicoke York,No Control,Dark,Loose Snow,Driver,SMV Other,75 to 79,2009,21,43.611845,-79.54379,1,2,0,0,1,0,0,1,0,0,0
"Automobile, Station Wagon",Major Arterial,Intersection,Etobicoke York,Traffic Signal,Dusk,Dry,Driver,Rear End,40 to 44,2009,17,43.688345,-79.48289,1,5,0,0,1,0,0,0,0,1,0
Other,Major Arterial,Intersection,Etobicoke York,Traffic Signal,Dusk,Dry,Vehicle Owner,Rear End,unknown,2009,17,43.688345,-79.48289,1,5,0,0,1,0,0,0,0,1,0
"Automobile, Station Wagon",Major Arterial,Intersection,Etobicoke York,Traffic Signal,Dusk,Dry,Driver,Rear End,35 to 39,2009,17,43.688345,-79.48289,1,5,0,0,1,0,0,0,0,1,0
"Automobile, Station Wagon",Minor Arterial,Intersection,Toronto and East York,Traffic Signal,Daylight,Dry,Driver,Pedestrian Collisions,50 to 54,2009,9,43.667545,-79.32659,2,0,1,0,1,0,0,0,0,1,0
Other,Minor Arterial,Intersection,Toronto and East York,Traffic Signal,Daylight,Dry,Pedestrian,Pedestrian Collisions,35 to 39,2009,9,43.667545,-79.32659,2,0,1,0,1,0,0,0,0,1,0
Other,Major Arterial,Mid-Block,North York,No Control,Daylight,Dry,Vehicle Owner,Turning Movement,unknown,2009,14,43.747545,-79.48709,2,0,0,0,1,0,0,1,0,0,0
"Automobile, Station Wagon",Major Arterial,Mid-Block,North York,No Control,Daylight,Dry,Driver,Turning Movement,20 to 24,2009,14,43.747545,-79.48709,2,0,0,0,1,0,0,1,0,0,0
Other,Major Arterial,Mid-Block,North York,No Control,Daylight,Dry,Passenger,Turning Movement,unknown,2009,14,43.747545,-79.48709,2,0,0,0,1,0,0,1,0,0,0
"Automobile, Station Wagon",Major Arterial,Mid-Block,North York,No Control,Daylight,Dry,Driver,Turning Movement,20 to 24,2009,14,43.747545,-79.48709,2,0,0,0,1,0,0,1,0,0,0
Other,Major Arterial,Mid-Block,North York,No Control,Daylight,Dry,Passenger,Turning Movement,0 to 4,2009,14,43.747545,-79.48709,2,0,0,0,1,0,0,1,0,0,0
Other,Major Arterial,Mid-Block,North York,No Control,Daylight,Dry,Passenger,Turning Movement,unknown,2009,14,43.747545,-79.48709,2,0,0,0,1,0,0,1,0,0,0
Other,Major Arterial,Mid-Block,North York,No Control,Daylight,Dry,Passenger,Turning Movement,45 to 49,2009,14,43.747545,-79.48709,2,0,0,0,1,0,0,1,0,0,0
"Automobile, Station Wagon",Major Arterial,Mid-Block,North York,No Control,Daylight,Dry,Driver,Turning Movement,30 to 34,2009,14,43.747545,-79.48709,2,0,0,0,1,0,0,1,0,0,0
"Automobile, Station Wagon",Major Arterial,Intersection,Scarborough,Traffic Signal,Daylight,Dry,Driver,Pedestrian Collisions,50 to 54,2009,14,43.706345,-79.25129,2,0,1,0,1,0,0,0,0,1,0
Other,Major Arterial,Intersection,Scarborough,Traffic Signal,Daylight,Dry,Pedestrian,Pedestrian Collisions,80 to 84,2009,14,43.706345,-79.25129,2,0,1,0,1,0,0,0,0,1,0
Other,Major Arterial,Intersection,Etobicoke York,Traffic Signal,Daylight,Dry,Vehicle Owner,Pedestrian Collisions,unknown,2009,16,43.752045,-79.54239,2,0,1,0,0,1,0,0,0,1,1
Truck - Open,Major Arterial,Intersection,Etobicoke York,Traffic Signal,Daylight,Dry,Truck Driver,Pedestrian Collisions,55 to 59,2009,16,43.752045,-79.54239,2,0,1,0,0,1,0,0,0,1,1
Other,Major Arterial,Intersection,Etobicoke York,Traffic Signal,Daylight,Dry,Pedestrian,Pedestrian Collisions,90 to 94,2009,16,43.752045,-79.54239,2,0,1,0,0,1,0,0,0,1,1
Other,Major Arterial,Intersection,North York,Traffic Signal,Daylight,Dry,Vehicle Owner,Pedestrian Collisions,unknown,2009,9,43.749745,-79.37879,2,3,1,0,1,0,0,0,0,0,0
"Automobile, Station Wagon",Major Arterial,Intersection,North York,Traffic Signal,Daylight,Dry,Driver,Pedestrian Collisions,35 to 39,2009,9,43.749745,-79.37879,2,3,1,0,1,0,0,0,0,0,0
"Automobile, Station Wagon",Major Arterial,Intersection,Scarborough,Traffic Signal,Daylight,Dry,Driver,Pedestrian Collisions,50 to 54,2008,7,43.748845,-79.25339,10,0,1,0,1,0,0,0,0,1,0
Other,Major Arterial,Intersection,North York,Traffic Signal,Daylight,Dry,Pedestrian,Pedestrian Collisions,20 to 24,2009,9,43.749745,-79.37879,2,3,1,0,1,0,0,0,0,0,0
"Automobile, Station Wagon",Major Arterial,Mid-Block,Toronto and East York,No Control,Dark,Dry,Driver,Cyclist Collisions,50 to 54,2009,19,43.665545,-79.48289,2,6,0,1,1,0,0,0,0,0,0
Bicycle,Major Arterial,Mid-Block,Toronto and East York,No Control,Dark,Dry,Cyclist,Cyclist Collisions,45 to 49,2009,19,43.665545,-79.48289,2,6,0,1,1,0,0,0,0,0,0
"Automobile, Station Wagon",Major Arterial,Mid-Block,Toronto and East York,No Control,Dark,Dry,Driver,Pedestrian Collisions,35 to 39,2009,0,43.679945,-79.34529,2,0,1,0,1,0,0,0,0,0,0
Other,Major Arterial,Mid-Block,Toronto and East York,No Control,Dark,Dry,Pedestrian,Pedestrian Collisions,70 to 74,2009,0,43.679945,-79.34529,2,0,1,0,1,0,0,0,0,0,0
Other,Minor Arterial,Intersection,Scarborough,No Control,Dark,Wet,Driver,SMV Other,unknown,2009,0,43.827345,-79.26519,2,3,0,0,0,0,0,0,0,0,0
Other,Major Arterial,Mid-Block,Scarborough,No Control,Dark,Dry,Vehicle Owner,Turning Movement,unknown,2009,0,43.791045,-79.25189,7,3,0,0,1,0,0,0,1,1,0
Municipal Transit Bus (TTC),Collector,Intersection,North York,No Control,Daylight,Dry,Driver,Pedestrian Collisions,45 to 49,2009,8,43.760645,-79.35849,3,2,1,0,0,0,1,0,0,1,0
Other,Major Arterial,Mid-Block,Toronto and East York,No Control,Daylight,Dry,Vehicle Owner,Turning Movement,unknown,2009,18,43.670545,-79.42659,6,5,0,0,1,0,0,0,0,0,0
Other,Minor Arterial,Intersection,Scarborough,No Control,Dark,Wet,Other Property Owner,SMV Other,unknown,2009,0,43.827345,-79.26519,2,3,0,0,0,0,0,0,0,0,0
"Automobile, Station Wagon",Minor Arterial,Intersection,Toronto and East York,No Control,Daylight,Dry,Driver,Approaching,35 to 39,2009,15,43.647745,-79.43069,2,3,0,0,1,0,1,0,0,0,0
"Automobile, Station Wagon",Major Arterial,Intersection,Scarborough,Traffic Signal,Dark,Dry,Driver,Angle,40 to 44,2009,23,43.808345,-79.17079,8,1,0,0,1,0,0,1,0,1,0
"Automobile, Station Wagon",Major Arterial,Intersection,Etobicoke York,Traffic Signal,Daylight,Dry,Driver,Rear End,50 to 54,2009,19,43.676145,-79.49569,5,4,0,0,1,0,0,1,0,1,0
Other,Minor Arterial,Intersection,Toronto and East York,No Control,Daylight,Dry,Vehicle Owner,Approaching,unknown,2009,15,43.647745,-79.43069,2,3,0,0,1,0,1,0,0,0,0
Municipal Transit Bus (TTC),Minor Arterial,Intersection,Toronto and East York,No Control,Daylight,Dry,Driver,Approaching,45 to 49,2009,15,43.647745,-79.43069,2,3,0,0,1,0,1,0,0,0,0
"Automobile, Station Wagon",Major Arterial,Mid-Block,Toronto and East York,No Control,Daylight,Dry,Driver,Turning Movement,15 to 19,2009,18,43.670545,-79.42659,6,5,0,0,1,0,0,0,0,0,0
"Automobile, Station Wagon",Minor Arterial,Mid-Block,Toronto and East York,No Control,Dark,Dry,Driver,Cyclist Collisions,35 to 39,2009,22,43.659045,-79.48429,5,4,0,1,1,0,0,0,0,1,0
Other,Major Arterial,Intersection,Toronto and East York,No Control,Dark,Dry,Pedestrian,Pedestrian Collisions,40 to 44,2009,21,43.656345,-79.45249,3,2,1,0,0,0,1,0,0,0,0
Other,Collector,Mid-Block,Scarborough,No Control,Dark,Dry,Passenger,SMV Other,20 to 24,2009,1,43.768945,-79.23769,2,4,0,0,1,0,0,1,0,0,1
Other,Minor Arterial,Intersection,Toronto and East York,Traffic Signal,Daylight,Wet,Pedestrian,Pedestrian Collisions,85 to 89,2009,13,43.646327,-79.449046,4,0,1,0,0,0,1,0,0,1,1
Other,Major Arterial,Intersection,Scarborough,Traffic Signal,Daylight,Dry,Pedestrian,Pedestrian Collisions,50 to 54,2008,7,43.748845,-79.25339,10,0,1,0,1,0,0,0,0,1,0
Bicycle,Minor Arterial,Mid-Block,Toronto and East York,No Control,Dark,Dry,Cyclist,Cyclist Collisions,15 to 19,2009,22,43.659045,-79.48429,5,4,0,1,1,0,0,0,0,1,0
Other,Major Arterial,Mid-Block,Etobicoke York,No Control,Dark,Dry,Passenger,SMV Other,30 to 34,2009,22,43.630445,-79.48349,6,6,0,0,1,0,0,1,0,0,0
"Automobile, Station Wagon",Major Arterial,Mid-Block,Scarborough,No Control,Daylight,Ice,Driver,Approaching,60 to 64,2008,9,43.782245,-79.20619,10,2,0,0,1,0,0,0,0,0,0
"Automobile, Station Wagon",Collector,Mid-Block,Scarborough,No Control,Dark,Dry,Driver,SMV Other,20 to 24,2009,1,43.768945,-79.23769,2,4,0,0,1,0,0,1,0,0,1
Other,Major Arterial,Intersection,Scarborough,Traffic Signal,Daylight,Dry,Passenger,Angle,80 to 84,2009,14,43.770045,-79.26129,5,6,0,0,1,0,0,1,0,1,0