VEHTYPE,ROAD_CLASS,LOCCOORD,DISTRICT,TRAFFCTL,LIGHT,RDSFCOND,INVTYPE,IMPACTYPE,INVAGE,YEAR,TIME,LATITUDE,LONGITUDE,MONTH,DAY,PEDESTRIAN,CYCLIST,AUTOMOBILE,TRUCK,TRSN_CITY_VEH,PASSENGER,SPEEDING,AG_DRIV,ACCLASS
Other,Major Arterial,Intersection,Toronto and East York,No Control,Dark,Wet,Pedestrian,Pedestrian Collisions,60 to 64,2010,3,43.654745,-79.38829,1,4,1,0,1,0,0,0,0,0,0
"Automobile, Station Wagon",Major Arterial,Mid-Block,Etobicoke York,No Control,Dark,Dry,Driver,Pedestrian Collisions,50 to 54,2010,18,43.756945,-79.51989,1,4,1,0,1,0,0,0,0,0,1
Other,Major Arterial,Mid-Block,Etobicoke York,No Control,Dark,Dry,Pedestrian,Pedestrian Collisions,85 to 89,2010,18,43.756945,-79.51989,1,4,1,0,1,0,0,0,0,0,1
Other,Major Arterial,Intersection,Toronto and East York,Traffic Signal,Daylight,Dry,Vehicle Owner,Pedestrian Collisions,unknown,2010,10,43.689345,-79.29679,1,5,1,0,1,0,0,0,0,1,0
"Automobile, Station Wagon",Major Arterial,Intersection,Toronto and East York,Traffic Signal,Daylight,Dry,Driver,Pedestrian Collisions,55 to 59,2010,10,43.689345,-79.29679,1,5,1,0,1,0,0,0,0,1,0
Other,Major Arterial,Intersection,Toronto and East York,Traffic Signal,Daylight,Dry,Pedestrian,Pedestrian Collisions,80 to 84,2010,10,43.689345,-79.29679,1,5,1,0,1,0,0,0,0,1,0
"Automobile, Station Wagon",Minor Arterial,Intersection,North York,Pedestrian Crossover,Daylight,Other,Driver,Pedestrian Collisions,65 to 69,2010,11,43.707145,-79.44309,1,5,1,0,1,0,0,0,0,1,0
Other,Minor Arterial,Intersection,North York,Pedestrian Crossover,Daylight,Other,Pedestrian,Pedestrian Collisions,90 to 94,2010,11,43.707145,-79.44309,1,5,1,0,1,0,0,0,0,1,0
Other,Major Arterial,Intersection,Toronto and East York,Traffic Signal,"Dark, artificial",Wet,Passenger,Sideswipe,20 to 24,2010,23,43.669963,-79.379894,1,5,0,0,1,0,0,1,1,1,0
Other,Major Arterial,Intersection,Toronto and East York,Traffic Signal,"Dark, artificial",Wet,Passenger,Sideswipe,20 to 24,2010,23,43.669963,-79.379894,1,5,0,0,1,0,0,1,1,1,0
Other,Major Arterial,Intersection,Toronto and East York,Traffic Signal,"Dark, artificial",Wet,Passenger,Sideswipe,20 to 24,2010,23,43.669963,-79.379894,1,5,0,0,1,0,0,1,1,1,0
Other,Major Arterial,Intersection,Toronto and East York,Traffic Signal,"Dark, artificial",Wet,Passenger,Sideswipe,20 to 24,2010,23,43.669963,-79.379894,1,5,0,0,1,0,0,1,1,1,0
"Automobile, Station Wagon",Major Arterial,Intersection,Toronto and East York,Traffic Signal,"Dark, artificial",Wet,Driver,Sideswipe,20 to 24,2010,23,43.669963,-79.379894,1,5,0,0,1,0,0,1,1,1,0
Other,Major Arterial,Intersection,Toronto and East York,Traffic Signal,"Dark, artificial",Wet,Passenger,Sideswipe,25 to 29,2010,23,43.669963,-79.379894,1,5,0,0,1,0,0,1,1,1,0
"Automobile, Station Wagon",Major Arterial,Intersection,Toronto and East York,Traffic Signal,"Dark, artificial",Wet,Driver,Sideswipe,45 to 49,2010,23,43.669963,-79.379894,1,5,0,0,1,0,0,1,1,1,0
"Automobile, Station Wagon",Major Arterial,Intersection,Toronto and East York,Traffic Signal,Dark,Dry,Driver,Approaching,35 to 39,2010,3,43.652745,-79.36319,1,6,0,0,1,0,0,0,1,1,1
Other,Major Arterial,Intersection,Toronto and East York,Traffic Signal,Dark,Dry,Vehicle Owner,Approaching,unknown,2010,3,43.652745,-79.36319,1,6,0,0,1,0,0,0,1,1,1
"Automobile, Station Wagon",Major Arterial,Intersection,Toronto and East York,Traffic Signal,Dark,Dry,Driver,Approaching,35 to 39,2010,3,43.652745,-79.36319,1,6,0,0,1,0,0,0,1,1,1
Truck - Open,Collector,Intersection,North York,Stop Sign,Daylight,Dry,Truck Driver,Pedestrian Collisions,35 to 39,2010,10,43.750445,-79.49419,1,6,1,0,0,1,0,0,0,1,0
Other,Collector,Intersection,North York,Stop Sign,Daylight,Dry,Pedestrian,Pedestrian Collisions,65 to 69,2010,10,43.750445,-79.49419,1,6,1,0,0,1,0,0,0,1,0
Other,Major Arterial,Intersection,Scarborough,Traffic Signal,Daylight,Dry,Passenger,Pedestrian Collisions,20 to 24,2010,12,43.743945,-79.21559,1,1,1,0,1,0,0,1,0,1,0
"Automobile, Station Wagon",Major Arterial,Intersection,Scarborough,Traffic Signal,Daylight,Dry,Driver,Pedestrian Collisions,50 to 54,2010,12,43.743945,-79.21559,1,1,1,0,1,0,0,1,0,1,0
"Automobile, Station Wagon",Major Arterial,Intersection,Scarborough,Traffic Signal,Daylight,Dry,Driver,Pedestrian Collisions,50 to 54,2010,12,43.743945,-79.21559,1,1,1,0,1,0,0,1,0,1,0
Other,Major Arterial,Intersection,Scarborough,Traffic Signal,Daylight,Dry,Other Property Owner,Pedestrian Collisions,unknown,2010,12,43.743945,-79.21559,1,1,1,0,1,0,0,1,0,1,0
Other,Major Arterial,Intersection,Scarborough,Traffic Signal,Daylight,Dry,Pedestrian,Pedestrian Collisions,60 to 64,2010,12,43.743945,-79.21559,1,1,1,0,1,0,0,1,0,1,0
Other,Major Arterial,Intersection,Etobicoke York,Traffic Signal,Daylight,Dry,Passenger,Pedestrian Collisions,85 to 89,2010,13,43.674445,-79.56319,1,1,1,0,1,0,0,1,0,1,1
"Automobile, Station Wagon",Major Arterial,Intersection,Etobicoke York,Traffic Signal,Daylight,Dry,Driver,Pedestrian Collisions,80 to 84,2010,13,43.674445,-79.56319,1,1,1,0,1,0,0,1,0,1,1
Other,Major Arterial,Intersection,Etobicoke York,Traffic Signal,Daylight,Dry,Pedestrian,Pedestrian Collisions,0 to 4,2010,13,43.674445,-79.56319,1,1,1,0,1,0,0,1,0,1,1
Other,Major Arterial,Intersection,Etobicoke York,Traffic Signal,Daylight,Dry,Pedestrian,Pedestrian Collisions,30 to 34,2010,13,43.674445,-79.56319,1,1,1,0,1,0,0,1,0,1,1
Other,Minor Arterial,Intersection,Toronto and East York,Traffic Signal,Daylight,Dry,Vehicle Owner,Pedestrian Collisions,unknown,2010,13,43.653845,-79.45179,1,1,1,0,1,0,0,0,0,0,1
"Automobile, Station Wagon",Minor Arterial,Intersection,Toronto and East York,Traffic Signal,Daylight,Dry,Driver,Pedestrian Collisions,20 to 24,2010,13,43.653845,-79.45179,1,1,1,0,1,0,0,0,0,0,1
Other,Minor Arterial,Intersection,Toronto and East York,Traffic Signal,Daylight,Dry,Pedestrian,Pedestrian Collisions,40 to 44,2010,13,43.653845,-79.45179,1,1,1,0,1,0,0,0,0,0,1
Other,Minor Arterial,Intersection,Toronto and East York,Traffic Signal,Daylight,Dry,Pedestrian,Pedestrian Collisions,80 to 84,2010,13,43.653845,-79.45179,1,1,1,0,1,0,0,0,0,0,1
Other,Major Arterial,Intersection,Etobicoke York,Traffic Signal,Daylight,Dry,Vehicle Owner,Pedestrian Collisions,unknown,2010,14,43.699545,-79.50289,1,1,1,0,1,0,0,0,0,1,0
"Automobile, Station Wagon",Major Arterial,Intersection,Etobicoke York,Traffic Signal,Daylight,Dry,Driver,Pedestrian Collisions,45 to 49,2010,14,43.699545,-79.50289,1,1,1,0,1,0,0,0,0,1,0
Other,Major Arterial,Intersection,Etobicoke York,Traffic Signal,Daylight,Dry,Pedestrian,Pedestrian Collisions,50 to 54,2010,14,43.699545,-79.50289,1,1,1,0,1,0,0,0,0,1,0
Other,Minor Arterial,Intersection,Toronto and East York,Traffic Signal,Daylight,Dry,Vehicle Owner,Angle,unknown,2010,12,43.653945,-79.35849,1,2,0,0,1,0,0,1,0,1,0
"Automobile, Station Wagon",Minor Arterial,Intersection,Toronto and East York,Traffic Signal,Daylight,Dry,Driver,Angle,55 to 59,2010,12,43.653945,-79.35849,1,2,0,0,1,0,0,1,0,1,0
"Automobile, Station Wagon",Minor Arterial,Intersection,Toronto and East York,Traffic Signal,Daylight,Dry,Driver,Angle,20 to 24,2010,12,43.653945,-79.35849,1,2,0,0,1,0,0,1,0,1,0
Other,Major Arterial,Intersection,Toronto and East York,Traffic Signal,Dark,Dry,Pedestrian,Pedestrian Collisions,25 to 29,2009,2,43.673145,-79.41439,10,5,1,0,1,0,0,0,0,0,0
"Automobile, Station Wagon",Major Arterial,Intersection,Toronto and East York,No Control,Daylight,Dry,Driver,Turning Movement,20 to 24,2010,17,43.648445,-79.39759,6,3,0,0,1,0,0,0,0,0,0
Other,Major Arterial,Intersection,Etobicoke York,Traffic Signal,Dark,Dry,Passenger,Turning Movement,60 to 64,2009,24,43.759245,-79.50789,10,5,0,0,1,0,0,1,1,1,1
"Automobile, Station Wagon",Major Arterial,Intersection,Etobicoke York,No Control,Dark,Dry,Driver,Pedestrian Collisions,55 to 59,2010,2,43.682845,-79.47869,6,4,1,0,1,0,0,0,0,1,0
Other,Major Arterial,Intersection,Etobicoke York,Traffic Signal,Dark,Dry,Passenger,Turning Movement,35 to 39,2009,24,43.759245,-79.50789,10,5,0,0,1,0,0,1,1,1,1
Other,Major Arterial,Intersection,Etobicoke York,No Control,Dark,Dry,Pedestrian,Pedestrian Collisions,20 to 24,2010,2,43.682845,-79.47869,6,4,1,0,1,0,0,0,0,1,0
Other,Major Arterial,Intersection,Etobicoke York,Traffic Signal,Dark,Dry,Passenger,Turning Movement,40 to 44,2009,24,43.759245,-79.50789,10,5,0,0,1,0,0,1,1,1,1
"Automobile, Station Wagon",Major Arterial,Intersection,Etobicoke York,Traffic Signal,Daylight,Dry,Driver,Angle,25 to 29,2010,9,43.688645,-79.54289,6,5,0,0,1,0,0,0,0,1,1
Other,Major Arterial,Intersection,Etobicoke York,Traffic Signal,Dark,Dry,Passenger,Turning Movement,20 to 24,2009,24,43.759245,-79.50789,10,5,0,0,1,0,0,1,1,1,1
"Automobile, Station Wagon",Major Arterial,Intersection,Etobicoke York,Traffic Signal,Daylight,Dry,Driver,Angle,40 to 44,2010,9,43.688645,-79.54289,6,5,0,0,1,0,0,0,0,1,1
"Automobile, Station Wagon",Major Arterial,Intersection,Etobicoke York,Traffic Signal,Dark,Dry,Driver,Turning Movement,40 to 44,2009,24,43.759245,-79.50789,10,5,0,0,1,0,0,1,1,1,1
Other,Major Arterial,Intersection,Etobicoke York,Traffic Signal,Daylight,Dry,Vehicle Owner,Angle,unknown,2010,9,43.688645,-79.54289,6,5,0,0,1,0,0,0,0,1,1
"Automobile, Station Wagon",Major Arterial,Intersection,Etobicoke York,Traffic Signal,Daylight,Dry,Driver,Angle,20 to 24,2010,9,43.688645,-79.54289,6,5,0,0,1,0,0,0,0,1,1
"Automobile, Station Wagon",Major Arterial,Mid-Block,Scarborough,No Control,Dark,Dry,Driver,Turning Movement,55 to 59,2010,22,43.759145,-79.30949,6,6,0,0,1,0,0,0,0,0,0
"Automobile, Station Wagon",Major Arterial,Mid-Block,Scarborough,No Control,Dark,Dry,Driver,Turning Movement,25 to 29,2010,22,43.759145,-79.30949,6,6,0,0,1,0,0,0,0,0,0
Other,Major Arterial,Intersection,Scarborough,Traffic Signal,Daylight,Dry,Vehicle Owner,Angle,unknown,2010,12,43.761845,-79.21579,6,0,0,0,1,0,0,0,0,1,0
"Automobile, Station Wagon",Major Arterial,Intersection,Scarborough,Traffic Signal,Daylight,Dry,Driver,Angle,70 to 74,2010,12,43.761845,-79.21579,6,0,0,0,1,0,0,0,0,1,0
"Automobile, Station Wagon",Major Arterial,Intersection,Scarborough,Traffic Signal,Daylight,Dry,Driver,Angle,40 to 44,2010,12,43.761845,-79.21579,6,0,0,0,1,0,0,0,0,1,0
"Automobile, Station Wagon",Major Arterial,Intersection,Toronto and East York,Traffic Signal,Daylight,Dry,Driver,Cyclist Collisions,45 to 49,2010,19,43.669645,-79.43279,6,1,0,1,1,0,0,0,0,1,0
Bicycle,Major Arterial,Intersection,Toronto and East York,Traffic Signal,Daylight,Dry,Cyclist,Cyclist Collisions,25 to 29,2010,19,43.669645,-79.43279,6,1,0,1,1,0,0,0,0,1,0
Other,Collector,Intersection,North York,No Control,Daylight,Dry,Vehicle Owner,Pedestrian Collisions,unknown,2010,17,43.703145,-79.43699,6,2,1,0,1,0,0,0,0,0,0
Other,Major Arterial,Intersection,Scarborough,Traffic Signal,Daylight,Dry,Other Property Owner,Turning Movement,unknown,2010,17,43.798911,-79.14622,3,0,0,0,1,0,0,1,0,1,0
"Automobile, Station Wagon",Major Arterial,Intersection,Etobicoke York,Traffic Signal,Dark,Dry,Driver,Pedestrian Collisions,60 to 64,2009,6,43.743245,-79.58209,12,1,1,0,1,0,0,0,0,0,1
"Automobile, Station Wagon",Collector,Intersection,North York,No Control,Daylight,Dry,Driver,Pedestrian Collisions,60 to 64,2010,17,43.703145,-79.43699,6,2,1,0,1,0,0,0,0,0,0
Other,Collector,Intersection,North York,No Control,Daylight,Dry,Pedestrian,Pedestrian Collisions,35 to 39,2010,17,43.703145,-79.43699,6,2,1,0,1,0,0,0,0,0,0
Motorcycle,Collector,Mid-Block,Scarborough,No Control,Dark,Dry,Motorcycle Driver,Turning Movement,35 to 39,2010,19,43.761745,-79.27159,6,3,0,0,0,1,0,0,0,1,0
Other,Collector,Mid-Block,Scarborough,No Control,Dark,Dry,Vehicle Owner,Turning Movement,unknown,2010,19,43.761745,-79.27159,6,3,0,0,0,1,0,0,0,1,0
Other,Collector,Mid-Block,Scarborough,No Control,Dark,Dry,Vehicle Owner,Turning Movement,unknown,2010,19,43.761745,-79.27159,6,3,0,0,0,1,0,0,0,1,0
Truck - Open,Collector,Mid-Block,Scarborough,No Control,Dark,Dry,Truck Driver,Turning Movement,25 to 29,2010,19,43.761745,-79.27159,6,3,0,0,0,1,0,0,0,1,0
Other,Local,Mid-Block,Etobicoke York,No Control,Daylight,Dry,Other,Pedestrian Collisions,unknown,2010,17,43.756345,-79.59959,6,4,1,0,0,0,0,0,0,0,0
Other,Local,Mid-Block,Etobicoke York,No Control,Daylight,Dry,Pedestrian,Pedestrian Collisions,30 to 34,2010,17,43.756345,-79.59959,6,4,1,0,0,0,0,0,0,0,0
"Automobile, Station Wagon",Major Arterial,Mid-Block,Toronto and East York,No Control,Daylight,Dry,Driver,Cyclist Collisions,50 to 54,2010,16,43.661045,-79.38479,6,5,0,1,1,0,0,0,0,0,0
Bicycle,Major Arterial,Mid-Block,Toronto and East York,No Control,Daylight,Dry,Cyclist,Cyclist Collisions,30 to 34,2010,16,43.661045,-79.38479,6,5,0,1,1,0,0,0,0,0,0
"Automobile, Station Wagon",Major Arterial,Intersection,Toronto and East York,Traffic Signal,Daylight,Dry,Driver,Cyclist Collisions,unknown,2010,18,43.645983,-79.392284,6,5,0,1,1,0,0,0,0,0,0
Bicycle,Major Arterial,Intersection,Toronto and East York,Traffic Signal,Daylight,Dry,Cyclist,Cyclist Collisions,20 to 24,2010,18,43.645983,-79.392284,6,5,0,1,1,0,0,0,0,0,0
Motorcycle,Major Arterial,Intersection,Scarborough,Stop Sign,Daylight,Dry,Motorcycle Driver,Turning Movement,30 to 34,2010,20,43.719545,-79.28419,6,5,0,0,1,0,0,0,0,1,0
"Automobile, Station Wagon",Major Arterial,Intersection,Scarborough,Stop Sign,Daylight,Dry,Driver,Turning Movement,25 to 29,2010,20,43.719545,-79.28419,6,5,0,0,1,0,0,0,0,1,0
Other,Major Arterial,Mid-Block,Toronto and East York,No Control,Daylight,Dry,Vehicle Owner,Cyclist Collisions,unknown,2010,18,43.676645,-79.44899,6,1,0,1,0,0,1,0,0,0,0
Municipal Transit Bus (TTC),Major Arterial,Mid-Block,Toronto and East York,No Control,Daylight,Dry,Driver,Cyclist Collisions,30 to 34,2010,18,43.676645,-79.44899,6,1,0,1,0,0,1,0,0,0,0
Bicycle,Major Arterial,Mid-Block,Toronto and East York,No Control,Daylight,Dry,Cyclist,Cyclist Collisions,45 to 49,2010,18,43.676645,-79.44899,6,1,0,1,0,0,1,0,0,0,0
Other,Collector,Mid-Block,Etobicoke York,No Control,Dark,Dry,Passenger,Turning Movement,20 to 24,2010,21,43.753045,-79.55369,6,1,0,0,1,0,0,1,0,1,0
"Automobile, Station Wagon",Collector,Mid-Block,Etobicoke York,No Control,Dark,Dry,Driver,Turning Movement,45 to 49,2010,21,43.753045,-79.55369,6,1,0,0,1,0,0,1,0,1,0
Other,Collector,Mid-Block,Etobicoke York,No Control,Dark,Dry,Passenger,Turning Movement,20 to 24,2010,21,43.753045,-79.55369,6,1,0,0,1,0,0,1,0,1,0
"Automobile, Station Wagon",Collector,Mid-Block,Etobicoke York,No Control,Dark,Dry,Driver,Turning Movement,20 to 24,2010,21,43.753045,-79.55369,6,1,0,0,1,0,0,1,0,1,0
"Automobile, Station Wagon",Major Arterial,Intersection,North York,Traffic Signal,Daylight,Dry,Driver,Rear End,20 to 24,2010,16,43.695645,-79.45029,6,3,0,0,1,0,0,1,0,1,0
Other,Major Arterial,Intersection,North York,Traffic Signal,Daylight,Dry,Passenger,Rear End,25 to 29,2010,16,43.695645,-79.45029,6,3,0,0,1,0,0,1,0,1,0
Other,Major Arterial,Intersection,North York,Traffic Signal,Daylight,Dry,Passenger,Rear End,25 to 29,2010,16,43.695645,-79.45029,6,3,0,0,1,0,0,1,0,1,0
"Automobile, Station Wagon",Major Arterial,Intersection,North York,Traffic Signal,Daylight,Dry,Driver,Rear End,15 to 19,2010,16,43.695645,-79.45029,6,3,0,0,1,0,0,1,0,1,0
Other,Major Arterial,Intersection,Etobicoke York,Traffic Signal,Dark,Dry,Vehicle Owner,Turning Movement,unknown,2010,24,43.701945,-79.50829,6,3,0,0,1,0,0,1,0,0,0
"Automobile, Station Wagon",Major Arterial,Intersection,Etobicoke York,Traffic Signal,Dark,Dry,Driver,Turning Movement,25 to 29,2010,24,43.701945,-79.50829,6,3,0,0,1,0,0,1,0,0,0
Other,Major Arterial,Intersection,Etobicoke York,Traffic Signal,Dark,Dry,Passenger,Turning Movement,60 to 64,2010,24,43.701945,-79.50829,6,3,0,0,1,0,0,1,0,0,0
"Automobile, Station Wagon",Major Arterial,Intersection,Etobicoke York,Traffic Signal,Dark,Dry,Driver,Turning Movement,65 to 69,2010,24,43.701945,-79.50829,6,3,0,0,1,0,0,1,0,0,0
"Automobile, Station Wagon",Major Arterial,Intersection,North York,Stop Sign,Daylight,Dry,Driver,Cyclist Collisions,unknown,2010,17,43.794645,-79.41919,6,4,0,1,1,0,0,0,0,1,0
Bicycle,Major Arterial,Intersection,North York,Stop Sign,Daylight,Dry,Cyclist,Cyclist Collisions,50 to 54,2010,17,43.794645,-79.41919,6,4,0,1,1,0,0,0,0,1,0
"Automobile, Station Wagon",Minor Arterial,Mid-Block,Scarborough,No Control,Daylight,Wet,Driver,Pedestrian Collisions,80 to 84,2010,11,43.768645,-79.18509,6,5,1,0,1,0,0,0,0,0,0
Other,Minor Arterial,Mid-Block,Scarborough,No Control,Daylight,Wet,Pedestrian,Pedestrian Collisions,70 to 74,2010,11,43.768645,-79.18509,6,5,1,0,1,0,0,0,0,0,0
Other,Minor Arterial,Intersection,Toronto and East York,Traffic Signal,Daylight,Wet,Pedestrian,Pedestrian Collisions,80 to 84,2010,13,43.659045,-79.42189,6,5,1,0,1,0,0,0,0,1,0
"Automobile, Station Wagon",Minor Arterial,Intersection,Toronto and East York,Traffic Signal,Daylight,Wet,Driver,Pedestrian Collisions,70 to 74,2010,13,43.659045,-79.42189,6,5,1,0,1,0,0,0,0,1,0
Other,Major Arterial,Intersection,Toronto and East York,No Control,Daylight,Wet,Vehicle Owner,Pedestrian Collisions,unknown,2010,14,43.690545,-79.34919,6,5,1,0,1,0,0,0,0,0,0
"Automobile, Station Wagon",Major Arterial,Intersection,Toronto and East York,No Control,Daylight,Wet,Driver,Pedestrian Collisions,15 to 19,2010,14,43.690545,-79.34919,6,5,1,0,1,0,0,0,0,0,0
Other,Major Arterial,Intersection,Toronto and East York,No Control,Daylight,Wet,Pedestrian,Pedestrian Collisions,15 to 19,2010,14,43.690545,-79.34919,6,5,1,0,1,0,0,0,0,0,0
Other,Major Arterial,Mid-Block,North York,No Control,Dark,Wet,Vehicle Owner,Pedestrian Collisions,unknown,2010,22,43.707145,-79.34509,6,5,1,0,0,0,1,0,0,0,0
Municipal Transit Bus (TTC),Major Arterial,Mid-Block,North York,No Control,Dark,Wet,Driver,Pedestrian Collisions,30 to 34,2010,22,43.707145,-79.34509,6,5,1,0,0,0,1,0,0,0,0
Other,Major Arterial,Mid-Block,North York,No Control,Dark,Wet,Pedestrian,Pedestrian Collisions,50 to 54,2010,22,43.707145,-79.34509,6,5,1,0,0,0,1,0,0,0,0
"Automobile, Station Wagon",Major Arterial,Intersection,Etobicoke York,Traffic Signal,Dark,Dry,Driver,Turning Movement,20 to 24,2009,24,43.759245,-79.50789,10,5,0,0,1,0,0,1,1,1,1
Other,Major Arterial,Mid-Block,Toronto and East York,No Control,Dark,Dry,Vehicle Owner,Rear End,unknown,2009,3,43.665745,-79.40799,10,6,0,0,1,0,0,0,0,1,0
"Automobile, Station Wagon",Major Arterial,Mid-Block,Toronto and East York,No Control,Dark,Dry,Driver,Rear End,45 to 49,2009,3,43.665745,-79.40799,10,6,0,0,1,0,0,0,0,1,0
Other,Major Arterial,Mid-Block,Toronto and East York,No Control,Dark,Dry,Other,Rear End,unknown,2009,3,43.665745,-79.40799,10,6,0,0,1,0,0,0,0,1,0
"Automobile, Station Wagon",Major Arterial,Mid-Block,Toronto and East York,No Control,Dark,Dry,Driver,Rear End,20 to 24,2009,3,43.665745,-79.40799,10,6,0,0,1,0,0,0,0,1,0
Other,Major Arterial,Intersection,Toronto and East York,Traffic Signal,Dark,Dry,Pedestrian,Pedestrian Collisions,25 to 29,2009,3,43.650645,-79.37729,10,6,1,0,0,0,0,0,0,0,0
Other,Major Arterial,Mid-Block,Toronto and East York,Traffic Controller,Daylight,Dry,Vehicle Owner,Cyclist Collisions,unknown,2009,12,43.673045,-79.46499,10,1,0,1,0,1,0,0,0,0,0
Truck - Open,Major Arterial,Mid-Block,Toronto and East York,Traffic Controller,Daylight,Dry,Truck Driver,Cyclist Collisions,40 to 44,2009,12,43.673045,-79.46499,10,1,0,1,0,1,0,0,0,0,0
Bicycle,Major Arterial,Mid-Block,Toronto and East York,Traffic Controller,Daylight,Dry,Cyclist,Cyclist Collisions,35 to 39,2009,12,43.673045,-79.46499,10,1,0,1,0,1,0,0,0,0,0
"Automobile, Station Wagon",Major Arterial,Intersection,Etobicoke York,Traffic Signal,"Daylight, artificial",Dry,Driver,Pedestrian Collisions,20 to 24,2009,12,43.721345,-79.54559,10,1,1,0,1,0,0,0,0,1,0
Other,Major Arterial,Intersection,Etobicoke York,Traffic Signal,"Daylight, artificial",Dry,Pedestrian,Pedestrian Collisions,50 to 54,2009,12,43.721345,-79.54559,10,1,1,0,1,0,0,0,0,1,0
"Automobile, Station Wagon",Minor Arterial,Mid-Block,Toronto and East York,No Control,Dusk,Dry,Driver,Pedestrian Collisions,15 to 19,2009,19,43.685045,-79.43789,10,1,1,0,1,0,0,0,0,0,0
Other,Minor Arterial,Mid-Block,Toronto and East York,No Control,Dusk,Dry,Pedestrian,Pedestrian Collisions,20 to 24,2009,19,43.685045,-79.43789,10,1,1,0,1,0,0,0,0,0,0
Other,Major Arterial,Mid-Block,Etobicoke York,No Control,Daylight,Wet,Other,Pedestrian Collisions,unknown,2009,13,43.756345,-79.54349,10,2,1,0,0,1,0,0,0,0,1
Other,Major Arterial,Mid-Block,Etobicoke York,No Control,Daylight,Wet,Vehicle Owner,Pedestrian Collisions,unknown,2009,13,43.756345,-79.54349,10,2,1,0,0,1,0,0,0,0,1
Other,Major Arterial,Intersection,Scarborough,Traffic Signal,Daylight,Dry,Other Property Owner,Turning Movement,unknown,2010,17,43.798911,-79.14622,3,0,0,0,1,0,0,1,0,1,0
Truck - Open,Major Arterial,Mid-Block,Etobicoke York,No Control,Daylight,Wet,Truck Driver,Pedestrian Collisions,20 to 24,2009,13,43.756345,-79.54349,10,2,1,0,0,1,0,0,0,0,1
Other,Major Arterial,Mid-Block,Etobicoke York,No Control,Daylight,Wet,Pedestrian,Pedestrian Collisions,50 to 54,2009,13,43.756345,-79.54349,10,2,1,0,0,1,0,0,0,0,1
Truck - Open,Minor Arterial,Intersection,Etobicoke York,Traffic Signal,Dark,Wet,Truck Driver,Rear End,70 to 74,2009,18,43.679245,-79.52529,10,2,0,0,1,1,0,0,1,1,0
"Automobile, Station Wagon",Minor Arterial,Intersection,Etobicoke York,Traffic Signal,Dark,Wet,Driver,Rear End,35 to 39,2009,18,43.679245,-79.52529,10,2,0,0,1,1,0,0,1,1,0
"Automobile, Station Wagon",Minor Arterial,Intersection,Etobicoke York,Traffic Signal,Dark,Wet,Driver,Rear End,30 to 34,2009,18,43.679245,-79.52529,10,2,0,0,1,1,0,0,1,1,0
Other,Major Arterial,Mid-Block,Etobicoke York,No Control,Dark,Dry,Vehicle Owner,Pedestrian Collisions,unknown,2009,20,43.740745,-79.58679,10,2,1,0,0,0,1,0,0,0,0
Municipal Transit Bus (TTC),Major Arterial,Mid-Block,Etobicoke York,No Control,Dark,Dry,Driver,Pedestrian Collisions,25 to 29,2009,20,43.740745,-79.58679,10,2,1,0,0,0,1,0,0,0,0
Other,Major Arterial,Mid-Block,Etobicoke York,No Control,Dark,Dry,Pedestrian,Pedestrian Collisions,40 to 44,2009,20,43.740745,-79.58679,10,2,1,0,0,0,1,0,0,0,0
"Automobile, Station Wagon",Minor Arterial,Intersection,Toronto and East York,Traffic Signal,Daylight,Dry,Driver,Turning Movement,45 to 49,2009,7,43.650145,-79.43969,10,3,0,0,1,0,0,1,0,0,0
Other,Minor Arterial,Intersection,Toronto and East York,Traffic Signal,Daylight,Dry,Passenger,Turning Movement,30 to 34,2009,7,43.650145,-79.43969,10,3,0,0,1,0,0,1,0,0,0
"Automobile, Station Wagon",Minor Arterial,Intersection,Toronto and East York,Traffic Signal,Daylight,Dry,Driver,Turning Movement,30 to 34,2009,7,43.650145,-79.43969,10,3,0,0,1,0,0,1,0,0,0
"Automobile, Station Wagon",Minor Arterial,Intersection,Scarborough,No Control,Dark,Wet,Driver,Pedestrian Collisions,45 to 49,2009,7,43.816945,-79.22429,10,4,1,0,1,0,0,0,0,0,1
Other,Minor Arterial,Intersection,Scarborough,No Control,Dark,Wet,Pedestrian,Pedestrian Collisions,60 to 64,2009,7,43.816945,-79.22429,10,4,1,0,1,0,0,0,0,0,1
"Automobile, Station Wagon",Major Arterial,Mid-Block,Scarborough,No Control,Daylight,Wet,Driver,SMV Other,30 to 34,2009,8,43.756345,-79.27739,10,4,0,0,1,0,0,0,0,0,0
Other,Major Arterial,Intersection,Etobicoke York,No Control,Daylight,Wet,Vehicle Owner,Pedestrian Collisions,unknown,2009,17,43.767945,-79.55779,10,4,1,0,1,0,0,0,0,0,0
"Automobile, Station Wagon",Major Arterial,Intersection,Etobicoke York,No Control,Daylight,Wet,Driver,Pedestrian Collisions,40 to 44,2009,17,43.767945,-79.55779,10,4,1,0,1,0,0,0,0,0,0
Other,Major Arterial,Intersection,Etobicoke York,No Control,Daylight,Wet,Pedestrian,Pedestrian Collisions,35 to 39,2009,17,43.767945,-79.55779,10,4,1,0,1,0,0,0,0,0,0
"Automobile, Station Wagon",Major Arterial,Intersection,Toronto and East York,Traffic Signal,Dark,Wet,Driver,Pedestrian Collisions,20 to 24,2009,20,43.664345,-79.38719,10,4,1,0,1,0,0,0,0,1,0
Other,Major Arterial,Intersection,Toronto and East York,Traffic Signal,Dark,Wet,Pedestrian,Pedestrian Collisions,35 to 39,2009,20,43.664345,-79.38719,10,4,1,0,1,0,0,0,0,1,0
"Automobile, Station Wagon",Major Arterial,Mid-Block,Toronto and East York,Stop Sign,Dark,Dry,Driver,Approaching,45 to 49,2009,1,43.680645,-79.44419,10,6,0,0,1,0,0,1,0,1,0