VEHTYPE,ROAD_CLASS,LOCCOORD,DISTRICT,TRAFFCTL,LIGHT,RDSFCOND,INVTYPE,IMPACTYPE,INVAGE,YEAR,TIME,LATITUDE,LONGITUDE,MONTH,DAY,PEDESTRIAN,CYCLIST,AUTOMOBILE,TRUCK,TRSN_CITY_VEH,PASSENGER,SPEEDING,AG_DRIV,ACCLASS
Other,Major Arterial,Intersection,Toronto and East York,Traffic Signal,Daylight,Dry,Other Property Owner,Pedestrian Collisions,unknown,2011,12,43.655745,-79.38379,1,1,1,0,1,0,0,1,0,1,0
Other,Major Arterial,Intersection,Toronto and East York,Traffic Signal,Daylight,Dry,Pedestrian,Pedestrian Collisions,65 to 69,2011,12,43.655745,-79.38379,1,1,1,0,1,0,0,1,0,1,0
Truck - Open,Major Arterial,Intersection,Toronto and East York,No Control,Dark,Loose Snow,Truck Driver,Pedestrian Collisions,40 to 44,2011,20,43.647545,-79.40219,1,1,1,0,0,1,0,0,0,0,0
Other,Major Arterial,Intersection,Toronto and East York,No Control,Dark,Loose Snow,Vehicle Owner,Pedestrian Collisions,unknown,2011,20,43.647545,-79.40219,1,1,1,0,0,1,0,0,0,0,0
Other,Major Arterial,Intersection,Toronto and East York,No Control,Dark,Loose Snow,Pedestrian,Pedestrian Collisions,55 to 59,2011,20,43.647545,-79.40219,1,1,1,0,0,1,0,0,0,0,0
Other,Major Arterial,Intersection,North York,Traffic Signal,Dark,Packed Snow,Passenger,Angle,35 to 39,2011,4,43.722245,-79.41559,1,2,0,0,1,0,1,1,0,1,0
Other,Major Arterial,Intersection,North York,Traffic Signal,Dark,Packed Snow,Vehicle Owner,Angle,unknown,2011,4,43.722245,-79.41559,1,2,0,0,1,0,1,1,0,1,0
"Automobile, Station Wagon",Major Arterial,Intersection,North York,Traffic Signal,Dark,Packed Snow,Driver,Angle,25 to 29,2011,4,43.722245,-79.41559,1,2,0,0,1,0,1,1,0,1,0
Other,Major Arterial,Intersection,North York,Traffic Signal,Dark,Packed Snow,Vehicle Owner,Angle,unknown,2011,4,43.722245,-79.41559,1,2,0,0,1,0,1,1,0,1,0
Municipal Transit Bus (TTC),Major Arterial,Intersection,North York,Traffic Signal,Dark,Packed Snow,Driver,Angle,45 to 49,2011,4,43.722245,-79.41559,1,2,0,0,1,0,1,1,0,1,0
"Automobile, Station Wagon",Collector,Mid-Block,Etobicoke York,Pedestrian Crossover,Dark,Wet,Driver,Pedestrian Collisions,60 to 64,2011,7,43.678744,-79.483386,1,3,1,0,1,0,0,0,0,1,0
Other,Collector,Mid-Block,Etobicoke York,Pedestrian Crossover,Dark,Wet,Pedestrian,Pedestrian Collisions,30 to 34,2011,7,43.678744,-79.483386,1,3,1,0,1,0,0,0,0,1,0
Other,Minor Arterial,Mid-Block,Etobicoke York,No Control,Daylight,Slush,Passenger,SMV Other,15 to 19,2011,10,43.665545,-79.58619,1,5,0,0,1,0,0,1,1,1,0
"Automobile, Station Wagon",Minor Arterial,Mid-Block,Etobicoke York,No Control,Daylight,Slush,Driver,SMV Other,45 to 49,2011,10,43.665545,-79.58619,1,5,0,0,1,0,0,1,1,1,0
"Automobile, Station Wagon",Major Arterial,Intersection,Etobicoke York,Traffic Signal,Dark,Dry,Driver,Rear End,70 to 74,2011,20,43.671745,-79.47109,1,6,0,0,1,0,0,0,1,1,0
"Automobile, Station Wagon",Major Arterial,Intersection,Etobicoke York,Traffic Signal,Dark,Dry,Driver,Rear End,55 to 59,2011,20,43.671745,-79.47109,1,6,0,0,1,0,0,0,1,1,0
"Automobile, Station Wagon",Major Arterial,Intersection,Toronto and East York,Traffic Signal,Daylight,Wet,Driver,Pedestrian Collisions,65 to 69,2011,14,43.700148,-79.319026,1,2,1,0,1,0,0,0,0,1,0
Other,Major Arterial,Intersection,Toronto and East York,Traffic Signal,Daylight,Wet,Pedestrian,Pedestrian Collisions,50 to 54,2011,14,43.700148,-79.319026,1,2,1,0,1,0,0,0,0,1,0
Other,Major Arterial,Intersection,Etobicoke York,Stop Sign,Daylight,Dry,Pedestrian,Pedestrian Collisions,45 to 49,2011,16,43.681045,-79.47619,1,2,1,0,1,0,0,0,0,0,0
"Automobile, Station Wagon",Major Arterial,Intersection,Etobicoke York,Stop Sign,Daylight,Dry,Driver,Pedestrian Collisions,35 to 39,2011,16,43.681045,-79.47619,1,2,1,0,1,0,0,0,0,0,0
Other,Major Arterial,Intersection,Etobicoke York,Traffic Signal,Dark,Wet,Passenger,Rear End,25 to 29,2011,19,43.704345,-79.49669,1,2,0,0,1,0,0,1,0,1,0
"Automobile, Station Wagon",Major Arterial,Intersection,Etobicoke York,Traffic Signal,Dark,Wet,Driver,Rear End,35 to 39,2011,19,43.704345,-79.49669,1,2,0,0,1,0,0,1,0,1,0
"Automobile, Station Wagon",Major Arterial,Intersection,Etobicoke York,Traffic Signal,Dark,Wet,Driver,Rear End,15 to 19,2011,19,43.704345,-79.49669,1,2,0,0,1,0,0,1,0,1,0
Other,Minor Arterial,Mid-Block,Scarborough,No Control,Daylight,Wet,Passenger,Rear End,60 to 64,2011,16,43.850945,-79.18899,1,3,0,0,1,0,0,1,1,1,0
"Automobile, Station Wagon",Minor Arterial,Mid-Block,Scarborough,No Control,Daylight,Wet,Driver,Rear End,55 to 59,2011,16,43.850945,-79.18899,1,3,0,0,1,0,0,1,1,1,0
"Automobile, Station Wagon",Minor Arterial,Mid-Block,Scarborough,No Control,Daylight,Wet,Driver,Rear End,50 to 54,2011,16,43.850945,-79.18899,1,3,0,0,1,0,0,1,1,1,0
Other,Major Arterial,Intersection,Toronto and East York,No Control,Dark,Slush,Vehicle Owner,Pedestrian Collisions,unknown,2011,5,43.678645,-79.44329,1,4,1,0,0,0,1,0,0,0,1
Municipal Transit Bus (TTC),Major Arterial,Intersection,Toronto and East York,No Control,Dark,Slush,Driver,Pedestrian Collisions,55 to 59,2011,5,43.678645,-79.44329,1,4,1,0,0,0,1,0,0,0,1
Other,Major Arterial,Intersection,Toronto and East York,Traffic Signal,Dark,Dry,Vehicle Owner,Pedestrian Collisions,unknown,2010,2,43.656445,-79.40769,7,5,1,0,1,0,0,0,0,0,0
Taxi,Major Arterial,Intersection,Toronto and East York,Traffic Signal,Dark,Dry,Driver,Pedestrian Collisions,50 to 54,2010,2,43.656445,-79.40769,7,5,1,0,1,0,0,0,0,0,0
Other,Major Arterial,Intersection,Toronto and East York,Traffic Signal,Dark,Dry,Pedestrian,Pedestrian Collisions,60 to 64,2010,2,43.656445,-79.40769,7,5,1,0,1,0,0,0,0,0,0
Other,Major Arterial,Intersection,Toronto and East York,No Control,Daylight,Dry,Other,SMV Unattended Vehicle,unknown,2010,3,43.664245,-79.43719,7,5,0,0,1,0,0,0,1,1,0
Other,Major Arterial,Intersection,Toronto and East York,No Control,Daylight,Dry,Other,SMV Unattended Vehicle,unknown,2010,3,43.664245,-79.43719,7,5,0,0,1,0,0,0,1,1,0
Other,Major Arterial,Intersection,Toronto and East York,No Control,Daylight,Dry,Vehicle Owner,SMV Unattended Vehicle,unknown,2010,3,43.664245,-79.43719,7,5,0,0,1,0,0,0,1,1,0
"Automobile, Station Wagon",Major Arterial,Intersection,Toronto and East York,No Control,Daylight,Dry,Driver,SMV Unattended Vehicle,25 to 29,2010,3,43.664245,-79.43719,7,5,0,0,1,0,0,0,1,1,0
Other,Major Arterial,Intersection,Toronto and East York,No Control,Daylight,Dry,Other,SMV Unattended Vehicle,unknown,2010,3,43.664245,-79.43719,7,5,0,0,1,0,0,0,1,1,0
"Automobile, Station Wagon",Major Arterial,Intersection,Etobicoke York,Traffic Signal,Daylight,Wet,Driver,Pedestrian Collisions,25 to 29,2010,13,43.691245,-79.50089,7,5,1,0,1,0,0,0,0,0,0
Other,Major Arterial,Intersection,Etobicoke York,Traffic Signal,Daylight,Wet,Pedestrian,Pedestrian Collisions,10 to 14,2010,13,43.691245,-79.50089,7,5,1,0,1,0,0,0,0,0,0
"Automobile, Station Wagon",Major Arterial,Intersection,Etobicoke York,Stop Sign,Daylight,Dry,Driver,Cyclist Collisions,55 to 59,2010,14,43.697445,-79.54519,7,6,0,1,1,0,0,0,0,1,0
Bicycle,Major Arterial,Intersection,Etobicoke York,Stop Sign,Daylight,Dry,Cyclist,Cyclist Collisions,15 to 19,2010,14,43.697445,-79.54519,7,6,0,1,1,0,0,0,0,1,0
Other,Major Arterial,Intersection,Toronto and East York,Traffic Signal,Daylight,Dry,Driver,Cyclist Collisions,30 to 34,2010,20,43.656345,-79.38089,7,0,0,1,0,0,0,0,0,0,0
Other,Major Arterial,Intersection,Toronto and East York,Traffic Signal,Daylight,Dry,Vehicle Owner,Cyclist Collisions,unknown,2010,20,43.656345,-79.38089,7,0,0,1,0,0,0,0,0,0,0
Bicycle,Major Arterial,Intersection,Toronto and East York,Traffic Signal,Daylight,Dry,Cyclist,Cyclist Collisions,40 to 44,2010,20,43.656345,-79.38089,7,0,0,1,0,0,0,0,0,0,0
"Automobile, Station Wagon",Major Arterial,Intersection,Toronto and East York,Traffic Signal,Daylight,Dry,Driver,Cyclist Collisions,50 to 54,2010,9,43.650845,-79.38659,7,3,0,1,1,0,0,0,0,1,0
Bicycle,Major Arterial,Intersection,Toronto and East York,Traffic Signal,Daylight,Dry,Cyclist,Cyclist Collisions,35 to 39,2010,9,43.650845,-79.38659,7,3,0,1,1,0,0,0,0,1,0
Other,Major Arterial,Intersection,North York,Traffic Signal,Daylight,Dry,Vehicle Owner,Angle,unknown,2010,12,43.744145,-79.40669,7,3,0,0,1,0,0,0,0,1,1
"Automobile, Station Wagon",Major Arterial,Intersection,North York,Traffic Signal,Daylight,Dry,Driver,Angle,75 to 79,2010,12,43.744145,-79.40669,7,3,0,0,1,0,0,0,0,1,1
"Automobile, Station Wagon",Major Arterial,Intersection,North York,Traffic Signal,Daylight,Dry,Driver,Angle,45 to 49,2010,12,43.744145,-79.40669,7,3,0,0,1,0,0,0,0,1,1
"Automobile, Station Wagon",Major Arterial,Intersection,North York,Traffic Signal,Daylight,Dry,Driver,Angle,85 to 89,2010,12,43.744145,-79.40669,7,3,0,0,1,0,0,0,0,1,1
Other,Major Arterial,Intersection,Toronto and East York,No Control,Daylight,Dry,Vehicle Owner,Rear End,unknown,2010,14,43.675545,-79.39689,7,3,0,0,1,0,0,0,0,1,0
"Automobile, Station Wagon",Major Arterial,Intersection,Toronto and East York,No Control,Daylight,Dry,Driver,Rear End,25 to 29,2010,14,43.675545,-79.39689,7,3,0,0,1,0,0,0,0,1,0
"Automobile, Station Wagon",Major Arterial,Intersection,Toronto and East York,No Control,Daylight,Dry,Driver,Rear End,40 to 44,2010,14,43.675545,-79.39689,7,3,0,0,1,0,0,0,0,1,0
Other,Major Arterial,Intersection,Toronto and East York,Stop Sign,Dark,Dry,Vehicle Owner,Turning Movement,unknown,2010,5,43.693745,-79.42259,7,4,0,0,1,0,0,0,0,1,0
"Automobile, Station Wagon",Major Arterial,Intersection,Toronto and East York,Stop Sign,Dark,Dry,Driver,Turning Movement,55 to 59,2010,5,43.693745,-79.42259,7,4,0,0,1,0,0,0,0,1,0
"Automobile, Station Wagon",Major Arterial,Intersection,Toronto and East York,Stop Sign,Dark,Dry,Driver,Turning Movement,25 to 29,2010,5,43.693745,-79.42259,7,4,0,0,1,0,0,0,0,1,0
Other,Major Arterial,Intersection,Toronto and East York,Stop Sign,Dark,Dry,Other Property Owner,Turning Movement,unknown,2010,5,43.693745,-79.42259,7,4,0,0,1,0,0,0,0,1,0
Other,Collector,Intersection,Toronto and East York,Traffic Signal,Daylight,Dry,Passenger,Turning Movement,15 to 19,2010,20,43.647245,-79.37329,7,4,0,0,1,0,0,1,0,1,0
Motorcycle,Collector,Intersection,Toronto and East York,Traffic Signal,Daylight,Dry,Motorcycle Driver,Turning Movement,25 to 29,2010,20,43.647245,-79.37329,7,4,0,0,1,0,0,1,0,1,0
"Automobile, Station Wagon",Collector,Intersection,Toronto and East York,Traffic Signal,Daylight,Dry,Driver,Turning Movement,25 to 29,2010,20,43.647245,-79.37329,7,4,0,0,1,0,0,1,0,1,0
Other,Collector,Intersection,North York,Stop Sign,Daylight,Dry,Other,Angle,unknown,2010,7,43.781245,-79.43289,7,5,0,0,1,0,0,1,1,1,1
Other,Collector,Intersection,North York,Stop Sign,Daylight,Dry,Other,Angle,unknown,2010,7,43.781245,-79.43289,7,5,0,0,1,0,0,1,1,1,1
Other,Collector,Intersection,North York,Stop Sign,Daylight,Dry,Passenger,Angle,60 to 64,2010,7,43.781245,-79.43289,7,5,0,0,1,0,0,1,1,1,1
"Automobile, Station Wagon",Collector,Intersection,North York,Stop Sign,Daylight,Dry,Driver,Angle,60 to 64,2010,7,43.781245,-79.43289,7,5,0,0,1,0,0,1,1,1,1
Other,Collector,Intersection,North York,Stop Sign,Daylight,Dry,Passenger,Angle,25 to 29,2010,7,43.781245,-79.43289,7,5,0,0,1,0,0,1,1,1,1
Other,Collector,Intersection,North York,Stop Sign,Daylight,Dry,Passenger,Angle,25 to 29,2010,7,43.781245,-79.43289,7,5,0,0,1,0,0,1,1,1,1
"Automobile, Station Wagon",Collector,Intersection,North York,Stop Sign,Daylight,Dry,Driver,Angle,25 to 29,2010,7,43.781245,-79.43289,7,5,0,0,1,0,0,1,1,1,1
Other,Minor Arterial,Intersection,Toronto and East York,Stop Sign,Daylight,Dry,Passenger,Angle,55 to 59,2010,9,43.675845,-79.40749,8,0,0,0,1,0,0,1,0,1,0
Other,Minor Arterial,Intersection,Toronto and East York,Stop Sign,Daylight,Dry,Passenger,Angle,30 to 34,2010,9,43.675845,-79.40749,8,0,0,0,1,0,0,1,0,1,0
"Automobile, Station Wagon",Minor Arterial,Intersection,Toronto and East York,Stop Sign,Daylight,Dry,Driver,Angle,30 to 34,2010,9,43.675845,-79.40749,8,0,0,0,1,0,0,1,0,1,0
"Automobile, Station Wagon",Minor Arterial,Intersection,Toronto and East York,Stop Sign,Daylight,Dry,Driver,Angle,25 to 29,2010,9,43.675845,-79.40749,8,0,0,0,1,0,0,1,0,1,0
Motorcycle,Major Arterial,Mid-Block,North York,No Control,Daylight,Dry,Motorcycle Driver,Turning Movement,20 to 24,2010,15,43.783745,-79.41659,8,2,0,0,1,0,0,0,0,0,0
"Automobile, Station Wagon",Major Arterial,Mid-Block,North York,No Control,Daylight,Dry,Driver,Turning Movement,35 to 39,2010,15,43.783745,-79.41659,8,2,0,0,1,0,0,0,0,0,0
Other,Major Arterial,Intersection,Scarborough,Traffic Signal,Daylight,Dry,Vehicle Owner,Pedestrian Collisions,unknown,2010,9,43.801445,-79.31869,8,4,1,0,0,1,0,0,0,0,0
Truck - Open,Major Arterial,Intersection,Scarborough,Traffic Signal,Daylight,Dry,Truck Driver,Pedestrian Collisions,55 to 59,2010,9,43.801445,-79.31869,8,4,1,0,0,1,0,0,0,0,0
Other,Major Arterial,Intersection,Scarborough,Traffic Signal,Daylight,Dry,Vehicle Owner,Pedestrian Collisions,unknown,2010,9,43.801445,-79.31869,8,4,1,0,0,1,0,0,0,0,0
Other,Major Arterial,Intersection,Scarborough,Traffic Signal,Daylight,Dry,Pedestrian,Pedestrian Collisions,25 to 29,2010,9,43.801445,-79.31869,8,4,1,0,0,1,0,0,0,0,0
"Automobile, Station Wagon",Major Arterial,Intersection,North York,No Control,Daylight,Dry,Driver,Pedestrian Collisions,45 to 49,2010,12,43.754845,-79.36039,8,4,1,0,1,0,0,0,0,0,0
Other,Major Arterial,Intersection,North York,No Control,Daylight,Dry,Pedestrian,Pedestrian Collisions,20 to 24,2010,12,43.754845,-79.36039,8,4,1,0,1,0,0,0,0,0,0
Moped,Major Arterial,Intersection,North York,No Control,Daylight,Wet,Moped Driver,SMV Other,45 to 49,2010,16,43.717845,-79.41449,8,4,0,1,0,0,0,0,0,0,0
Motorcycle,Major Arterial,Intersection,Toronto and East York,No Control,Daylight,Dry,Motorcycle Driver,Pedestrian Collisions,45 to 49,2010,20,43.649845,-79.38709,8,4,1,0,0,0,0,0,0,0,0
Other,Major Arterial,Intersection,Toronto and East York,No Control,Daylight,Dry,Pedestrian,Pedestrian Collisions,35 to 39,2010,20,43.649845,-79.38709,8,4,1,0,0,0,0,0,0,0,0
Other,Major Arterial,Mid-Block,Toronto and East York,No Control,Daylight,Dry,Pedestrian,Pedestrian Collisions,20 to 24,2010,18,43.674045,-79.36779,8,5,1,1,0,0,0,0,0,0,0
Bicycle,Major Arterial,Mid-Block,Toronto and East York,No Control,Daylight,Dry,Cyclist,Pedestrian Collisions,55 to 59,2010,18,43.674045,-79.36779,8,5,1,1,0,0,0,0,0,0,0
"Automobile, Station Wagon",Major Arterial,Intersection,Toronto and East York,No Control,Dusk,Dry,Driver,Cyclist Collisions,70 to 74,2010,20,43.685345,-79.31409,8,5,0,1,1,0,0,0,0,0,0
Bicycle,Major Arterial,Intersection,Toronto and East York,No Control,Dusk,Dry,Cyclist,Cyclist Collisions,20 to 24,2010,20,43.685345,-79.31409,8,5,0,1,1,0,0,0,0,0,0
Other,Major Arterial,Intersection,Scarborough,Traffic Signal,Daylight,Dry,Passenger,Rear End,70 to 74,2010,11,43.735545,-79.25319,8,3,0,0,1,0,1,1,0,1,0
"Automobile, Station Wagon",Major Arterial,Intersection,Scarborough,Traffic Signal,Daylight,Dry,Driver,Rear End,55 to 59,2010,11,43.735545,-79.25319,8,3,0,0,1,0,1,1,0,1,0
Other,Major Arterial,Intersection,Scarborough,Traffic Signal,Daylight,Dry,Passenger,Rear End,5 to 9,2010,11,43.735545,-79.25319,8,3,0,0,1,0,1,1,0,1,0
Other,Major Arterial,Intersection,Scarborough,Traffic Signal,Daylight,Dry,Vehicle Owner,Rear End,unknown,2010,11,43.735545,-79.25319,8,3,0,0,1,0,1,1,0,1,0
Municipal Transit Bus (TTC),Major Arterial,Intersection,Scarborough,Traffic Signal,Daylight,Dry,Driver,Rear End,55 to 59,2010,11,43.735545,-79.25319,8,3,0,0,1,0,1,1,0,1,0
"Automobile, Station Wagon",Collector,Intersection,Toronto and East York,Stop Sign,Daylight,Dry,Driver,Angle,35 to 39,2010,9,43.648845,-79.38889,8,4,0,0,1,0,0,0,0,1,0
Other,Collector,Intersection,Toronto and East York,Stop Sign,Daylight,Dry,Driver,Angle,45 to 49,2010,9,43.648845,-79.38889,8,4,0,0,1,0,0,0,0,1,0
"Automobile, Station Wagon",Major Arterial,Mid-Block,Toronto and East York,No Control,Daylight,Dry,Driver,Pedestrian Collisions,25 to 29,2010,18,43.665945,-79.40339,8,6,1,0,1,0,0,0,0,0,0
Other,Major Arterial,Mid-Block,Toronto and East York,No Control,Daylight,Dry,Pedestrian,Pedestrian Collisions,45 to 49,2010,18,43.665945,-79.40339,8,6,1,0,1,0,0,0,0,0,0
"Automobile, Station Wagon",Major Arterial,Intersection,Scarborough,Traffic Signal,Dusk,Wet,Driver,Turning Movement,35 to 39,2010,21,43.803745,-79.28629,8,6,0,0,1,0,0,0,0,1,0
Other,Major Arterial,Intersection,Scarborough,Traffic Signal,Dusk,Wet,Vehicle Owner,Turning Movement,unknown,2010,21,43.803745,-79.28629,8,6,0,0,1,0,0,0,0,1,0
"Automobile, Station Wagon",Major Arterial,Mid-Block,Etobicoke York,No Control,Daylight,Dry,Driver,Approaching,20 to 24,2011,10,43.761245,-79.58139,6,1,0,0,1,0,0,0,0,0,0
"Automobile, Station Wagon",Major Arterial,Mid-Block,Etobicoke York,No Control,Daylight,Dry,Driver,Approaching,65 to 69,2011,10,43.761245,-79.58139,6,1,0,0,1,0,0,0,0,0,0
"Automobile, Station Wagon",Major Arterial,Intersection,North York,Traffic Signal,Daylight,Dry,Driver,Pedestrian Collisions,80 to 84,2011,15,43.714345,-79.33629,6,1,1,0,1,0,0,0,0,0,0
Other,Major Arterial,Intersection,North York,Traffic Signal,Daylight,Dry,Vehicle Owner,Pedestrian Collisions,unknown,2011,15,43.714345,-79.33629,6,1,1,0,1,0,0,0,0,0,0
"Automobile, Station Wagon",Major Arterial,Intersection,North York,Traffic Signal,Daylight,Wet,Driver,Turning Movement,50 to 54,2011,14,43.757845,-79.31529,12,5,0,0,1,0,0,1,0,1,0
"Automobile, Station Wagon",Major Arterial,Intersection,North York,Traffic Signal,Daylight,Dry,Driver,Pedestrian Collisions,45 to 49,2011,15,43.714345,-79.33629,6,1,1,0,1,0,0,0,0,0,0
Other,Major Arterial,Intersection,North York,Traffic Signal,Daylight,Dry,Pedestrian,Pedestrian Collisions,10 to 14,2011,15,43.714345,-79.33629,6,1,1,0,1,0,0,0,0,0,0
"Automobile, Station Wagon",Major Arterial,Intersection,North York,No Control,Daylight,Dry,Driver,Pedestrian Collisions,50 to 54,2011,12,43.792345,-79.44589,6,2,1,0,1,0,0,0,0,0,1
Other,Major Arterial,Intersection,North York,No Control,Daylight,Dry,Pedestrian,Pedestrian Collisions,75 to 79,2011,12,43.792345,-79.44589,6,2,1,0,1,0,0,0,0,0,1
Other,Major Arterial,Intersection,North York,No Control,Daylight,Dry,Pedestrian,Pedestrian Collisions,85 to 89,2011,12,43.792345,-79.44589,6,2,1,0,1,0,0,0,0,0,1
Other,Major Arterial,Mid-Block,Scarborough,No Control,Dark,Dry,Passenger,Pedestrian Collisions,40 to 44,2011,22,43.786906,-79.311565,7,4,1,0,1,0,0,1,0,0,1
"Automobile, Station Wagon",Major Arterial,Mid-Block,Scarborough,No Control,Dark,Dry,Driver,Pedestrian Collisions,45 to 49,2011,22,43.786906,-79.311565,7,4,1,0,1,0,0,1,0,0,1
Other,Major Arterial,Mid-Block,Scarborough,No Control,Dark,Dry,Vehicle Owner,Pedestrian Collisions,unknown,2011,22,43.786906,-79.311565,7,4,1,0,1,0,0,1,0,0,1
"Automobile, Station Wagon",Major Arterial,Mid-Block,Scarborough,No Control,Dark,Dry,Driver,Pedestrian Collisions,25 to 29,2011,22,43.786906,-79.311565,7,4,1,0,1,0,0,1,0,0,1
Other,Major Arterial,Mid-Block,Scarborough,No Control,Dark,Dry,Pedestrian,Pedestrian Collisions,60 to 64,2011,22,43.786906,-79.311565,7,4,1,0,1,0,0,1,0,0,1
"Automobile, Station Wagon",Major Arterial,Intersection,Toronto and East York,Stop Sign,Daylight,Dry,Driver,Cyclist Collisions,55 to 59,2011,19,43.652145,-79.40479,7,2,0,1,1,0,0,0,0,0,0
Bicycle,Major Arterial,Intersection,Toronto and East York,Stop Sign,Daylight,Dry,Cyclist,Cyclist Collisions,40 to 44,2011,19,43.652145,-79.40479,7,2,0,1,1,0,0,0,0,0,0
Motorcycle,Major Arterial,Intersection,Etobicoke York,No Control,Daylight,Dry,Motorcycle Driver,Rear End,20 to 24,2011,19,43.644445,-79.52449,7,3,0,0,1,0,0,0,0,0,0
"Automobile, Station Wagon",Major Arterial,Intersection,Etobicoke York,No Control,Daylight,Dry,Driver,Rear End,35 to 39,2011,19,43.644445,-79.52449,7,3,0,0,1,0,0,0,0,0,0
Other,Major Arterial,Mid-Block,Etobicoke York,No Control,Dark,Dry,Vehicle Owner,SMV Other,unknown,2011,4,43.707345,-79.49739,7,4,0,0,1,0,0,0,0,0,1
"Automobile, Station Wagon",Major Arterial,Mid-Block,Etobicoke York,No Control,Dark,Dry,Driver,SMV Other,25 to 29,2011,4,43.707345,-79.49739,7,4,0,0,1,0,0,0,0,0,1
Other,Major Arterial,Mid-Block,Scarborough,No Control,Daylight,Dry,Vehicle Owner,Cyclist Collisions,unknown,2011,16,43.798345,-79.14709,7,4,0,1,1,0,0,0,0,1,0
Other,Minor Arterial,Intersection,Toronto and East York,Traffic Signal,Daylight,Dry,Passenger,Turning Movement,65 to 69,2012,13,43.667545,-79.34279,2,2,0,0,1,0,0,1,0,1,0
"Automobile, Station Wagon",Major Arterial,Mid-Block,Scarborough,No Control,Daylight,Dry,Driver,Cyclist Collisions,20 to 24,2011,16,43.798345,-79.14709,7,4,0,1,1,0,0,0,0,1,0
Bicycle,Major Arterial,Mid-Block,Scarborough,No Control,Daylight,Dry,Cyclist,Cyclist Collisions,45 to 49,2011,16,43.798345,-79.14709,7,4,0,1,1,0,0,0,0,1,0
Other,Major Arterial,Mid-Block,Scarborough,No Control,Dark,Dry,Passenger,Approaching,0 to 4,2011,1,43.839645,-79.23769,7,5,0,0,1,0,0,1,0,0,0
"Automobile, Station Wagon",Major Arterial,Mid-Block,Scarborough,No Control,Dark,Dry,Driver,Approaching,40 to 44,2011,1,43.839645,-79.23769,7,5,0,0,1,0,0,1,0,0,0
Other,Major Arterial,Mid-Block,Scarborough,No Control,Dark,Dry,Vehicle Owner,Approaching,unknown,2011,1,43.839645,-79.23769,7,5,0,0,1,0,0,1,0,0,0
"Automobile, Station Wagon",Major Arterial,Mid-Block,Scarborough,No Control,Dark,Dry,Driver,Approaching,50 to 54,2011,1,43.839645,-79.23769,7,5,0,0,1,0,0,1,0,0,0
Other,Collector,Mid-Block,Toronto and East York,No Control,Daylight,Dry,Vehicle Owner,SMV Other,unknown,2011,18,43.672745,-79.44909,7,6,0,0,0,0,0,0,0,0,0
Motorcycle,Collector,Mid-Block,Toronto and East York,No Control,Daylight,Dry,Motorcycle Driver,SMV Other,20 to 24,2011,18,43.672745,-79.44909,7,6,0,0,0,0,0,0,0,0,0
"Automobile, Station Wagon",Major Arterial,Intersection,Toronto and East York,Traffic Signal,Daylight,Dry,Driver,Angle,45 to 49,2011,7,43.665745,-79.45119,7,1,0,0,1,0,0,0,0,1,0
"Automobile, Station Wagon",Major Arterial,Intersection,Toronto and East York,Traffic Signal,Daylight,Dry,Driver,Angle,45 to 49,2011,7,43.665745,-79.45119,7,1,0,0,1,0,0,0,0,1,0
Other,Major Arterial,Intersection,Toronto and East York,Traffic Signal,Daylight,Dry,Vehicle Owner,Angle,unknown,2011,7,43.665745,-79.45119,7,1,0,0,1,0,0,0,0,1,0
"Automobile, Station Wagon",Major Arterial,Intersection,Toronto and East York,Traffic Signal,Daylight,Dry,Driver,Angle,55 to 59,2011,7,43.665745,-79.45119,7,1,0,0,1,0,0,0,0,1,0
"Automobile, Station Wagon",Major Arterial,Intersection,Toronto and East York,Traffic Signal,Daylight,Dry,Driver,Cyclist Collisions,50 to 54,2011,16,43.682545,-79.39979,7,3,0,1,1,0,0,0,0,0,0
Bicycle,Major Arterial,Intersection,Toronto and East York,Traffic Signal,Daylight,Dry,Cyclist,Cyclist Collisions,25 to 29,2011,16,43.682545,-79.39979,7,3,0,1,1,0,0,0,0,0,0
"Automobile, Station Wagon",Major Arterial,Mid-Block,North York,No Control,Daylight,Dry,Driver,Cyclist Collisions,55 to 59,2011,16,43.723445,-79.33969,7,4,0,1,1,0,0,0,0,1,0
Bicycle,Major Arterial,Mid-Block,North York,No Control,Daylight,Dry,Cyclist,Cyclist Collisions,30 to 34,2011,16,43.723445,-79.33969,7,4,0,1,1,0,0,0,0,1,0
"Automobile, Station Wagon",Major Arterial,Intersection,Toronto and East York,No Control,Daylight,Dry,Driver,Cyclist Collisions,45 to 49,2011,17,43.679745,-79.34059,7,4,0,1,1,0,0,0,0,0,0
Bicycle,Major Arterial,Intersection,Toronto and East York,No Control,Daylight,Dry,Cyclist,Cyclist Collisions,50 to 54,2011,17,43.679745,-79.34059,7,4,0,1,1,0,0,0,0,0,0
Other,Major Arterial,Mid-Block,Toronto and East York,Streetcar (Stop for),Dark,Dry,Pedestrian,Pedestrian Collisions,20 to 24,2011,24,43.642045,-79.42919,7,4,1,0,1,0,0,0,0,1,0
"Automobile, Station Wagon",Major Arterial,Mid-Block,Toronto and East York,Streetcar (Stop for),Dark,Dry,Driver,Pedestrian Collisions,15 to 19,2011,24,43.642045,-79.42919,7,4,1,0,1,0,0,0,0,1,0
"Automobile, Station Wagon",Major Arterial,Mid-Block,Scarborough,No Control,Daylight,Dry,Driver,Rear End,35 to 39,2011,9,43.802245,-79.19829,7,5,0,0,1,0,0,1,1,1,0
"Automobile, Station Wagon",Major Arterial,Mid-Block,Scarborough,No Control,Daylight,Dry,Driver,Rear End,65 to 69,2011,9,43.802245,-79.19829,7,5,0,0,1,0,0,1,1,1,0
"Automobile, Station Wagon",Major Arterial,Mid-Block,Scarborough,No Control,Daylight,Dry,Driver,Rear End,45 to 49,2011,9,43.802245,-79.19829,7,5,0,0,1,0,0,1,1,1,0