VEHTYPE,ROAD_CLASS,LOCCOORD,DISTRICT,TRAFFCTL,LIGHT,RDSFCOND,INVTYPE,IMPACTYPE,INVAGE,YEAR,TIME,LATITUDE,LONGITUDE,MONTH,DAY,PEDESTRIAN,CYCLIST,AUTOMOBILE,TRUCK,TRSN_CITY_VEH,PASSENGER,SPEEDING,AG_DRIV,ACCLASS
"Automobile, Station Wagon",Major Arterial,Mid-Block,Toronto and East York,No Control,Daylight,Dry,Driver,Rear End,50 to 54,2011,15,43.690745,-79.42129,11,4,0,0,1,0,0,0,0,0,0
"Automobile, Station Wagon",Major Arterial,Mid-Block,Toronto and East York,No Control,Daylight,Dry,Driver,Rear End,50 to 54,2011,15,43.690745,-79.42129,11,4,0,0,1,0,0,0,0,0,0
"Automobile, Station Wagon",Major Arterial,Intersection,Toronto and East York,Traffic Signal,Dark,Wet,Driver,Pedestrian Collisions,50 to 54,2011,19,43.652345,-79.40599,11,1,1,0,1,0,0,0,0,0,0
Other,Major Arterial,Intersection,Toronto and East York,Traffic Signal,Dark,Wet,Pedestrian,Pedestrian Collisions,unknown,2011,19,43.652345,-79.40599,11,1,1,0,1,0,0,0,0,0,0
"Automobile, Station Wagon",Collector,Mid-Block,Etobicoke York,No Control,"Dark, artificial",Wet,Driver,SMV Other,70 to 74,2011,21,43.762045,-79.51809,11,1,0,0,1,0,0,0,0,0,0
Other,Major Arterial,Intersection,Toronto and East York,No Control,"Dark, artificial",Wet,Passenger,Pedestrian Collisions,30 to 34,2011,22,43.668145,-79.41239,11,1,1,0,1,0,0,1,0,0,0
Other,Major Arterial,Intersection,Toronto and East York,No Control,"Dark, artificial",Wet,Passenger,Pedestrian Collisions,25 to 29,2011,22,43.668145,-79.41239,11,1,1,0,1,0,0,1,0,0,0
Other,Major Arterial,Intersection,Toronto and East York,No Control,"Dark, artificial",Wet,Passenger,Pedestrian Collisions,30 to 34,2011,22,43.668145,-79.41239,11,1,1,0,1,0,0,1,0,0,0
Other,Major Arterial,Intersection,Toronto and East York,No Control,"Dark, artificial",Wet,Vehicle Owner,Pedestrian Collisions,unknown,2011,22,43.668145,-79.41239,11,1,1,0,1,0,0,1,0,0,0
"Automobile, Station Wagon",Major Arterial,Intersection,Toronto and East York,No Control,"Dark, artificial",Wet,Driver,Pedestrian Collisions,55 to 59,2011,22,43.668145,-79.41239,11,1,1,0,1,0,0,1,0,0,0
Other,Major Arterial,Intersection,Toronto and East York,No Control,"Dark, artificial",Wet,Pedestrian,Pedestrian Collisions,30 to 34,2011,22,43.668145,-79.41239,11,1,1,0,1,0,0,1,0,0,0
"Automobile, Station Wagon",Major Arterial,Intersection,North York,Traffic Signal,"Dark, artificial",Wet,Driver,Pedestrian Collisions,45 to 49,2011,1,43.751645,-79.45669,11,2,1,0,1,0,0,0,0,1,0
Other,Major Arterial,Intersection,North York,Traffic Signal,"Dark, artificial",Wet,Pedestrian,Pedestrian Collisions,50 to 54,2011,1,43.751645,-79.45669,11,2,1,0,1,0,0,0,0,1,0
"Automobile, Station Wagon",Major Arterial,Mid-Block,North York,No Control,"Dark, artificial",Dry,Driver,Pedestrian Collisions,30 to 34,2011,23,43.760045,-79.46499,11,2,1,0,1,0,0,0,0,0,0
Other,Major Arterial,Mid-Block,North York,No Control,"Dark, artificial",Dry,Pedestrian,Pedestrian Collisions,25 to 29,2011,23,43.760045,-79.46499,11,2,1,0,1,0,0,0,0,0,0
Other,Collector,Intersection,Toronto and East York,Stop Sign,Daylight,Dry,Vehicle Owner,Cyclist Collisions,unknown,2011,15,43.648845,-79.47529,11,3,0,1,0,0,1,0,0,0,0
Municipal Transit Bus (TTC),Collector,Intersection,Toronto and East York,Stop Sign,Daylight,Dry,Driver,Cyclist Collisions,50 to 54,2011,15,43.648845,-79.47529,11,3,0,1,0,0,1,0,0,0,0
Bicycle,Collector,Intersection,Toronto and East York,Stop Sign,Daylight,Dry,Cyclist,Cyclist Collisions,55 to 59,2011,15,43.648845,-79.47529,11,3,0,1,0,0,1,0,0,0,0
Other,Major Arterial,Mid-Block,Etobicoke York,No Control,Dark,Dry,Vehicle Owner,Pedestrian Collisions,unknown,2011,20,43.686745,-79.59639,11,3,1,0,1,0,0,0,0,0,0
"Automobile, Station Wagon",Major Arterial,Mid-Block,Etobicoke York,No Control,Dark,Dry,Driver,Pedestrian Collisions,45 to 49,2011,20,43.686745,-79.59639,11,3,1,0,1,0,0,0,0,0,0
Other,Major Arterial,Mid-Block,Etobicoke York,No Control,Dark,Dry,Pedestrian,Pedestrian Collisions,70 to 74,2011,20,43.686745,-79.59639,11,3,1,0,1,0,0,0,0,0,0
Other,Major Arterial,Intersection,Toronto and East York,Traffic Signal,Daylight,Dry,Vehicle Owner,Cyclist Collisions,unknown,2011,10,43.651645,-79.37899,11,4,0,1,1,1,0,0,0,0,0
Truck - Open,Major Arterial,Intersection,Toronto and East York,Traffic Signal,Daylight,Dry,Truck Driver,Cyclist Collisions,35 to 39,2011,10,43.651645,-79.37899,11,4,0,1,1,1,0,0,0,0,0
Other,Major Arterial,Intersection,Toronto and East York,Traffic Signal,Daylight,Dry,Vehicle Owner,Cyclist Collisions,unknown,2011,10,43.651645,-79.37899,11,4,0,1,1,1,0,0,0,0,0
"Automobile, Station Wagon",Major Arterial,Intersection,Toronto and East York,Traffic Signal,Daylight,Dry,Driver,Cyclist Collisions,55 to 59,2011,10,43.651645,-79.37899,11,4,0,1,1,1,0,0,0,0,0
Bicycle,Major Arterial,Intersection,Toronto and East York,Traffic Signal,Daylight,Dry,Cyclist,Cyclist Collisions,30 to 34,2011,10,43.651645,-79.37899,11,4,0,1,1,1,0,0,0,0,0
"Automobile, Station Wagon",Major Arterial,Intersection,Scarborough,No Control,Daylight,Dry,Driver,Cyclist Collisions,55 to 59,2011,16,43.801445,-79.14229,11,4,0,1,1,0,0,0,0,1,0
Bicycle,Major Arterial,Intersection,Scarborough,No Control,Daylight,Dry,Cyclist,Cyclist Collisions,50 to 54,2011,16,43.801445,-79.14229,11,4,0,1,1,0,0,0,0,1,0
"Automobile, Station Wagon",Major Arterial,Intersection,North York,Traffic Signal,Daylight,Dry,Driver,Cyclist Collisions,20 to 24,2011,16,43.754645,-79.35199,11,4,0,1,1,0,0,0,0,0,0
Bicycle,Major Arterial,Intersection,North York,Traffic Signal,Daylight,Dry,Cyclist,Cyclist Collisions,60 to 64,2011,16,43.754645,-79.35199,11,4,0,1,1,0,0,0,0,0,0
Other,Major Arterial,Intersection,North York,Traffic Signal,Daylight,Dry,Passenger,Pedestrian Collisions,10 to 14,2011,13,43.709145,-79.38619,11,5,1,0,1,0,0,1,0,0,0
Other,Major Arterial,Mid-Block,North York,No Control,Daylight,Dry,Passenger,Rear End,40 to 44,2011,15,43.740245,-79.32799,8,1,0,0,1,1,1,1,1,1,1
Other,Major Arterial,Mid-Block,North York,No Control,Daylight,Dry,Passenger,Rear End,35 to 39,2011,15,43.740245,-79.32799,8,1,0,0,1,1,1,1,1,1,1
Other,Major Arterial,Intersection,North York,Traffic Signal,Dark,Dry,Vehicle Owner,Pedestrian Collisions,unknown,2011,20,43.775245,-79.32299,12,3,1,0,0,0,1,0,0,0,0
Other,Major Arterial,Mid-Block,North York,No Control,Daylight,Dry,Passenger,Rear End,45 to 49,2011,15,43.740245,-79.32799,8,1,0,0,1,1,1,1,1,1,1
Municipal Transit Bus (TTC),Major Arterial,Intersection,North York,Traffic Signal,Dark,Dry,Driver,Pedestrian Collisions,55 to 59,2011,20,43.775245,-79.32299,12,3,1,0,0,0,1,0,0,0,0
Other,Major Arterial,Mid-Block,North York,No Control,Daylight,Dry,Passenger,Rear End,35 to 39,2011,15,43.740245,-79.32799,8,1,0,0,1,1,1,1,1,1,1
Other,Major Arterial,Intersection,North York,Traffic Signal,Dark,Dry,Pedestrian,Pedestrian Collisions,20 to 24,2011,20,43.775245,-79.32299,12,3,1,0,0,0,1,0,0,0,0
"Automobile, Station Wagon",Major Arterial,Intersection,Toronto and East York,Traffic Signal,Daylight,Dry,Driver,Pedestrian Collisions,25 to 29,2011,16,43.693245,-79.35029,12,5,1,0,1,0,0,0,0,1,0
Other,Major Arterial,Mid-Block,North York,No Control,Daylight,Dry,Passenger,Rear End,25 to 29,2011,15,43.740245,-79.32799,8,1,0,0,1,1,1,1,1,1,1
Other,Major Arterial,Intersection,Toronto and East York,Traffic Signal,Daylight,Dry,Pedestrian,Pedestrian Collisions,30 to 34,2011,16,43.693245,-79.35029,12,5,1,0,1,0,0,0,0,1,0
Other,Major Arterial,Mid-Block,North York,No Control,Daylight,Dry,Passenger,Rear End,5 to 9,2011,15,43.740245,-79.32799,8,1,0,0,1,1,1,1,1,1,1
"Automobile, Station Wagon",Major Arterial,Intersection,Toronto and East York,Stop Sign,Daylight,Dry,Driver,Pedestrian Collisions,80 to 84,2011,9,43.657199,-79.404063,10,0,1,0,1,0,0,0,0,1,0
Other,Major Arterial,Mid-Block,North York,No Control,Daylight,Dry,Passenger,Rear End,15 to 19,2011,15,43.740245,-79.32799,8,1,0,0,1,1,1,1,1,1,1
Other,Major Arterial,Mid-Block,North York,No Control,Daylight,Dry,Passenger,Rear End,35 to 39,2011,15,43.740245,-79.32799,8,1,0,0,1,1,1,1,1,1,1
Other,Major Arterial,Mid-Block,North York,No Control,Daylight,Dry,Passenger,Rear End,20 to 24,2011,15,43.740245,-79.32799,8,1,0,0,1,1,1,1,1,1,1
Other,Major Arterial,Mid-Block,North York,No Control,Daylight,Dry,Passenger,Rear End,40 to 44,2011,15,43.740245,-79.32799,8,1,0,0,1,1,1,1,1,1,1
Other,Minor Arterial,Mid-Block,Toronto and East York,No Control,"Dark, artificial",Dry,Vehicle Owner,Cyclist Collisions,unknown,2011,19,43.645445,-79.43849,8,1,0,1,1,0,0,0,0,1,0
"Automobile, Station Wagon",Minor Arterial,Mid-Block,Toronto and East York,No Control,"Dark, artificial",Dry,Driver,Cyclist Collisions,20 to 24,2011,19,43.645445,-79.43849,8,1,0,1,1,0,0,0,0,1,0
Bicycle,Minor Arterial,Mid-Block,Toronto and East York,No Control,"Dark, artificial",Dry,Cyclist,Cyclist Collisions,35 to 39,2011,19,43.645445,-79.43849,8,1,0,1,1,0,0,0,0,1,0
Truck - Open,Major Arterial,Intersection,Toronto and East York,Traffic Signal,Daylight,Dry,Truck Driver,Cyclist Collisions,60 to 64,2011,10,43.665345,-79.46459,8,2,0,1,0,1,0,0,0,0,0
Other,Major Arterial,Intersection,Toronto and East York,Traffic Signal,Daylight,Dry,Vehicle Owner,Cyclist Collisions,unknown,2011,10,43.665345,-79.46459,8,2,0,1,0,1,0,0,0,0,0
Bicycle,Major Arterial,Intersection,Toronto and East York,Traffic Signal,Daylight,Dry,Cyclist,Cyclist Collisions,70 to 74,2011,10,43.665345,-79.46459,8,2,0,1,0,1,0,0,0,0,0
Other,Minor Arterial,Intersection,Toronto and East York,Traffic Signal,Daylight,Dry,Vehicle Owner,Pedestrian Collisions,unknown,2011,18,43.646045,-79.38559,8,2,1,0,1,0,0,0,0,1,0
"Automobile, Station Wagon",Minor Arterial,Intersection,Toronto and East York,Traffic Signal,Daylight,Dry,Driver,Pedestrian Collisions,40 to 44,2011,18,43.646045,-79.38559,8,2,1,0,1,0,0,0,0,1,0
Other,Minor Arterial,Intersection,Toronto and East York,Traffic Signal,Daylight,Dry,Pedestrian,Pedestrian Collisions,25 to 29,2011,18,43.646045,-79.38559,8,2,1,0,1,0,0,0,0,1,0
Other,Major Arterial,Mid-Block,Scarborough,No Control,Daylight,Dry,Vehicle Owner,SMV Other,unknown,2011,16,43.800545,-79.28489,9,3,0,0,1,0,0,0,1,1,1
"Automobile, Station Wagon",Major Arterial,Mid-Block,Scarborough,No Control,Daylight,Dry,Driver,SMV Other,35 to 39,2011,16,43.800545,-79.28489,9,3,0,0,1,0,0,0,1,1,1
"Automobile, Station Wagon",Local,Intersection,Etobicoke York,No Control,Dark,Dry,Driver,Pedestrian Collisions,55 to 59,2011,21,43.664845,-79.57319,9,3,1,0,1,0,0,0,0,1,0
Other,Local,Intersection,Etobicoke York,No Control,Dark,Dry,Pedestrian,Pedestrian Collisions,15 to 19,2011,21,43.664845,-79.57319,9,3,1,0,1,0,0,0,0,1,0
Other,Local,Intersection,Etobicoke York,No Control,Dark,Dry,Pedestrian,Pedestrian Collisions,20 to 24,2011,21,43.664845,-79.57319,9,3,1,0,1,0,0,0,0,1,0
"Automobile, Station Wagon",Major Arterial,Intersection,Etobicoke York,Traffic Signal,Daylight,Dry,Driver,Angle,55 to 59,2011,18,43.754045,-79.53279,9,4,0,0,1,0,0,1,0,1,0
Other,Major Arterial,Intersection,Etobicoke York,Traffic Signal,Daylight,Dry,Passenger,Angle,50 to 54,2011,18,43.754045,-79.53279,9,4,0,0,1,0,0,1,0,1,0
Other,Major Arterial,Intersection,Etobicoke York,Traffic Signal,Daylight,Dry,Passenger,Angle,70 to 74,2011,18,43.754045,-79.53279,9,4,0,0,1,0,0,1,0,1,0
Other,Major Arterial,Intersection,Etobicoke York,Traffic Signal,Daylight,Dry,Passenger,Angle,50 to 54,2011,18,43.754045,-79.53279,9,4,0,0,1,0,0,1,0,1,0
"Automobile, Station Wagon",Major Arterial,Intersection,Etobicoke York,Traffic Signal,Daylight,Dry,Driver,Angle,25 to 29,2011,18,43.754045,-79.53279,9,4,0,0,1,0,0,1,0,1,0
"Automobile, Station Wagon",Major Arterial,Intersection,Toronto and East York,Traffic Signal,Dark,Dry,Driver,Angle,50 to 54,2011,19,43.672945,-79.44099,9,4,0,0,1,0,0,0,0,1,0
Other,Major Arterial,Intersection,Toronto and East York,Traffic Signal,Dark,Dry,Vehicle Owner,Angle,unknown,2011,19,43.672945,-79.44099,9,4,0,0,1,0,0,0,0,1,0
"Automobile, Station Wagon",Major Arterial,Intersection,Toronto and East York,Traffic Signal,Dark,Dry,Driver,Angle,55 to 59,2011,19,43.672945,-79.44099,9,4,0,0,1,0,0,0,0,1,0
"Automobile, Station Wagon",Major Arterial,Intersection,Toronto and East York,Traffic Signal,Dark,Dry,Driver,Angle,55 to 59,2011,19,43.672945,-79.44099,9,4,0,0,1,0,0,0,0,1,0
"Automobile, Station Wagon",Major Arterial,Intersection,Toronto and East York,Traffic Signal,Dark,Wet,Driver,Turning Movement,25 to 29,2011,20,43.654945,-79.33739,9,4,0,0,1,0,0,0,0,0,0
"Automobile, Station Wagon",Major Arterial,Intersection,Toronto and East York,Traffic Signal,Dark,Wet,Driver,Turning Movement,30 to 34,2011,20,43.654945,-79.33739,9,4,0,0,1,0,0,0,0,0,0
Other,Major Arterial,Intersection,Toronto and East York,Traffic Signal,Dark,Wet,Vehicle Owner,Turning Movement,unknown,2011,20,43.654945,-79.33739,9,4,0,0,1,0,0,0,0,0,0
"Automobile, Station Wagon",Major Arterial,Intersection,Toronto and East York,Traffic Signal,Dark,Wet,Driver,Turning Movement,65 to 69,2011,20,43.654945,-79.33739,9,4,0,0,1,0,0,0,0,0,0
Other,Major Arterial,Mid-Block,Scarborough,No Control,Daylight,Dry,Vehicle Owner,Pedestrian Collisions,unknown,2011,10,43.814246,-79.281192,9,6,1,0,0,0,1,0,0,0,0
Municipal Transit Bus (TTC),Major Arterial,Mid-Block,Scarborough,No Control,Daylight,Dry,Driver,Pedestrian Collisions,50 to 54,2011,10,43.814246,-79.281192,9,6,1,0,0,0,1,0,0,0,0
Other,Major Arterial,Mid-Block,Scarborough,No Control,Daylight,Dry,Pedestrian,Pedestrian Collisions,35 to 39,2011,10,43.814246,-79.281192,9,6,1,0,0,0,1,0,0,0,0
Other,Major Arterial,Mid-Block,Scarborough,No Control,Daylight,Dry,Other Property Owner,SMV Other,unknown,2011,15,43.803245,-79.28609,9,1,0,0,1,0,0,0,0,0,0
Other,Major Arterial,Mid-Block,Scarborough,No Control,Daylight,Dry,Vehicle Owner,SMV Other,unknown,2011,15,43.803245,-79.28609,9,1,0,0,1,0,0,0,0,0,0
"Automobile, Station Wagon",Major Arterial,Mid-Block,Scarborough,No Control,Daylight,Dry,Driver,SMV Other,20 to 24,2011,15,43.803245,-79.28609,9,1,0,0,1,0,0,0,0,0,0
Other,Major Arterial,Intersection,Toronto and East York,No Control,Daylight,Dry,Vehicle Owner,Cyclist Collisions,unknown,2011,9,43.675045,-79.39479,9,3,0,1,0,0,1,0,0,0,0
Municipal Transit Bus (TTC),Major Arterial,Intersection,Toronto and East York,No Control,Daylight,Dry,Driver,Cyclist Collisions,45 to 49,2011,9,43.675045,-79.39479,9,3,0,1,0,0,1,0,0,0,0
Bicycle,Major Arterial,Intersection,Toronto and East York,No Control,Daylight,Dry,Cyclist,Cyclist Collisions,30 to 34,2011,9,43.675045,-79.39479,9,3,0,1,0,0,1,0,0,0,0
"Automobile, Station Wagon",Minor Arterial,Intersection,Scarborough,No Control,Daylight,Dry,Driver,Rear End,35 to 39,2011,17,43.753945,-79.23419,9,4,0,0,1,0,0,1,0,1,0
Other,Minor Arterial,Intersection,Scarborough,No Control,Daylight,Dry,Vehicle Owner,Rear End,unknown,2011,17,43.753945,-79.23419,9,4,0,0,1,0,0,1,0,1,0
Other,Minor Arterial,Intersection,Scarborough,No Control,Daylight,Dry,Passenger,Rear End,15 to 19,2011,17,43.753945,-79.23419,9,4,0,0,1,0,0,1,0,1,0
"Automobile, Station Wagon",Minor Arterial,Intersection,Scarborough,No Control,Daylight,Dry,Driver,Rear End,20 to 24,2011,17,43.753945,-79.23419,9,4,0,0,1,0,0,1,0,1,0
Motorcycle,Local,Intersection,Scarborough,No Control,Daylight,Dry,Motorcycle Driver,Approaching,40 to 44,2011,19,43.775345,-79.20589,9,5,0,0,1,0,0,0,0,0,0
"Automobile, Station Wagon",Local,Intersection,Scarborough,No Control,Daylight,Dry,Driver,Approaching,55 to 59,2011,19,43.775345,-79.20589,9,5,0,0,1,0,0,0,0,0,0
Other,Major Arterial,Intersection,Toronto and East York,Traffic Signal,Daylight,Dry,Vehicle Owner,Cyclist Collisions,unknown,2011,16,43.662445,-79.35139,9,6,0,1,1,0,0,0,0,1,0
"Automobile, Station Wagon",Major Arterial,Intersection,Toronto and East York,Traffic Signal,Daylight,Dry,Driver,Cyclist Collisions,55 to 59,2011,16,43.662445,-79.35139,9,6,0,1,1,0,0,0,0,1,0
Bicycle,Major Arterial,Intersection,Toronto and East York,Traffic Signal,Daylight,Dry,Cyclist,Cyclist Collisions,40 to 44,2011,16,43.662445,-79.35139,9,6,0,1,1,0,0,0,0,1,0
Other,Major Arterial,Mid-Block,Etobicoke York,No Control,Daylight,Dry,Vehicle Owner,Turning Movement,unknown,2011,13,43.753945,-79.62099,9,0,0,0,1,0,0,0,1,1,1
"Automobile, Station Wagon",Major Arterial,Mid-Block,Etobicoke York,No Control,Daylight,Dry,Driver,Turning Movement,55 to 59,2011,13,43.753945,-79.62099,9,0,0,0,1,0,0,0,1,1,1
Other,Major Arterial,Mid-Block,Etobicoke York,No Control,Daylight,Dry,Vehicle Owner,Turning Movement,unknown,2011,13,43.753945,-79.62099,9,0,0,0,1,0,0,0,1,1,1
"Automobile, Station Wagon",Major Arterial,Mid-Block,Etobicoke York,No Control,Daylight,Dry,Driver,Turning Movement,45 to 49,2011,13,43.753945,-79.62099,9,0,0,0,1,0,0,0,1,1,1
Other,Major Arterial,Mid-Block,Etobicoke York,No Control,Daylight,Dry,Vehicle Owner,Turning Movement,unknown,2011,13,43.753945,-79.62099,9,0,0,0,1,0,0,0,1,1,1
Other,Major Arterial,Intersection,Toronto and East York,Stop Sign,Daylight,Dry,Pedestrian,Pedestrian Collisions,80 to 84,2011,9,43.657199,-79.404063,10,0,1,0,1,0,0,0,0,1,0
"Automobile, Station Wagon",Major Arterial,Intersection,North York,No Control,"Dark, artificial",Other,Driver,Pedestrian Collisions,40 to 44,2011,6,43.735545,-79.44279,10,1,1,0,1,0,0,0,0,0,1
Other,Major Arterial,Intersection,North York,No Control,"Dark, artificial",Other,Pedestrian,Pedestrian Collisions,45 to 49,2011,6,43.735545,-79.44279,10,1,1,0,1,0,0,0,0,0,1
"Automobile, Station Wagon",Minor Arterial,Intersection,Toronto and East York,Traffic Signal,"Dark, artificial",Dry,Driver,Pedestrian Collisions,30 to 34,2011,6,43.650939,-79.43996,10,1,1,0,1,0,0,0,0,0,0
"Automobile, Station Wagon",Minor Arterial,Intersection,Toronto and East York,Traffic Signal,"Dark, artificial",Dry,Pedestrian,Pedestrian Collisions,55 to 59,2011,6,43.650939,-79.43996,10,1,1,0,1,0,0,0,0,0,0
"Automobile, Station Wagon",Minor Arterial,Intersection,Toronto and East York,Traffic Signal,Daylight,Dry,Driver,Cyclist Collisions,35 to 39,2011,8,43.650939,-79.43996,10,1,0,1,1,0,0,0,0,0,0
Bicycle,Minor Arterial,Intersection,Toronto and East York,Traffic Signal,Daylight,Dry,Cyclist,Cyclist Collisions,40 to 44,2011,8,43.650939,-79.43996,10,1,0,1,1,0,0,0,0,0,0
"Automobile, Station Wagon",Major Arterial,Intersection,Scarborough,Traffic Signal,Dark,Wet,Driver,Pedestrian Collisions,55 to 59,2011,20,43.774245,-79.29509,10,2,1,0,1,0,0,0,0,1,0
Other,Major Arterial,Intersection,Scarborough,Traffic Signal,Dark,Wet,Pedestrian,Pedestrian Collisions,40 to 44,2011,20,43.774245,-79.29509,10,2,1,0,1,0,0,0,0,1,0
Other,Major Arterial,Intersection,Scarborough,Traffic Signal,Dark,Wet,Pedestrian,Pedestrian Collisions,45 to 49,2011,20,43.774245,-79.29509,10,2,1,0,1,0,0,0,0,1,0
Other,Major Arterial,Mid-Block,Toronto and East York,No Control,Dark,Wet,Vehicle Owner,Pedestrian Collisions,unknown,2011,21,43.689645,-79.39479,10,2,1,0,1,0,0,0,0,0,0
"Automobile, Station Wagon",Major Arterial,Mid-Block,Toronto and East York,No Control,Dark,Wet,Driver,Pedestrian Collisions,40 to 44,2011,21,43.689645,-79.39479,10,2,1,0,1,0,0,0,0,0,0
Other,Major Arterial,Mid-Block,Toronto and East York,No Control,Dark,Wet,Pedestrian,Pedestrian Collisions,70 to 74,2011,21,43.689645,-79.39479,10,2,1,0,1,0,0,0,0,0,0
"Automobile, Station Wagon",Major Arterial,Intersection,Toronto and East York,Traffic Signal,Dark,Wet,Driver,Pedestrian Collisions,30 to 34,2011,22,43.651645,-79.37109,10,2,1,0,1,0,0,0,0,1,0
Other,Major Arterial,Intersection,Toronto and East York,Traffic Signal,Dark,Wet,Pedestrian,Pedestrian Collisions,70 to 74,2011,22,43.651645,-79.37109,10,2,1,0,1,0,0,0,0,1,0
Other,Major Arterial,Intersection,Toronto and East York,Traffic Signal,Dusk,Wet,Vehicle Owner,Pedestrian Collisions,unknown,2011,6,43.656445,-79.37709,10,3,1,0,1,0,0,0,0,0,0
"Automobile, Station Wagon",Major Arterial,Intersection,Toronto and East York,Traffic Signal,Dusk,Wet,Driver,Pedestrian Collisions,50 to 54,2011,6,43.656445,-79.37709,10,3,1,0,1,0,0,0,0,0,0
Other,Major Arterial,Intersection,Toronto and East York,Traffic Signal,Dusk,Wet,Pedestrian,Pedestrian Collisions,40 to 44,2011,6,43.656445,-79.37709,10,3,1,0,1,0,0,0,0,0,0
Other,Major Arterial,Intersection,Toronto and East York,No Control,Daylight,Dry,Vehicle Owner,Pedestrian Collisions,unknown,2011,11,43.657945,-79.38159,10,3,1,0,1,0,0,0,0,0,0
"Automobile, Station Wagon",Major Arterial,Intersection,Toronto and East York,No Control,Daylight,Dry,Driver,Pedestrian Collisions,40 to 44,2011,11,43.657945,-79.38159,10,3,1,0,1,0,0,0,0,0,0
Other,Major Arterial,Intersection,Toronto and East York,No Control,Daylight,Dry,Pedestrian,Pedestrian Collisions,45 to 49,2011,11,43.657945,-79.38159,10,3,1,0,1,0,0,0,0,0,0
Other,Major Arterial,Intersection,Toronto and East York,Traffic Signal,Dark,Dry,Vehicle Owner,Pedestrian Collisions,unknown,2011,6,43.645445,-79.39499,10,4,1,0,0,1,0,1,0,0,1
Other,Major Arterial,Intersection,Toronto and East York,Traffic Signal,Dark,Dry,Passenger,Pedestrian Collisions,30 to 34,2011,6,43.645445,-79.39499,10,4,1,0,0,1,0,1,0,0,1
Truck - Open,Major Arterial,Intersection,Toronto and East York,Traffic Signal,Dark,Dry,Truck Driver,Pedestrian Collisions,35 to 39,2011,6,43.645445,-79.39499,10,4,1,0,0,1,0,1,0,0,1
Other,Major Arterial,Intersection,Toronto and East York,Traffic Signal,Dark,Dry,Pedestrian,Pedestrian Collisions,25 to 29,2011,6,43.645445,-79.39499,10,4,1,0,0,1,0,1,0,0,1
"Automobile, Station Wagon",Minor Arterial,Intersection,Toronto and East York,No Control,Daylight,Dry,Driver,Pedestrian Collisions,unknown,2011,15,43.663545,-79.32899,10,0,1,0,1,0,0,0,0,0,0
Other,Minor Arterial,Intersection,Toronto and East York,No Control,Daylight,Dry,Pedestrian,Pedestrian Collisions,55 to 59,2011,15,43.663545,-79.32899,10,0,1,0,1,0,0,0,0,0,0
Other,Collector,Intersection,North York,Stop Sign,Dark,Dry,Vehicle Owner,Pedestrian Collisions,unknown,2011,19,43.707245,-79.40329,10,0,1,0,1,0,0,0,0,1,0
"Automobile, Station Wagon",Collector,Intersection,North York,Stop Sign,Dark,Dry,Driver,Pedestrian Collisions,45 to 49,2011,19,43.707245,-79.40329,10,0,1,0,1,0,0,0,0,1,0
Other,Collector,Intersection,North York,Stop Sign,Dark,Dry,Pedestrian,Pedestrian Collisions,90 to 94,2011,19,43.707245,-79.40329,10,0,1,0,1,0,0,0,0,1,0
"Automobile, Station Wagon",Local,Intersection,North York,Stop Sign,Daylight,Wet,Driver,Pedestrian Collisions,30 to 34,2011,9,43.791845,-79.38609,10,2,1,0,1,0,0,0,0,1,0
Other,Local,Intersection,North York,Stop Sign,Daylight,Wet,Pedestrian,Pedestrian Collisions,40 to 44,2011,9,43.791845,-79.38609,10,2,1,0,1,0,0,0,0,1,0
"Automobile, Station Wagon",Major Arterial,Intersection,Toronto and East York,No Control,Dark,Wet,Driver,Pedestrian Collisions,65 to 69,2011,20,43.681645,-79.41769,10,2,1,0,1,0,0,0,0,1,0
Other,Major Arterial,Intersection,Toronto and East York,No Control,Dark,Wet,Pedestrian,Pedestrian Collisions,75 to 79,2011,20,43.681645,-79.41769,10,2,1,0,1,0,0,0,0,1,0
Other,Major Arterial,Mid-Block,Toronto and East York,No Control,Dark,Wet,Passenger,Pedestrian Collisions,unknown,2011,20,43.666745,-79.39329,10,2,1,0,1,0,0,1,0,0,0
Other,Major Arterial,Mid-Block,Toronto and East York,No Control,Dark,Wet,Vehicle Owner,Pedestrian Collisions,unknown,2011,20,43.666745,-79.39329,10,2,1,0,1,0,0,1,0,0,0
"Automobile, Station Wagon",Major Arterial,Mid-Block,Toronto and East York,No Control,Dark,Wet,Driver,Pedestrian Collisions,20 to 24,2011,20,43.666745,-79.39329,10,2,1,0,1,0,0,1,0,0,0
Other,Major Arterial,Mid-Block,Toronto and East York,No Control,Dark,Wet,Pedestrian,Pedestrian Collisions,70 to 74,2011,20,43.666745,-79.39329,10,2,1,0,1,0,0,1,0,0,0
Other,Major Arterial,Intersection,Etobicoke York,Traffic Signal,Daylight,Dry,Vehicle Owner,Pedestrian Collisions,unknown,2011,15,43.747045,-79.51509,10,4,1,0,1,0,0,0,0,1,0
"Automobile, Station Wagon",Major Arterial,Intersection,Etobicoke York,Traffic Signal,Daylight,Dry,Driver,Pedestrian Collisions,25 to 29,2011,15,43.747045,-79.51509,10,4,1,0,1,0,0,0,0,1,0
Other,Major Arterial,Intersection,Etobicoke York,Traffic Signal,Daylight,Dry,Pedestrian,Pedestrian Collisions,80 to 84,2011,15,43.747045,-79.51509,10,4,1,0,1,0,0,0,0,1,0
"Automobile, Station Wagon",Minor Arterial,Mid-Block,Etobicoke York,No Control,Daylight,Dry,Driver,Rear End,30 to 34,2011,14,43.682944,-79.46269,10,5,0,0,1,0,0,0,0,0,0