VEHTYPE,ROAD_CLASS,LOCCOORD,DISTRICT,TRAFFCTL,LIGHT,RDSFCOND,INVTYPE,IMPACTYPE,INVAGE,YEAR,TIME,LATITUDE,LONGITUDE,MONTH,DAY,PEDESTRIAN,CYCLIST,AUTOMOBILE,TRUCK,TRSN_CITY_VEH,PASSENGER,SPEEDING,AG_DRIV,ACCLASS
"Automobile, Station Wagon",Major Arterial,Intersection,Toronto and East York,Traffic Signal,Daylight,Dry,Driver,Pedestrian Collisions,45 to 49,2012,17,43.678445,-79.34729,9,5,1,0,1,0,0,0,0,1,0
Other,Major Arterial,Intersection,Toronto and East York,Traffic Signal,Daylight,Dry,Pedestrian,Pedestrian Collisions,80 to 84,2012,17,43.678445,-79.34729,9,5,1,0,1,0,0,0,0,1,0
Moped,Minor Arterial,Intersection,Toronto and East York,No Control,"Dark, artificial",Dry,Moped Driver,Cyclist Collisions,60 to 64,2012,1,43.674545,-79.43259,9,6,0,1,0,0,0,0,0,1,0
Bicycle,Minor Arterial,Intersection,Toronto and East York,No Control,"Dark, artificial",Dry,Cyclist,Cyclist Collisions,30 to 34,2012,1,43.674545,-79.43259,9,6,0,1,0,0,0,0,0,1,0
"Automobile, Station Wagon",Minor Arterial,Intersection,Toronto and East York,No Control,Dark,Dry,Driver,Pedestrian Collisions,25 to 29,2012,1,43.674544,-79.43259,9,6,1,0,1,0,0,0,0,0,0
"Automobile, Station Wagon",Minor Arterial,Intersection,Toronto and East York,No Control,Dark,Dry,Pedestrian,Pedestrian Collisions,60 to 64,2012,1,43.674544,-79.43259,9,6,1,0,1,0,0,0,0,0,0
Other,Local,Mid-Block,Toronto and East York,Traffic Signal,"Dark, artificial",Dry,Vehicle Owner,SMV Other,unknown,2012,2,43.634085,-79.425502,9,6,0,0,1,0,0,1,0,1,0
"Automobile, Station Wagon",Local,Mid-Block,Toronto and East York,Traffic Signal,"Dark, artificial",Dry,Driver,SMV Other,35 to 39,2012,2,43.634085,-79.425502,9,6,0,0,1,0,0,1,0,1,0
Other,Local,Mid-Block,Toronto and East York,Traffic Signal,"Dark, artificial",Dry,Passenger,SMV Other,40 to 44,2012,2,43.634085,-79.425502,9,6,0,0,1,0,0,1,0,1,0
Other,Minor Arterial,Intersection,Toronto and East York,Traffic Signal,Daylight,Dry,Pedestrian,Pedestrian Collisions,75 to 79,2012,10,43.662644,-79.332789,4,0,1,0,1,0,0,0,0,1,0
"Automobile, Station Wagon",Major Arterial,Intersection,Etobicoke York,Traffic Signal,Daylight,Dry,Driver,Rear End,25 to 29,2012,8,43.691945,-79.46539,8,2,0,0,1,0,0,0,0,1,0
Other,Local,Mid-Block,Toronto and East York,Traffic Signal,"Dark, artificial",Dry,Other Property Owner,SMV Other,unknown,2012,2,43.634085,-79.425502,9,6,0,0,1,0,0,1,0,1,0
Other,Major Arterial,Mid-Block,Toronto and East York,No Control,Other,Other,Vehicle Owner,Other,unknown,2012,9,43.671445,-79.36179,9,0,0,0,0,0,0,0,0,0,0
Motorcycle,Major Arterial,Mid-Block,Toronto and East York,No Control,Other,Other,Motorcycle Driver,Other,30 to 34,2012,9,43.671445,-79.36179,9,0,0,0,0,0,0,0,0,0,0
Other,Major Arterial,Intersection,Toronto and East York,Traffic Signal,Daylight,Dry,Vehicle Owner,Cyclist Collisions,unknown,2012,9,43.645945,-79.37909,9,0,0,1,0,1,0,0,0,1,0
Truck - Open,Major Arterial,Intersection,Toronto and East York,Traffic Signal,Daylight,Dry,Truck Driver,Cyclist Collisions,45 to 49,2012,9,43.645945,-79.37909,9,0,0,1,0,1,0,0,0,1,0
Other,Major Arterial,Intersection,Toronto and East York,Traffic Signal,Daylight,Dry,Other,Cyclist Collisions,unknown,2012,9,43.645945,-79.37909,9,0,0,1,0,1,0,0,0,1,0
Other,Major Arterial,Intersection,Toronto and East York,Traffic Signal,Daylight,Dry,Other Property Owner,Cyclist Collisions,unknown,2012,9,43.645945,-79.37909,9,0,0,1,0,1,0,0,0,1,0
Bicycle,Major Arterial,Intersection,Toronto and East York,Traffic Signal,Daylight,Dry,Cyclist,Cyclist Collisions,25 to 29,2012,9,43.645945,-79.37909,9,0,0,1,0,1,0,0,0,1,0
Other,Major Arterial,Intersection,North York,No Control,Daylight,Dry,Vehicle Owner,Rear End,unknown,2012,16,43.783858,-79.391902,9,0,0,0,1,0,0,1,0,1,0
"Automobile, Station Wagon",Major Arterial,Intersection,North York,No Control,Daylight,Dry,Driver,Rear End,55 to 59,2012,16,43.783858,-79.391902,9,0,0,0,1,0,0,1,0,1,0
Other,Major Arterial,Intersection,North York,No Control,Daylight,Dry,Passenger,Rear End,45 to 49,2012,16,43.783858,-79.391902,9,0,0,0,1,0,0,1,0,1,0
"Automobile, Station Wagon",Major Arterial,Intersection,North York,No Control,Daylight,Dry,Driver,Rear End,50 to 54,2012,16,43.783858,-79.391902,9,0,0,0,1,0,0,1,0,1,0
"Automobile, Station Wagon",Major Arterial,Intersection,Scarborough,Traffic Signal,Dusk,Dry,Other,Pedestrian Collisions,unknown,2012,19,43.820745,-79.29489,9,2,1,0,1,0,1,0,0,0,0
Municipal Transit Bus (TTC),Major Arterial,Intersection,Scarborough,Traffic Signal,Dusk,Dry,Driver,Pedestrian Collisions,45 to 49,2012,19,43.820745,-79.29489,9,2,1,0,1,0,1,0,0,0,0
Other,Major Arterial,Intersection,Scarborough,Traffic Signal,Dusk,Dry,Pedestrian,Pedestrian Collisions,65 to 69,2012,19,43.820745,-79.29489,9,2,1,0,1,0,1,0,0,0,0
Motorcycle,Minor Arterial,Mid-Block,Toronto and East York,No Control,Daylight,Dry,Motorcycle Driver,SMV Other,45 to 49,2012,8,43.667544,-79.328189,9,3,0,0,0,0,0,0,0,0,0
"Automobile, Station Wagon",Major Arterial,Intersection,Etobicoke York,Traffic Signal,"Dark, artificial",Wet,Driver,Angle,30 to 34,2012,2,43.700148,-79.516185,9,4,0,0,1,0,0,0,0,1,0
Other,Major Arterial,Intersection,Etobicoke York,Traffic Signal,"Dark, artificial",Wet,Other Property Owner,Angle,unknown,2012,2,43.700148,-79.516185,9,4,0,0,1,0,0,0,0,1,0
Other,Major Arterial,Intersection,Etobicoke York,Traffic Signal,"Dark, artificial",Wet,Vehicle Owner,Angle,unknown,2012,2,43.700148,-79.516185,9,4,0,0,1,0,0,0,0,1,0
"Automobile, Station Wagon",Major Arterial,Intersection,Etobicoke York,Traffic Signal,"Dark, artificial",Wet,Driver,Angle,40 to 44,2012,2,43.700148,-79.516185,9,4,0,0,1,0,0,0,0,1,0
Other,Major Arterial,Intersection,North York,Traffic Signal,Daylight,Dry,Vehicle Owner,Pedestrian Collisions,unknown,2012,9,43.703345,-79.42589,9,4,1,0,1,0,0,0,0,1,0
"Automobile, Station Wagon",Major Arterial,Intersection,North York,Traffic Signal,Daylight,Dry,Driver,Pedestrian Collisions,70 to 74,2012,9,43.703345,-79.42589,9,4,1,0,1,0,0,0,0,1,0
Other,Major Arterial,Intersection,North York,Traffic Signal,Daylight,Dry,Pedestrian,Pedestrian Collisions,70 to 74,2012,9,43.703345,-79.42589,9,4,1,0,1,0,0,0,0,1,0
Other,Minor Arterial,Intersection,Scarborough,Traffic Signal,Daylight,Dry,Vehicle Owner,Angle,unknown,2012,11,43.804114,-79.330722,9,4,0,0,1,1,0,1,0,1,0
Other,Minor Arterial,Intersection,Scarborough,Traffic Signal,Daylight,Dry,Passenger,Angle,45 to 49,2012,11,43.804114,-79.330722,9,4,0,0,1,1,0,1,0,1,0
Truck - Open,Minor Arterial,Intersection,Scarborough,Traffic Signal,Daylight,Dry,Truck Driver,Angle,25 to 29,2012,11,43.804114,-79.330722,9,4,0,0,1,1,0,1,0,1,0
"Automobile, Station Wagon",Minor Arterial,Intersection,Scarborough,Traffic Signal,Daylight,Dry,Driver,Angle,45 to 49,2012,11,43.804114,-79.330722,9,4,0,0,1,1,0,1,0,1,0
Other,Minor Arterial,Intersection,Toronto and East York,Traffic Signal,Daylight,Dry,Vehicle Owner,Pedestrian Collisions,unknown,2012,15,43.650345,-79.36789,9,5,1,0,1,0,0,0,0,0,0
"Automobile, Station Wagon",Minor Arterial,Intersection,Toronto and East York,Traffic Signal,Daylight,Dry,Driver,Pedestrian Collisions,40 to 44,2012,15,43.650345,-79.36789,9,5,1,0,1,0,0,0,0,0,0
Other,Minor Arterial,Intersection,Toronto and East York,Traffic Signal,Daylight,Dry,Wheelchair,Pedestrian Collisions,60 to 64,2012,15,43.650345,-79.36789,9,5,1,0,1,0,0,0,0,0,0
"Automobile, Station Wagon",Collector,Mid-Block,Etobicoke York,No Control,Daylight,Dry,Driver,Pedestrian Collisions,15 to 19,2012,19,43.695545,-79.58959,9,5,1,0,1,0,0,0,0,0,1
Other,Collector,Mid-Block,Etobicoke York,No Control,Daylight,Dry,Pedestrian,Pedestrian Collisions,15 to 19,2012,19,43.695545,-79.58959,9,5,1,0,1,0,0,0,0,0,1
Other,Collector,Mid-Block,Etobicoke York,No Control,Daylight,Dry,Pedestrian,Pedestrian Collisions,15 to 19,2012,19,43.695545,-79.58959,9,5,1,0,1,0,0,0,0,0,1
Motorcycle,Major Arterial,Intersection,Toronto and East York,No Control,Daylight,Dry,Motorcycle Driver,Other,60 to 64,2012,9,43.657245,-79.37349,9,0,0,0,1,0,0,0,0,0,0
"Automobile, Station Wagon",Major Arterial,Intersection,Toronto and East York,No Control,Daylight,Dry,Driver - Not Hit,Other,unknown,2012,9,43.657245,-79.37349,9,0,0,0,1,0,0,0,0,0,0
"Automobile, Station Wagon",Major Arterial,Intersection,North York,Traffic Signal,Daylight,Dry,Driver,Pedestrian Collisions,65 to 69,2012,9,43.719245,-79.42979,9,0,1,0,1,0,0,0,0,0,0
Other,Major Arterial,Intersection,North York,Traffic Signal,Daylight,Dry,Pedestrian,Pedestrian Collisions,25 to 29,2012,9,43.719245,-79.42979,9,0,1,0,1,0,0,0,0,0,0
"Automobile, Station Wagon",Major Arterial,Intersection,Toronto and East York,Traffic Signal,Daylight,Dry,Driver,Pedestrian Collisions,35 to 39,2012,9,43.652545,-79.46999,9,0,1,0,1,0,0,0,0,1,0
Other,Major Arterial,Intersection,Toronto and East York,Traffic Signal,Daylight,Dry,Pedestrian,Pedestrian Collisions,25 to 29,2012,9,43.652545,-79.46999,9,0,1,0,1,0,0,0,0,1,0
"Automobile, Station Wagon",Major Arterial,Intersection,Scarborough,Traffic Signal,Daylight,Other,Driver,Turning Movement,50 to 54,2012,16,43.732145,-79.26789,9,0,0,0,1,0,0,0,0,1,0
Other,Major Arterial,Intersection,Scarborough,Traffic Signal,Daylight,Other,Vehicle Owner,Turning Movement,unknown,2012,16,43.732145,-79.26789,9,0,0,0,1,0,0,0,0,1,0
"Automobile, Station Wagon",Major Arterial,Intersection,Scarborough,Traffic Signal,Daylight,Other,Driver,Turning Movement,20 to 24,2012,16,43.732145,-79.26789,9,0,0,0,1,0,0,0,0,1,0
"Automobile, Station Wagon",Major Arterial,Intersection,Scarborough,Traffic Signal,Daylight,Other,Driver,Turning Movement,30 to 34,2012,16,43.732145,-79.26789,9,0,0,0,1,0,0,0,0,1,0
Other,Major Arterial,Mid-Block,Toronto and East York,No Control,Daylight,Dry,Vehicle Owner,Cyclist Collisions,unknown,2012,11,43.648245,-79.38179,9,1,0,1,1,0,0,0,0,1,0
"Automobile, Station Wagon",Major Arterial,Mid-Block,Toronto and East York,No Control,Daylight,Dry,Driver,Cyclist Collisions,45 to 49,2012,11,43.648245,-79.38179,9,1,0,1,1,0,0,0,0,1,0
Bicycle,Major Arterial,Mid-Block,Toronto and East York,No Control,Daylight,Dry,Cyclist,Cyclist Collisions,50 to 54,2012,11,43.648245,-79.38179,9,1,0,1,1,0,0,0,0,1,0
Other,Major Arterial,Intersection,Toronto and East York,Traffic Signal,"Dark, artificial",Dry,Vehicle Owner,Cyclist Collisions,unknown,2012,21,43.648345,-79.39329,9,3,0,1,1,0,0,0,0,0,0
"Automobile, Station Wagon",Major Arterial,Intersection,Toronto and East York,Traffic Signal,"Dark, artificial",Dry,Driver,Cyclist Collisions,45 to 49,2012,21,43.648345,-79.39329,9,3,0,1,1,0,0,0,0,0,0
Bicycle,Major Arterial,Intersection,Toronto and East York,Traffic Signal,"Dark, artificial",Dry,Cyclist,Cyclist Collisions,35 to 39,2012,21,43.648345,-79.39329,9,3,0,1,1,0,0,0,0,0,0
Other,Major Arterial,Intersection,Toronto and East York,Traffic Signal,Daylight,Dry,Vehicle Owner,Pedestrian Collisions,unknown,2012,10,43.646545,-79.38979,9,4,1,0,1,0,0,0,0,1,0
"Automobile, Station Wagon",Major Arterial,Intersection,Toronto and East York,Traffic Signal,Daylight,Dry,Driver,Pedestrian Collisions,50 to 54,2012,10,43.646545,-79.38979,9,4,1,0,1,0,0,0,0,1,0
Other,Major Arterial,Intersection,Toronto and East York,Traffic Signal,Daylight,Dry,Pedestrian,Pedestrian Collisions,35 to 39,2012,10,43.646545,-79.38979,9,4,1,0,1,0,0,0,0,1,0
"Automobile, Station Wagon",Major Arterial,Mid-Block,North York,No Control,Daylight,Dry,Vehicle Owner,Rear End,unknown,2012,13,43.711745,-79.411693,9,4,0,1,1,0,0,0,0,1,0
"Automobile, Station Wagon",Major Arterial,Mid-Block,North York,No Control,Daylight,Dry,Driver,Rear End,20 to 24,2012,13,43.711745,-79.411693,9,4,0,1,1,0,0,0,0,1,0
Moped,Major Arterial,Mid-Block,North York,No Control,Daylight,Dry,Moped Driver,Rear End,25 to 29,2012,13,43.711745,-79.411693,9,4,0,1,1,0,0,0,0,1,0
"Automobile, Station Wagon",Major Arterial,Mid-Block,North York,No Control,Daylight,Dry,Driver,Pedestrian Collisions,35 to 39,2012,11,43.697645,-79.44089,9,6,1,0,1,0,0,0,0,0,0
Other,Major Arterial,Mid-Block,North York,No Control,Daylight,Dry,Pedestrian,Pedestrian Collisions,20 to 24,2012,11,43.697645,-79.44089,9,6,1,0,1,0,0,0,0,0,0
"Automobile, Station Wagon",Major Arterial,Intersection,North York,Traffic Signal,Daylight,Dry,Driver,Pedestrian Collisions,60 to 64,2012,10,43.732245,-79.34209,10,0,1,0,1,0,0,0,0,1,0
"Automobile, Station Wagon",Major Arterial,Intersection,North York,Traffic Signal,Daylight,Dry,Driver,Pedestrian Collisions,50 to 54,2012,10,43.732245,-79.34209,10,0,1,0,1,0,0,0,0,1,0
Other,Major Arterial,Intersection,North York,Traffic Signal,Daylight,Dry,Other Property Owner,Pedestrian Collisions,unknown,2012,10,43.732245,-79.34209,10,0,1,0,1,0,0,0,0,1,0
Other,Major Arterial,Intersection,North York,Traffic Signal,Daylight,Dry,Pedestrian,Pedestrian Collisions,85 to 89,2012,10,43.732245,-79.34209,10,0,1,0,1,0,0,0,0,1,0
"Automobile, Station Wagon",Collector,Intersection,Toronto and East York,Pedestrian Crossover,Daylight,Dry,Driver,Pedestrian Collisions,65 to 69,2012,15,43.696845,-79.31569,10,0,1,0,1,0,0,0,0,1,0
Other,Collector,Intersection,Toronto and East York,Pedestrian Crossover,Daylight,Dry,Pedestrian,Pedestrian Collisions,75 to 79,2012,15,43.696845,-79.31569,10,0,1,0,1,0,0,0,0,1,0
"Automobile, Station Wagon",Minor Arterial,Intersection,Toronto and East York,Traffic Signal,"Dark, artificial",Dry,Driver,Cyclist Collisions,45 to 49,2012,18,43.654845,-79.37649,10,1,0,1,1,0,0,0,0,0,0
Bicycle,Minor Arterial,Intersection,Toronto and East York,Traffic Signal,"Dark, artificial",Dry,Cyclist,Cyclist Collisions,60 to 64,2012,18,43.654845,-79.37649,10,1,0,1,1,0,0,0,0,0,0
Other,Major Arterial,Intersection,Scarborough,Traffic Signal,Daylight,Wet,Passenger,Pedestrian Collisions,45 to 49,2012,15,43.715645,-79.24329,10,2,1,0,1,0,0,1,0,0,0
Other,Major Arterial,Intersection,Scarborough,Traffic Signal,Daylight,Wet,Vehicle Owner,Pedestrian Collisions,unknown,2012,15,43.715645,-79.24329,10,2,1,0,1,0,0,1,0,0,0
"Automobile, Station Wagon",Major Arterial,Intersection,Scarborough,Traffic Signal,Daylight,Wet,Driver,Pedestrian Collisions,40 to 44,2012,15,43.715645,-79.24329,10,2,1,0,1,0,0,1,0,0,0
Other,Major Arterial,Intersection,Scarborough,Traffic Signal,Daylight,Wet,Pedestrian,Pedestrian Collisions,15 to 19,2012,15,43.715645,-79.24329,10,2,1,0,1,0,0,1,0,0,0
Other,Major Arterial,Mid-Block,Toronto and East York,No Control,Daylight,Dry,Vehicle Owner,Cyclist Collisions,unknown,2012,18,43.677845,-79.39789,10,3,0,1,0,1,0,0,0,1,0
Truck - Open,Major Arterial,Mid-Block,Toronto and East York,No Control,Daylight,Dry,Truck Driver,Cyclist Collisions,30 to 34,2012,18,43.677845,-79.39789,10,3,0,1,0,1,0,0,0,1,0
Bicycle,Major Arterial,Mid-Block,Toronto and East York,No Control,Daylight,Dry,Cyclist,Cyclist Collisions,50 to 54,2012,18,43.677845,-79.39789,10,3,0,1,0,1,0,0,0,1,0
Other,Major Arterial,Mid-Block,Toronto and East York,No Control,Daylight,Dry,Other,Cyclist Collisions,unknown,2012,18,43.677845,-79.39789,10,3,0,1,0,1,0,0,0,1,0
Motorcycle,Major Arterial,Intersection,Etobicoke York,No Control,Daylight,Dry,Motorcycle Driver,SMV Other,35 to 39,2012,15,43.670245,-79.49319,10,4,0,0,1,0,0,0,0,0,1
"Automobile, Station Wagon",Major Arterial,Intersection,Etobicoke York,No Control,Daylight,Dry,Driver,SMV Other,30 to 34,2012,15,43.670245,-79.49319,10,4,0,0,1,0,0,0,0,0,1
"Automobile, Station Wagon",Local,Intersection,North York,No Control,Daylight,Dry,Driver,Pedestrian Collisions,40 to 44,2012,15,43.803245,-79.37019,10,4,1,0,1,0,0,0,0,0,0
Other,Local,Intersection,North York,No Control,Daylight,Dry,Pedestrian,Pedestrian Collisions,15 to 19,2012,15,43.803245,-79.37019,10,4,1,0,1,0,0,0,0,0,0
Other,Major Arterial,Intersection,Toronto and East York,No Control,Daylight,Dry,Vehicle Owner,Pedestrian Collisions,unknown,2012,13,43.677245,-79.446391,10,1,1,0,0,0,1,0,0,0,0
Municipal Transit Bus (TTC),Major Arterial,Intersection,Toronto and East York,No Control,Daylight,Dry,Driver,Pedestrian Collisions,30 to 34,2012,13,43.677245,-79.446391,10,1,1,0,0,0,1,0,0,0,0
Other,Major Arterial,Intersection,Toronto and East York,No Control,Daylight,Dry,Pedestrian,Pedestrian Collisions,50 to 54,2012,13,43.677245,-79.446391,10,1,1,0,0,0,1,0,0,0,0
Other,Major Arterial,Intersection,Etobicoke York,Traffic Signal,Dusk,Dry,Vehicle Owner,Pedestrian Collisions,unknown,2012,17,43.755445,-79.61419,10,1,1,0,0,1,0,0,0,1,0
Truck - Open,Major Arterial,Intersection,Etobicoke York,Traffic Signal,Dusk,Dry,Truck Driver,Pedestrian Collisions,55 to 59,2012,17,43.755445,-79.61419,10,1,1,0,0,1,0,0,0,1,0
Other,Major Arterial,Intersection,Etobicoke York,Traffic Signal,Dusk,Dry,Trailer Owner,Pedestrian Collisions,unknown,2012,17,43.755445,-79.61419,10,1,1,0,0,1,0,0,0,1,0
Other,Major Arterial,Intersection,Etobicoke York,Traffic Signal,Dusk,Dry,Pedestrian,Pedestrian Collisions,40 to 44,2012,17,43.755445,-79.61419,10,1,1,0,0,1,0,0,0,1,0
Other,Major Arterial,Intersection,Etobicoke York,Traffic Signal,Dusk,Dry,Pedestrian,Pedestrian Collisions,10 to 14,2012,17,43.755445,-79.61419,10,1,1,0,0,1,0,0,0,1,0
Other,Collector,Mid-Block,Etobicoke York,No Control,"Dark, artificial",Dry,Vehicle Owner,Cyclist Collisions,unknown,2012,6,43.709145,-79.50589,10,2,0,1,1,0,0,0,0,1,0
"Automobile, Station Wagon",Collector,Mid-Block,Etobicoke York,No Control,"Dark, artificial",Dry,Driver,Cyclist Collisions,25 to 29,2012,6,43.709145,-79.50589,10,2,0,1,1,0,0,0,0,1,0
Bicycle,Collector,Mid-Block,Etobicoke York,No Control,"Dark, artificial",Dry,Cyclist,Cyclist Collisions,30 to 34,2012,6,43.709145,-79.50589,10,2,0,1,1,0,0,0,0,1,0
Other,Major Arterial,Intersection,Scarborough,Traffic Signal,Daylight,Dry,Pedestrian,Pedestrian Collisions,70 to 74,2012,14,43.778745,-79.30789,10,2,1,0,0,1,0,0,0,1,0
Other,Major Arterial,Intersection,Toronto and East York,No Control,Daylight,Dry,Driver,Cyclist Collisions,25 to 29,2012,17,43.657145,-79.40519,6,6,0,1,0,0,0,0,0,0,0
Other,Minor Arterial,Intersection,Toronto and East York,Traffic Signal,Daylight,Dry,Passenger,Rear End,25 to 29,2012,13,43.639545,-79.38269,7,4,0,0,0,0,1,1,0,0,0
Other,Minor Arterial,Intersection,Scarborough,Traffic Signal,Daylight,Dry,Vehicle Owner,Pedestrian Collisions,unknown,2012,10,43.804445,-79.22419,3,6,1,0,1,0,0,0,0,1,0
"Automobile, Station Wagon",Major Arterial,Intersection,Scarborough,No Control,Daylight,Dry,Driver,SMV Other,45 to 49,2012,18,43.751145,-79.22219,5,1,0,0,1,0,0,0,1,1,0
Other,Major Arterial,Intersection,North York,Traffic Signal,Daylight,Dry,Pedestrian,Pedestrian Collisions,50 to 54,2012,20,43.760645,-79.32769,6,4,1,0,1,0,0,0,0,1,0
Other,Minor Arterial,Intersection,Toronto and East York,Traffic Signal,Daylight,Dry,Vehicle Owner,Rear End,unknown,2012,13,43.639545,-79.38269,7,4,0,0,0,0,1,1,0,0,0
Other,Major Arterial,Mid-Block,Scarborough,No Control,Daylight,Dry,Vehicle Owner,Approaching,unknown,2012,13,43.759445,-79.26799,8,3,0,0,1,0,0,0,0,1,0
Bicycle,Major Arterial,Intersection,Toronto and East York,No Control,Daylight,Dry,Cyclist,Cyclist Collisions,20 to 24,2012,17,43.657145,-79.40519,6,6,0,1,0,0,0,0,0,0,0
"Automobile, Station Wagon",Major Arterial,Mid-Block,Etobicoke York,No Control,Daylight,Dry,Driver,Pedestrian Collisions,65 to 69,2012,13,43.739545,-79.51249,6,5,1,0,1,0,0,0,0,0,0
Other,Major Arterial,Intersection,Scarborough,No Control,Daylight,Dry,Other Property Owner,SMV Other,unknown,2012,18,43.751145,-79.22219,5,1,0,0,1,0,0,0,1,1,0
"Automobile, Station Wagon",Minor Arterial,Intersection,Scarborough,Traffic Signal,Daylight,Dry,Driver,Pedestrian Collisions,30 to 34,2012,10,43.804445,-79.22419,3,6,1,0,1,0,0,0,0,1,0
Other,Major Arterial,Intersection,Scarborough,Traffic Signal,Daylight,Dry,Vehicle Owner,Turning Movement,unknown,2012,15,43.721545,-79.28499,4,0,0,0,1,0,0,0,0,1,0
Other,Major Arterial,Mid-Block,Etobicoke York,No Control,Daylight,Dry,Pedestrian,Pedestrian Collisions,75 to 79,2012,13,43.739545,-79.51249,6,5,1,0,1,0,0,0,0,0,0
"Automobile, Station Wagon",Other,Mid-Block,Toronto and East York,No Control,Daylight,Dry,Driver,Pedestrian Collisions,50 to 54,2012,12,43.696445,-79.29229,3,0,1,0,1,0,0,0,0,1,0
"Automobile, Station Wagon",Major Arterial,Intersection,Scarborough,Traffic Signal,Daylight,Dry,Driver,Turning Movement,45 to 49,2012,15,43.721545,-79.28499,4,0,0,0,1,0,0,0,0,1,0
Other,Major Arterial,Intersection,Scarborough,No Control,Daylight,Dry,Other Property Owner,SMV Other,unknown,2012,18,43.751145,-79.22219,5,1,0,0,1,0,0,0,1,1,0
Other,Minor Arterial,Intersection,Toronto and East York,Traffic Signal,Daylight,Dry,Passenger,Rear End,85 to 89,2012,13,43.639545,-79.38269,7,4,0,0,0,0,1,1,0,0,0
Motorcycle,Minor Arterial,Intersection,Scarborough,No Control,Daylight,Dry,Motorcycle Driver,Turning Movement,40 to 44,2012,19,43.788745,-79.16219,6,6,0,0,1,0,0,0,0,0,0
"Automobile, Station Wagon",Minor Arterial,Intersection,Scarborough,No Control,Daylight,Dry,Driver,Turning Movement,40 to 44,2012,19,43.788745,-79.16219,6,6,0,0,1,0,0,0,0,0,0
Other,Major Arterial,Intersection,Toronto and East York,No Control,"Dark, artificial",Dry,Vehicle Owner,Pedestrian Collisions,unknown,2012,1,43.683245,-79.41809,6,6,1,0,0,0,1,0,0,0,0
Other,Major Arterial,Mid-Block,Scarborough,No Control,Daylight,Dry,Driver,Approaching,30 to 34,2012,13,43.759445,-79.26799,8,3,0,0,1,0,0,0,0,1,0
Municipal Transit Bus (TTC),Minor Arterial,Intersection,Toronto and East York,Traffic Signal,Daylight,Dry,Driver,Rear End,25 to 29,2012,13,43.639545,-79.38269,7,4,0,0,0,0,1,1,0,0,0
"Automobile, Station Wagon",Collector,Intersection,Toronto and East York,Traffic Signal,Daylight,Dry,Driver,Cyclist Collisions,50 to 54,2012,10,43.646945,-79.41709,6,0,0,1,1,0,0,0,0,1,0
Other,Other,Mid-Block,Toronto and East York,No Control,Daylight,Dry,Pedestrian,Pedestrian Collisions,unknown,2012,12,43.696445,-79.29229,3,0,1,0,1,0,0,0,0,1,0
Other,Local,Intersection,Etobicoke York,No Control,Daylight,Dry,Driver,SMV Unattended Vehicle,20 to 24,2012,20,43.683245,-79.47639,5,1,0,0,1,0,0,0,0,0,0
Other,Major Arterial,Intersection,Scarborough,Traffic Signal,Daylight,Dry,Vehicle Owner,Turning Movement,unknown,2012,15,43.721545,-79.28499,4,0,0,0,1,0,0,0,0,1,0
Municipal Transit Bus (TTC),Major Arterial,Intersection,Toronto and East York,No Control,"Dark, artificial",Dry,Driver,Pedestrian Collisions,40 to 44,2012,1,43.683245,-79.41809,6,6,1,0,0,0,1,0,0,0,0
Other,Major Arterial,Mid-Block,Scarborough,No Control,Daylight,Dry,Vehicle Owner,Approaching,unknown,2012,13,43.759445,-79.26799,8,3,0,0,1,0,0,0,0,1,0
Other,Minor Arterial,Intersection,Toronto and East York,Traffic Signal,Daylight,Dry,Passenger,Rear End,50 to 54,2012,13,43.639545,-79.38269,7,4,0,0,0,0,1,1,0,0,0
Bicycle,Collector,Intersection,Toronto and East York,Traffic Signal,Daylight,Dry,Cyclist,Cyclist Collisions,30 to 34,2012,10,43.646945,-79.41709,6,0,0,1,1,0,0,0,0,1,0
Other,Minor Arterial,Intersection,Toronto and East York,No Control,Daylight,Dry,Vehicle Owner,Pedestrian Collisions,unknown,2012,16,43.670645,-79.29689,3,2,1,0,0,1,0,0,0,1,0
Other,Local,Intersection,Etobicoke York,No Control,Daylight,Dry,Vehicle Owner,SMV Unattended Vehicle,unknown,2012,20,43.683245,-79.47639,5,1,0,0,1,0,0,0,0,0,0
"Automobile, Station Wagon",Local,Intersection,Etobicoke York,No Control,Daylight,Dry,Other,SMV Unattended Vehicle,unknown,2012,20,43.683245,-79.47639,5,1,0,0,1,0,0,0,0,0,0
Other,Local,Intersection,Etobicoke York,No Control,Daylight,Dry,Vehicle Owner,SMV Unattended Vehicle,unknown,2012,20,43.683245,-79.47639,5,1,0,0,1,0,0,0,0,0,0
Other,Local,Intersection,Etobicoke York,No Control,Daylight,Dry,Vehicle Owner,SMV Unattended Vehicle,unknown,2012,20,43.683245,-79.47639,5,1,0,0,1,0,0,0,0,0,0
Other,Local,Intersection,Etobicoke York,No Control,Daylight,Dry,Vehicle Owner,SMV Unattended Vehicle,unknown,2012,20,43.683245,-79.47639,5,1,0,0,1,0,0,0,0,0,0
Other,Local,Intersection,Etobicoke York,No Control,Daylight,Dry,Vehicle Owner,SMV Unattended Vehicle,unknown,2012,20,43.683245,-79.47639,5,1,0,0,1,0,0,0,0,0,0
"Automobile, Station Wagon",Major Arterial,Intersection,Toronto and East York,Traffic Signal,Daylight,Dry,Driver,Cyclist Collisions,45 to 49,2012,18,43.646745,-79.39559,5,2,0,1,1,0,0,0,0,1,0