VEHTYPE,ROAD_CLASS,LOCCOORD,DISTRICT,TRAFFCTL,LIGHT,RDSFCOND,INVTYPE,IMPACTYPE,INVAGE,YEAR,TIME,LATITUDE,LONGITUDE,MONTH,DAY,PEDESTRIAN,CYCLIST,AUTOMOBILE,TRUCK,TRSN_CITY_VEH,PASSENGER,SPEEDING,AG_DRIV,ACCLASS
Other,Major Arterial,Intersection,Toronto and East York,Traffic Signal,"Dark, artificial",Dry,Pedestrian,Pedestrian Collisions,20 to 24,2012,1,43.649845,-79.39109,3,5,1,0,1,0,0,0,0,0,0
Motorcycle,Minor Arterial,Mid-Block,Scarborough,No Control,Daylight,Dry,Motorcycle Driver,Rear End,25 to 29,2012,17,43.771945,-79.27569,3,5,0,0,1,0,0,0,0,0,0
"Automobile, Station Wagon",Minor Arterial,Mid-Block,Scarborough,No Control,Daylight,Dry,Driver,Rear End,30 to 34,2012,17,43.771945,-79.27569,3,5,0,0,1,0,0,0,0,0,0
"Automobile, Station Wagon",Major Arterial,Mid-Block,Scarborough,No Control,"Dark, artificial",Wet,Driver,Approaching,45 to 49,2012,5,43.811245,-79.26899,4,6,0,0,1,0,0,0,0,0,0
Other,Major Arterial,Mid-Block,Scarborough,No Control,"Dark, artificial",Wet,Vehicle Owner,Approaching,unknown,2012,5,43.811245,-79.26899,4,6,0,0,1,0,0,0,0,0,0
"Automobile, Station Wagon",Major Arterial,Mid-Block,Scarborough,No Control,"Dark, artificial",Wet,Driver,Approaching,35 to 39,2012,5,43.811245,-79.26899,4,6,0,0,1,0,0,0,0,0,0
Other,Minor Arterial,Intersection,Toronto and East York,Pedestrian Crossover,Daylight,Wet,Vehicle Owner,Angle,unknown,2012,8,43.660645,-79.44359,4,6,0,0,1,0,0,1,0,1,0
Other,Minor Arterial,Intersection,Toronto and East York,Pedestrian Crossover,Daylight,Wet,Passenger,Angle,unknown,2012,8,43.660645,-79.44359,4,6,0,0,1,0,0,1,0,1,0
Taxi,Minor Arterial,Intersection,Toronto and East York,Pedestrian Crossover,Daylight,Wet,Driver,Angle,70 to 74,2012,8,43.660645,-79.44359,4,6,0,0,1,0,0,1,0,1,0
Other,Minor Arterial,Intersection,Toronto and East York,Pedestrian Crossover,Daylight,Wet,Vehicle Owner,Angle,unknown,2012,8,43.660645,-79.44359,4,6,0,0,1,0,0,1,0,1,0
"Automobile, Station Wagon",Minor Arterial,Intersection,Toronto and East York,Pedestrian Crossover,Daylight,Wet,Driver,Angle,55 to 59,2012,8,43.660645,-79.44359,4,6,0,0,1,0,0,1,0,1,0
"Automobile, Station Wagon",Major Arterial,Mid-Block,Etobicoke York,No Control,"Dawn, artificial",Dry,Driver,Pedestrian Collisions,40 to 44,2012,6,43.758245,-79.51239,4,0,1,0,1,0,0,0,0,0,1
Other,Major Arterial,Mid-Block,Etobicoke York,No Control,"Dawn, artificial",Dry,Pedestrian,Pedestrian Collisions,45 to 49,2012,6,43.758245,-79.51239,4,0,1,0,1,0,0,0,0,0,1
Other,Minor Arterial,Intersection,Toronto and East York,Traffic Signal,Daylight,Dry,Vehicle Owner,Pedestrian Collisions,unknown,2012,10,43.662644,-79.332789,4,0,1,0,1,0,0,0,0,1,0
Other,Minor Arterial,Intersection,Toronto and East York,Traffic Signal,Daylight,Dry,Passenger,Other,65 to 69,2012,7,43.671245,-79.37639,6,1,0,0,0,0,1,1,0,0,0
"Automobile, Station Wagon",Minor Arterial,Mid-Block,Etobicoke York,No Control,Daylight,Dry,Driver,Cyclist Collisions,60 to 64,2012,12,43.654746,-79.565189,6,0,0,1,1,0,0,0,0,0,0
Other,Major Arterial,Intersection,Toronto and East York,Traffic Signal,Daylight,Dry,Passenger,Cyclist Collisions,unknown,2012,17,43.659845,-79.43539,6,1,0,1,1,0,0,1,0,0,0
Bicycle,Minor Arterial,Mid-Block,Etobicoke York,No Control,Daylight,Dry,Cyclist,Cyclist Collisions,80 to 84,2012,12,43.654746,-79.565189,6,0,0,1,1,0,0,0,0,0,0
Other,Collector,Intersection,Etobicoke York,Traffic Signal,Daylight,Dry,Vehicle Owner,Angle,unknown,2012,16,43.676943,-79.489391,8,3,0,0,1,0,0,1,0,1,1
Other,Major Arterial,Intersection,Toronto and East York,Traffic Signal,Daylight,Dry,Passenger,Cyclist Collisions,unknown,2012,17,43.659845,-79.43539,6,1,0,1,1,0,0,1,0,0,0
Other,Minor Arterial,Intersection,Toronto and East York,Traffic Signal,Daylight,Dry,Passenger,Rear End,50 to 54,2012,13,43.639545,-79.38269,7,4,0,0,0,0,1,1,0,0,0
"Automobile, Station Wagon",Major Arterial,Intersection,Toronto and East York,Traffic Signal,Daylight,Dry,Driver,Cyclist Collisions,45 to 49,2012,16,43.656945,-79.40519,6,1,0,1,1,0,0,0,0,0,0
Bicycle,Major Arterial,Intersection,Toronto and East York,Traffic Signal,Daylight,Dry,Cyclist,Cyclist Collisions,30 to 34,2012,16,43.656945,-79.40519,6,1,0,1,1,0,0,0,0,0,0
"Automobile, Station Wagon",Major Arterial,Intersection,North York,Traffic Signal,Daylight,Dry,Driver,Cyclist Collisions,60 to 64,2012,19,43.734576,-79.447261,6,2,0,1,1,0,0,0,0,0,0
Bicycle,Major Arterial,Intersection,North York,Traffic Signal,Daylight,Dry,Cyclist,Cyclist Collisions,55 to 59,2012,19,43.734576,-79.447261,6,2,0,1,1,0,0,0,0,0,0
"Automobile, Station Wagon",Major Arterial,Intersection,Toronto and East York,Traffic Signal,"Dark, artificial",Dry,Driver,Cyclist Collisions,40 to 44,2012,2,43.656345,-79.38899,6,3,0,1,1,0,0,0,0,0,0
Bicycle,Major Arterial,Intersection,Toronto and East York,Traffic Signal,"Dark, artificial",Dry,Cyclist,Cyclist Collisions,50 to 54,2012,2,43.656345,-79.38899,6,3,0,1,1,0,0,0,0,0,0
Other,Major Arterial,Intersection,Toronto and East York,No Control,Daylight,Dry,Vehicle Owner,Pedestrian Collisions,unknown,2012,10,43.681243,-79.444392,6,4,1,0,0,0,1,0,0,0,0
Municipal Transit Bus (TTC),Major Arterial,Intersection,Toronto and East York,No Control,Daylight,Dry,Driver,Pedestrian Collisions,45 to 49,2012,10,43.681243,-79.444392,6,4,1,0,0,0,1,0,0,0,0
Other,Major Arterial,Intersection,Toronto and East York,No Control,Daylight,Dry,Pedestrian,Pedestrian Collisions,65 to 69,2012,10,43.681243,-79.444392,6,4,1,0,0,0,1,0,0,0,0
"Automobile, Station Wagon",Major Arterial,Intersection,Toronto and East York,Stop Sign,Daylight,Dry,Driver,Pedestrian Collisions,45 to 49,2012,19,43.650745,-79.47819,6,4,1,0,1,0,0,0,0,1,0
Other,Major Arterial,Intersection,Toronto and East York,Stop Sign,Daylight,Dry,Pedestrian,Pedestrian Collisions,30 to 34,2012,19,43.650745,-79.47819,6,4,1,0,1,0,0,0,0,1,0
"Automobile, Station Wagon",Major Arterial,Intersection,Etobicoke York,Traffic Signal,Daylight,Dry,Driver,Pedestrian Collisions,50 to 54,2012,20,43.736745,-79.59169,7,6,1,0,1,0,0,0,0,1,0
Other,Major Arterial,Intersection,Etobicoke York,Traffic Signal,Daylight,Dry,Pedestrian,Pedestrian Collisions,65 to 69,2012,20,43.736745,-79.59169,7,6,1,0,1,0,0,0,0,1,0
Motorcycle,Major Arterial,Mid-Block,Etobicoke York,No Control,Daylight,Dry,Motorcycle Driver,SMV Other,25 to 29,2012,18,43.743145,-79.58279,7,0,0,0,0,0,0,0,1,1,0
Other,Major Arterial,Intersection,Toronto and East York,Traffic Signal,Daylight,Dry,Vehicle Owner,Pedestrian Collisions,unknown,2012,10,43.665245,-79.37789,7,2,1,0,1,0,0,0,0,0,0
"Automobile, Station Wagon",Major Arterial,Intersection,Toronto and East York,Traffic Signal,Daylight,Dry,Driver,Pedestrian Collisions,25 to 29,2012,10,43.665245,-79.37789,7,2,1,0,1,0,0,0,0,0,0
Other,Major Arterial,Intersection,Toronto and East York,Traffic Signal,Daylight,Dry,Pedestrian,Pedestrian Collisions,50 to 54,2012,10,43.665245,-79.37789,7,2,1,0,1,0,0,0,0,0,0
Motorcycle,Major Arterial,Intersection,Etobicoke York,No Control,Daylight,Dry,Motorcycle Driver,Pedestrian Collisions,25 to 29,2012,17,43.614045,-79.52359,7,2,1,0,0,0,0,0,0,0,0
Other,Major Arterial,Intersection,Etobicoke York,No Control,Daylight,Dry,Pedestrian,Pedestrian Collisions,55 to 59,2012,17,43.614045,-79.52359,7,2,1,0,0,0,0,0,0,0,0
Truck - Open,Major Arterial,Mid-Block,Scarborough,No Control,Daylight,Dry,Truck Driver,Approaching,75 to 79,2012,12,43.748945,-79.27479,7,3,0,0,1,1,0,1,0,0,0
"Automobile, Station Wagon",Major Arterial,Mid-Block,Scarborough,No Control,Daylight,Dry,Driver,Approaching,20 to 24,2012,12,43.748945,-79.27479,7,3,0,0,1,1,0,1,0,0,0
Other,Major Arterial,Mid-Block,Scarborough,No Control,Daylight,Dry,Passenger,Approaching,10 to 14,2012,12,43.748945,-79.27479,7,3,0,0,1,1,0,1,0,0,0
Other,Major Arterial,Mid-Block,Scarborough,No Control,Daylight,Dry,Vehicle Owner,Approaching,unknown,2012,12,43.748945,-79.27479,7,3,0,0,1,1,0,1,0,0,0
"Automobile, Station Wagon",Major Arterial,Mid-Block,Scarborough,No Control,Daylight,Dry,Driver,Approaching,50 to 54,2012,12,43.748945,-79.27479,7,3,0,0,1,1,0,1,0,0,0
"Automobile, Station Wagon",Major Arterial,Mid-Block,Scarborough,No Control,Daylight,Dry,Driver,Approaching,30 to 34,2012,12,43.748945,-79.27479,7,3,0,0,1,1,0,1,0,0,0
Other,Major Arterial,Mid-Block,Scarborough,No Control,Daylight,Dry,Passenger,Approaching,40 to 44,2012,12,43.748945,-79.27479,7,3,0,0,1,1,0,1,0,0,0
Other,Major Arterial,Mid-Block,Scarborough,No Control,Daylight,Dry,Passenger,Approaching,20 to 24,2012,12,43.748945,-79.27479,7,3,0,0,1,1,0,1,0,0,0
"Automobile, Station Wagon",Major Arterial,Mid-Block,Scarborough,No Control,Daylight,Dry,Driver,Approaching,45 to 49,2012,12,43.748945,-79.27479,7,3,0,0,1,1,0,1,0,0,0
"Automobile, Station Wagon",Major Arterial,Intersection,Toronto and East York,No Control,Daylight,Dry,Driver,Turning Movement,20 to 24,2012,16,43.649845,-79.38709,7,3,0,0,1,0,0,0,0,1,0
"Automobile, Station Wagon",Major Arterial,Intersection,Toronto and East York,No Control,Daylight,Dry,Driver,Turning Movement,45 to 49,2012,16,43.649845,-79.38709,7,3,0,0,1,0,0,0,0,1,0
Other,Major Arterial,Intersection,Toronto and East York,No Control,Daylight,Dry,Other Property Owner,Turning Movement,unknown,2012,16,43.649845,-79.38709,7,3,0,0,1,0,0,0,0,1,0
Other,Major Arterial,Intersection,Scarborough,Traffic Signal,Daylight,Dry,Vehicle Owner,Cyclist Collisions,unknown,2012,10,43.821345,-79.31689,7,4,0,1,1,0,0,0,0,1,0
"Automobile, Station Wagon",Major Arterial,Intersection,Scarborough,Traffic Signal,Daylight,Dry,Driver,Cyclist Collisions,55 to 59,2012,10,43.821345,-79.31689,7,4,0,1,1,0,0,0,0,1,0
Bicycle,Major Arterial,Intersection,Scarborough,Traffic Signal,Daylight,Dry,Cyclist,Cyclist Collisions,75 to 79,2012,10,43.821345,-79.31689,7,4,0,1,1,0,0,0,0,1,0
"Automobile, Station Wagon",Major Arterial,Intersection,Toronto and East York,Traffic Signal,Daylight,Dry,Driver,Cyclist Collisions,25 to 29,2012,17,43.661545,-79.40979,7,4,0,1,1,0,0,0,0,0,0
Bicycle,Major Arterial,Intersection,Toronto and East York,Traffic Signal,Daylight,Dry,Cyclist,Cyclist Collisions,25 to 29,2012,17,43.661545,-79.40979,7,4,0,1,1,0,0,0,0,0,0
Other,Major Arterial,Mid-Block,Scarborough,No Control,"Dark, artificial",Dry,Passenger,SMV Other,20 to 24,2012,22,43.823245,-79.24749,7,4,0,0,1,0,0,1,1,1,0
"Automobile, Station Wagon",Major Arterial,Mid-Block,Scarborough,No Control,"Dark, artificial",Dry,Driver,SMV Other,20 to 24,2012,22,43.823245,-79.24749,7,4,0,0,1,0,0,1,1,1,0
"Automobile, Station Wagon",Collector,Mid-Block,Scarborough,No Control,"Dark, artificial",Dry,Driver,Pedestrian Collisions,35 to 39,2012,1,43.797045,-79.20439,7,6,1,0,1,0,0,0,1,1,0
Other,Collector,Mid-Block,Scarborough,No Control,"Dark, artificial",Dry,Pedestrian,Pedestrian Collisions,25 to 29,2012,1,43.797045,-79.20439,7,6,1,0,1,0,0,0,1,1,0
Motorcycle,Minor Arterial,Intersection,Scarborough,No Control,Daylight,Loose Sand or Gravel,Motorcycle Driver,SMV Other,35 to 39,2012,10,43.809045,-79.16619,7,6,0,0,0,0,0,0,0,0,0
"Automobile, Station Wagon",Major Arterial,Intersection,Toronto and East York,Traffic Signal,Daylight,Dry,Driver,Angle,30 to 34,2012,11,43.650845,-79.38659,7,6,0,0,1,0,0,1,0,1,0
Other,Major Arterial,Intersection,Toronto and East York,Traffic Signal,Daylight,Dry,Passenger,Angle,30 to 34,2012,11,43.650845,-79.38659,7,6,0,0,1,0,0,1,0,1,0
"Automobile, Station Wagon",Major Arterial,Intersection,Toronto and East York,Traffic Signal,Daylight,Dry,Driver,Angle,40 to 44,2012,11,43.650845,-79.38659,7,6,0,0,1,0,0,1,0,1,0
Other,Major Arterial,Intersection,Toronto and East York,Traffic Signal,Daylight,Dry,Vehicle Owner,Angle,unknown,2012,11,43.650845,-79.38659,7,6,0,0,1,0,0,1,0,1,0
Other,Major Arterial,Intersection,Toronto and East York,Traffic Signal,Daylight,Dry,Passenger,Angle,25 to 29,2012,11,43.650845,-79.38659,7,6,0,0,1,0,0,1,0,1,0
"Automobile, Station Wagon",Major Arterial,Intersection,Toronto and East York,Traffic Signal,Daylight,Dry,Driver,Angle,45 to 49,2012,11,43.650845,-79.38659,7,6,0,0,1,0,0,1,0,1,0
"Automobile, Station Wagon",Major Arterial,Intersection,North York,Traffic Signal,Daylight,Dry,Driver,Pedestrian Collisions,20 to 24,2012,19,43.751645,-79.45669,7,6,1,0,1,0,0,0,0,1,1
Other,Major Arterial,Intersection,North York,Traffic Signal,Daylight,Dry,Pedestrian,Pedestrian Collisions,25 to 29,2012,19,43.751645,-79.45669,7,6,1,0,1,0,0,0,0,1,1
"Automobile, Station Wagon",Major Arterial,Intersection,Etobicoke York,Traffic Signal,"Dark, artificial",Dry,Driver,SMV Other,25 to 29,2012,3,43.763445,-79.49099,7,0,0,0,1,0,0,0,0,0,0
Other,Local,Mid-Block,Toronto and East York,No Control,Daylight,Dry,Passenger,SMV Other,80 to 84,2012,9,43.647745,-79.40369,7,0,0,0,1,0,0,1,0,0,1
"Automobile, Station Wagon",Local,Mid-Block,Toronto and East York,No Control,Daylight,Dry,Driver,SMV Other,85 to 89,2012,9,43.647745,-79.40369,7,0,0,0,1,0,0,1,0,0,1
Other,Collector,Mid-Block,Toronto and East York,No Control,Daylight,Dry,Vehicle Owner,Cyclist Collisions,unknown,2012,18,43.654645,-79.38579,7,1,0,1,1,0,0,0,0,0,0
"Automobile, Station Wagon",Collector,Mid-Block,Toronto and East York,No Control,Daylight,Dry,Driver,Cyclist Collisions,45 to 49,2012,18,43.654645,-79.38579,7,1,0,1,1,0,0,0,0,0,0
Bicycle,Collector,Mid-Block,Toronto and East York,No Control,Daylight,Dry,Cyclist,Cyclist Collisions,45 to 49,2012,18,43.654645,-79.38579,7,1,0,1,1,0,0,0,0,0,0
"Automobile, Station Wagon",Major Arterial,Mid-Block,Toronto and East York,No Control,Daylight,Dry,Driver,Pedestrian Collisions,45 to 49,2012,16,43.679745,-79.39859,7,2,1,0,1,0,0,0,0,0,0
Other,Major Arterial,Mid-Block,Toronto and East York,No Control,Daylight,Dry,Pedestrian,Pedestrian Collisions,20 to 24,2012,16,43.679745,-79.39859,7,2,1,0,1,0,0,0,0,0,0
"Automobile, Station Wagon",Collector,Intersection,North York,No Control,Daylight,Dry,Driver,Pedestrian Collisions,50 to 54,2012,12,43.697045,-79.37009,7,3,1,0,1,0,0,0,0,0,0
Other,Collector,Intersection,North York,No Control,Daylight,Dry,Pedestrian,Pedestrian Collisions,85 to 89,2012,12,43.697045,-79.37009,7,3,1,0,1,0,0,0,0,0,0
Motorcycle,Minor Arterial,Mid-Block,Etobicoke York,No Control,"Dark, artificial",Dry,Motorcycle Driver,SMV Other,25 to 29,2012,23,43.657545,-79.56829,7,3,0,0,0,0,0,0,1,1,0
"Automobile, Station Wagon",Major Arterial,Intersection,Etobicoke York,Traffic Signal,Daylight,Dry,Driver,Cyclist Collisions,75 to 79,2012,7,43.737245,-79.56529,7,4,0,1,1,0,0,0,0,1,0
Bicycle,Major Arterial,Intersection,Etobicoke York,Traffic Signal,Daylight,Dry,Cyclist,Cyclist Collisions,35 to 39,2012,7,43.737245,-79.56529,7,4,0,1,1,0,0,0,0,1,0
Other,Major Arterial,Mid-Block,Etobicoke York,No Control,Daylight,Dry,Vehicle Owner,Pedestrian Collisions,unknown,2012,14,43.720645,-79.50989,7,4,1,0,1,0,0,0,0,1,0
"Automobile, Station Wagon",Major Arterial,Mid-Block,Etobicoke York,No Control,Daylight,Dry,Driver,Pedestrian Collisions,unknown,2012,14,43.720645,-79.50989,7,4,1,0,1,0,0,0,0,1,0
Other,Major Arterial,Mid-Block,Etobicoke York,No Control,Daylight,Dry,Pedestrian,Pedestrian Collisions,50 to 54,2012,14,43.720645,-79.50989,7,4,1,0,1,0,0,0,0,1,0
"Automobile, Station Wagon",Major Arterial,Intersection,North York,Traffic Signal,Daylight,Dry,Driver,Angle,60 to 64,2012,15,43.805545,-79.38579,7,4,0,0,1,0,0,0,0,1,0
"Automobile, Station Wagon",Major Arterial,Intersection,North York,Traffic Signal,Daylight,Dry,Driver,Angle,30 to 34,2012,15,43.805545,-79.38579,7,4,0,0,1,0,0,0,0,1,0
"Automobile, Station Wagon",Major Arterial,Mid-Block,Scarborough,No Control,"Dark, artificial",Dry,Driver,Pedestrian Collisions,20 to 24,2012,22,43.736445,-79.24899,7,4,1,0,1,0,0,0,0,0,1
Other,Major Arterial,Mid-Block,Scarborough,No Control,"Dark, artificial",Dry,Pedestrian,Pedestrian Collisions,45 to 49,2012,22,43.736445,-79.24899,7,4,1,0,1,0,0,0,0,0,1
Other,Collector,Mid-Block,North York,No Control,Daylight,Dry,Vehicle Owner,SMV Other,unknown,2012,16,43.795045,-79.40849,7,6,0,0,1,0,0,1,0,0,0
"Automobile, Station Wagon",Collector,Mid-Block,North York,No Control,Daylight,Dry,Driver,SMV Other,35 to 39,2012,16,43.795045,-79.40849,7,6,0,0,1,0,0,1,0,0,0
Other,Collector,Mid-Block,North York,No Control,Daylight,Dry,Passenger,SMV Other,30 to 34,2012,16,43.795045,-79.40849,7,6,0,0,1,0,0,1,0,0,0
Motorcycle,Collector,Mid-Block,Etobicoke York,No Control,Dark,Dry,Motorcycle Driver,SMV Other,30 to 34,2012,0,43.671445,-79.51739,7,2,0,0,0,0,0,0,0,0,0
Other,Local,Mid-Block,Toronto and East York,No Control,Daylight,Dry,Vehicle Owner,Turning Movement,unknown,2012,10,43.639445,-79.34579,7,2,0,0,0,1,0,0,0,1,0
Truck - Open,Local,Mid-Block,Toronto and East York,No Control,Daylight,Dry,Truck Driver,Turning Movement,25 to 29,2012,10,43.639445,-79.34579,7,2,0,0,0,1,0,0,0,1,0
Motorcycle,Local,Mid-Block,Toronto and East York,No Control,Daylight,Dry,Motorcycle Driver,Turning Movement,30 to 34,2012,10,43.639445,-79.34579,7,2,0,0,0,1,0,0,0,1,0
Other,Local,Mid-Block,Toronto and East York,No Control,Daylight,Dry,Other,Turning Movement,unknown,2012,10,43.639445,-79.34579,7,2,0,0,0,1,0,0,0,1,0
"Automobile, Station Wagon",Major Arterial,Mid-Block,Scarborough,No Control,Daylight,Dry,Driver,Cyclist Collisions,20 to 24,2012,18,43.780345,-79.30099,7,2,0,1,1,0,0,0,0,1,0
Bicycle,Major Arterial,Mid-Block,Scarborough,No Control,Daylight,Dry,Cyclist,Cyclist Collisions,15 to 19,2012,18,43.780345,-79.30099,7,2,0,1,1,0,0,0,0,1,0
Other,Major Arterial,Mid-Block,Toronto and East York,No Control,Daylight,Dry,Vehicle Owner,Rear End,unknown,2012,12,43.651845,-79.37819,7,4,0,0,1,0,1,0,0,0,0
"Automobile, Station Wagon",Major Arterial,Mid-Block,Toronto and East York,No Control,Daylight,Dry,Driver,Rear End,45 to 49,2012,12,43.651845,-79.37819,7,4,0,0,1,0,1,0,0,0,0
Other,Major Arterial,Mid-Block,Toronto and East York,No Control,Daylight,Dry,Vehicle Owner,Rear End,unknown,2012,12,43.651845,-79.37819,7,4,0,0,1,0,1,0,0,0,0
Municipal Transit Bus (TTC),Major Arterial,Mid-Block,Toronto and East York,No Control,Daylight,Dry,Driver,Rear End,35 to 39,2012,12,43.651845,-79.37819,7,4,0,0,1,0,1,0,0,0,0
Other,Minor Arterial,Intersection,Toronto and East York,Traffic Signal,Daylight,Dry,Passenger,Rear End,25 to 29,2012,13,43.639545,-79.38269,7,4,0,0,0,0,1,1,0,0,0
Other,Minor Arterial,Intersection,Toronto and East York,Traffic Signal,Daylight,Dry,Passenger,Rear End,10 to 14,2012,13,43.639545,-79.38269,7,4,0,0,0,0,1,1,0,0,0
Other,Minor Arterial,Intersection,Toronto and East York,Traffic Signal,Daylight,Dry,Passenger,Rear End,55 to 59,2012,13,43.639545,-79.38269,7,4,0,0,0,0,1,1,0,0,0
Other,Minor Arterial,Intersection,Toronto and East York,Traffic Signal,Daylight,Dry,Passenger,Rear End,35 to 39,2012,13,43.639545,-79.38269,7,4,0,0,0,0,1,1,0,0,0
Other,Major Arterial,Intersection,Toronto and East York,Traffic Signal,Daylight,Dry,Vehicle Owner,Cyclist Collisions,unknown,2012,17,43.659845,-79.43539,6,1,0,1,1,0,0,1,0,0,0
Other,Minor Arterial,Intersection,Toronto and East York,Traffic Signal,Daylight,Dry,Passenger,Rear End,45 to 49,2012,13,43.639545,-79.38269,7,4,0,0,0,0,1,1,0,0,0
Other,Minor Arterial,Intersection,Toronto and East York,Traffic Signal,Daylight,Dry,Passenger,Rear End,55 to 59,2012,13,43.639545,-79.38269,7,4,0,0,0,0,1,1,0,0,0
"Automobile, Station Wagon",Collector,Intersection,Etobicoke York,Traffic Signal,Daylight,Dry,Driver,Angle,25 to 29,2012,16,43.676943,-79.489391,8,3,0,0,1,0,0,1,0,1,1
"Automobile, Station Wagon",Major Arterial,Intersection,Toronto and East York,Traffic Signal,Daylight,Dry,Driver,Cyclist Collisions,50 to 54,2012,17,43.659845,-79.43539,6,1,0,1,1,0,0,1,0,0,0
Other,Minor Arterial,Intersection,Toronto and East York,Traffic Signal,Daylight,Dry,Passenger,Rear End,55 to 59,2012,13,43.639545,-79.38269,7,4,0,0,0,0,1,1,0,0,0
Motorcycle,Collector,Intersection,Etobicoke York,Traffic Signal,Daylight,Dry,Motorcycle Driver,Angle,40 to 44,2012,16,43.676943,-79.489391,8,3,0,0,1,0,0,1,0,1,1
Other,Minor Arterial,Intersection,Toronto and East York,Traffic Signal,Daylight,Dry,Passenger,Rear End,55 to 59,2012,13,43.639545,-79.38269,7,4,0,0,0,0,1,1,0,0,0
Bicycle,Major Arterial,Intersection,Toronto and East York,Traffic Signal,Daylight,Dry,Cyclist,Cyclist Collisions,35 to 39,2012,17,43.659845,-79.43539,6,1,0,1,1,0,0,1,0,0,0
Other,Major Arterial,Intersection,Etobicoke York,Traffic Signal,Daylight,Dry,Passenger,Angle,85 to 89,2012,14,43.716945,-79.55599,8,4,0,0,1,0,0,1,0,1,0
Other,Minor Arterial,Intersection,Toronto and East York,Traffic Signal,Daylight,Dry,Passenger,Rear End,40 to 44,2012,13,43.639545,-79.38269,7,4,0,0,0,0,1,1,0,0,0
"Automobile, Station Wagon",Minor Arterial,Mid-Block,Toronto and East York,No Control,Dark,Dry,Driver,Pedestrian Collisions,65 to 69,2012,2,43.662045,-79.37259,7,0,1,0,1,0,0,0,0,0,0
Other,Minor Arterial,Mid-Block,Toronto and East York,No Control,Dark,Dry,Pedestrian,Pedestrian Collisions,40 to 44,2012,2,43.662045,-79.37259,7,0,1,0,1,0,0,0,0,0,0
"Automobile, Station Wagon",Major Arterial,Intersection,Toronto and East York,Traffic Signal,Daylight,Dry,Driver,Cyclist Collisions,50 to 54,2012,8,43.663045,-79.38379,7,0,0,1,1,0,0,0,0,0,0
Bicycle,Major Arterial,Intersection,Toronto and East York,Traffic Signal,Daylight,Dry,Cyclist,Cyclist Collisions,25 to 29,2012,8,43.663045,-79.38379,7,0,0,1,1,0,0,0,0,0,0
Other,Major Arterial,Intersection,Etobicoke York,No Control,Daylight,Dry,Pedestrian,Pedestrian Collisions,10 to 14,2012,8,43.747345,-79.56439,7,1,1,0,1,0,0,0,0,0,0
"Automobile, Station Wagon",Major Arterial,Intersection,Etobicoke York,No Control,Daylight,Dry,Driver,Pedestrian Collisions,30 to 34,2012,8,43.747345,-79.56439,7,1,1,0,1,0,0,0,0,0,0
Other,Major Arterial,Mid-Block,Scarborough,No Control,Daylight,Dry,Passenger,Other,70 to 74,2012,16,43.779745,-79.30349,7,2,0,0,0,0,1,1,0,0,0
Other,Major Arterial,Mid-Block,Scarborough,No Control,Daylight,Dry,Vehicle Owner,Other,unknown,2012,16,43.779745,-79.30349,7,2,0,0,0,0,1,1,0,0,0
Municipal Transit Bus (TTC),Major Arterial,Mid-Block,Scarborough,No Control,Daylight,Dry,Driver,Other,50 to 54,2012,16,43.779745,-79.30349,7,2,0,0,0,0,1,1,0,0,0
Other,Collector,Mid-Block,Scarborough,No Control,Daylight,Dry,Vehicle Owner,Turning Movement,unknown,2012,17,43.783345,-79.30029,7,2,0,0,1,0,0,0,0,1,0
Motorcycle,Collector,Mid-Block,Scarborough,No Control,Daylight,Dry,Motorcycle Driver,Turning Movement,25 to 29,2012,17,43.783345,-79.30029,7,2,0,0,1,0,0,0,0,1,0
Other,Collector,Mid-Block,Scarborough,No Control,Daylight,Dry,Vehicle Owner,Turning Movement,unknown,2012,17,43.783345,-79.30029,7,2,0,0,1,0,0,0,0,1,0
"Automobile, Station Wagon",Collector,Mid-Block,Scarborough,No Control,Daylight,Dry,Driver,Turning Movement,35 to 39,2012,17,43.783345,-79.30029,7,2,0,0,1,0,0,0,0,1,0
Other,Major Arterial,Intersection,Scarborough,Traffic Signal,"Dusk, artificial",Dry,Vehicle Owner,Cyclist Collisions,unknown,2012,22,43.767646,-79.189586,7,4,0,1,1,0,0,0,0,0,1
"Automobile, Station Wagon",Major Arterial,Intersection,Scarborough,Traffic Signal,"Dusk, artificial",Dry,Driver,Cyclist Collisions,15 to 19,2012,22,43.767646,-79.189586,7,4,0,1,1,0,0,0,0,0,1
Bicycle,Major Arterial,Intersection,Scarborough,Traffic Signal,"Dusk, artificial",Dry,Cyclist,Cyclist Collisions,15 to 19,2012,22,43.767646,-79.189586,7,4,0,1,1,0,0,0,0,0,1
Other,Major Arterial,Intersection,Etobicoke York,No Control,Daylight,Dry,Vehicle Owner,Pedestrian Collisions,unknown,2012,12,43.720045,-79.59679,7,5,1,0,1,0,0,0,0,0,1
"Automobile, Station Wagon",Major Arterial,Intersection,Etobicoke York,No Control,Daylight,Dry,Driver,Pedestrian Collisions,30 to 34,2012,12,43.720045,-79.59679,7,5,1,0,1,0,0,0,0,0,1
Other,Major Arterial,Intersection,Etobicoke York,No Control,Daylight,Dry,Pedestrian,Pedestrian Collisions,60 to 64,2012,12,43.720045,-79.59679,7,5,1,0,1,0,0,0,0,0,1
Other,Major Arterial,Intersection,Toronto and East York,Traffic Signal,Daylight,Dry,Passenger,Turning Movement,0 to 4,2012,17,43.654945,-79.33739,7,6,0,0,1,0,0,1,0,0,0
Other,Major Arterial,Intersection,Toronto and East York,Traffic Signal,Daylight,Dry,Passenger,Turning Movement,35 to 39,2012,17,43.654945,-79.33739,7,6,0,0,1,0,0,1,0,0,0