VEHTYPE,ROAD_CLASS,LOCCOORD,DISTRICT,TRAFFCTL,LIGHT,RDSFCOND,INVTYPE,IMPACTYPE,INVAGE,YEAR,TIME,LATITUDE,LONGITUDE,MONTH,DAY,PEDESTRIAN,CYCLIST,AUTOMOBILE,TRUCK,TRSN_CITY_VEH,PASSENGER,SPEEDING,AG_DRIV,ACCLASS
Other,Major Arterial,Intersection,North York,No Control,Daylight,Dry,Vehicle Owner,Pedestrian Collisions,unknown,2012,10,43.782045,-79.39149,9,0,1,0,1,0,0,0,0,1,1
"Automobile, Station Wagon",Major Arterial,Intersection,North York,No Control,Daylight,Dry,Driver,Pedestrian Collisions,50 to 54,2012,10,43.782045,-79.39149,9,0,1,0,1,0,0,0,0,1,1
Other,Major Arterial,Intersection,North York,No Control,Daylight,Dry,Pedestrian,Pedestrian Collisions,75 to 79,2012,10,43.782045,-79.39149,9,0,1,0,1,0,0,0,0,1,1
Motorcycle,Major Arterial,Intersection,Scarborough,No Control,Daylight,Dry,Motorcycle Driver,Rear End,50 to 54,2012,18,43.727745,-79.25249,9,0,0,0,1,0,0,0,0,1,0
"Automobile, Station Wagon",Major Arterial,Intersection,Scarborough,No Control,Daylight,Dry,Driver,Rear End,55 to 59,2012,18,43.727745,-79.25249,9,0,0,0,1,0,0,0,0,1,0
Motorcycle,Minor Arterial,Intersection,North York,Stop Sign,Daylight,Dry,Motorcycle Driver,Angle,20 to 24,2012,9,43.710745,-79.44449,9,1,0,0,1,0,0,0,1,1,1
Other,Minor Arterial,Intersection,North York,Stop Sign,Daylight,Dry,Vehicle Owner,Angle,unknown,2012,9,43.710745,-79.44449,9,1,0,0,1,0,0,0,1,1,1
"Automobile, Station Wagon",Minor Arterial,Intersection,North York,Stop Sign,Daylight,Dry,Driver,Angle,45 to 49,2012,9,43.710745,-79.44449,9,1,0,0,1,0,0,0,1,1,1
Motorcycle,Major Arterial,Intersection,North York,No Control,Daylight,Dry,Motorcycle Driver,Pedestrian Collisions,20 to 24,2012,7,43.764445,-79.31809,9,3,1,0,0,0,0,0,0,0,0
Other,Major Arterial,Intersection,North York,No Control,Daylight,Dry,Pedestrian,Pedestrian Collisions,45 to 49,2012,7,43.764445,-79.31809,9,3,1,0,0,0,0,0,0,0,0
"Automobile, Station Wagon",Major Arterial,Intersection,Scarborough,Traffic Signal,Daylight,Dry,Driver,Pedestrian Collisions,30 to 34,2012,9,43.729945,-79.27789,9,5,1,0,1,0,0,0,0,1,0
Other,Major Arterial,Intersection,Scarborough,Traffic Signal,Daylight,Dry,Pedestrian,Pedestrian Collisions,70 to 74,2012,9,43.729945,-79.27789,9,5,1,0,1,0,0,0,0,1,0
Bicycle,Major Arterial,Intersection,Toronto and East York,Streetcar (Stop for),Daylight,Dry,Pedestrian,Pedestrian Collisions,60 to 64,2012,18,43.649279,-79.393665,6,1,1,1,0,0,0,0,0,0,0
Bicycle,Major Arterial,Intersection,Toronto and East York,Streetcar (Stop for),Daylight,Dry,Cyclist,Pedestrian Collisions,20 to 24,2012,18,43.649279,-79.393665,6,1,1,1,0,0,0,0,0,0,0
"Automobile, Station Wagon",Major Arterial,Intersection,Toronto and East York,Traffic Signal,Dusk,Dry,Driver,Cyclist Collisions,25 to 29,2012,21,43.659845,-79.43539,6,1,0,1,1,0,0,1,0,0,0
Other,Major Arterial,Intersection,Toronto and East York,Traffic Signal,Dusk,Dry,Passenger,Cyclist Collisions,30 to 34,2012,21,43.659845,-79.43539,6,1,0,1,1,0,0,1,0,0,0
Other,Major Arterial,Intersection,Toronto and East York,Traffic Signal,Dusk,Dry,Passenger,Cyclist Collisions,20 to 24,2012,21,43.659845,-79.43539,6,1,0,1,1,0,0,1,0,0,0
Bicycle,Major Arterial,Intersection,Toronto and East York,Traffic Signal,Dusk,Dry,Cyclist,Cyclist Collisions,20 to 24,2012,21,43.659845,-79.43539,6,1,0,1,1,0,0,1,0,0,0
"Automobile, Station Wagon",Major Arterial,Mid-Block,Toronto and East York,No Control,"Dark, artificial",Dry,Driver,Pedestrian Collisions,60 to 64,2012,23,43.660745,-79.38289,6,2,1,0,1,0,0,0,0,0,0
Other,Major Arterial,Mid-Block,Toronto and East York,No Control,"Dark, artificial",Dry,Pedestrian,Pedestrian Collisions,15 to 19,2012,23,43.660745,-79.38289,6,2,1,0,1,0,0,0,0,0,0
Other,Minor Arterial,Mid-Block,Toronto and East York,No Control,Daylight,Dry,Passenger,Other,45 to 49,2012,9,43.656445,-79.36479,6,3,0,0,0,0,1,1,0,0,0
Other,Minor Arterial,Mid-Block,Toronto and East York,No Control,Daylight,Dry,Vehicle Owner,Other,unknown,2012,9,43.656445,-79.36479,6,3,0,0,0,0,1,1,0,0,0
Municipal Transit Bus (TTC),Minor Arterial,Mid-Block,Toronto and East York,No Control,Daylight,Dry,Driver,Other,50 to 54,2012,9,43.656445,-79.36479,6,3,0,0,0,0,1,1,0,0,0
"Automobile, Station Wagon",Local,Intersection,Toronto and East York,Stop Sign,"Dark, artificial",Dry,Driver,Cyclist Collisions,unknown,2012,20,43.661045,-79.45059,6,3,0,1,1,0,0,0,0,1,0
Bicycle,Local,Intersection,Toronto and East York,Stop Sign,"Dark, artificial",Dry,Cyclist,Cyclist Collisions,45 to 49,2012,20,43.661045,-79.45059,6,3,0,1,1,0,0,0,0,1,0
"Automobile, Station Wagon",Major Arterial,Intersection,North York,No Control,Daylight,Dry,Driver,Turning Movement,35 to 39,2012,15,43.736845,-79.34499,6,4,0,0,1,0,0,0,0,1,1
Motorcycle,Major Arterial,Intersection,North York,No Control,Daylight,Dry,Motorcycle Driver,Turning Movement,40 to 44,2012,15,43.736845,-79.34499,6,4,0,0,1,0,0,0,0,1,1
"Automobile, Station Wagon",Major Arterial,Mid-Block,Toronto and East York,No Control,Dark,Dry,Driver,SMV Unattended Vehicle,45 to 49,2012,23,43.677145,-79.44679,6,4,0,0,1,0,0,0,1,1,0
Other,Major Arterial,Mid-Block,Toronto and East York,No Control,Dark,Dry,Other,SMV Unattended Vehicle,unknown,2012,23,43.677145,-79.44679,6,4,0,0,1,0,0,0,1,1,0
Other,Major Arterial,Mid-Block,Toronto and East York,No Control,Dark,Dry,Vehicle Owner,SMV Unattended Vehicle,unknown,2012,23,43.677145,-79.44679,6,4,0,0,1,0,0,0,1,1,0
Motorcycle,Major Arterial,Mid-Block,Toronto and East York,No Control,Dark,Dry,Motorcycle Driver,SMV Unattended Vehicle,35 to 39,2012,23,43.677145,-79.44679,6,4,0,0,1,0,0,0,1,1,0
"Automobile, Station Wagon",Major Arterial,Intersection,Etobicoke York,No Control,Daylight,Wet,Driver,Pedestrian Collisions,60 to 64,2012,10,43.779245,-79.50419,6,5,1,0,1,0,0,0,0,0,0
Other,Major Arterial,Intersection,Etobicoke York,No Control,Daylight,Wet,Pedestrian,Pedestrian Collisions,20 to 24,2012,10,43.779245,-79.50419,6,5,1,0,1,0,0,0,0,0,0
"Automobile, Station Wagon",Major Arterial,Intersection,Toronto and East York,Traffic Signal,Daylight,Dry,Driver,Cyclist Collisions,50 to 54,2012,19,43.664545,-79.41379,6,6,0,1,1,0,0,0,0,0,0
Bicycle,Major Arterial,Intersection,Toronto and East York,Traffic Signal,Daylight,Dry,Cyclist,Cyclist Collisions,45 to 49,2012,19,43.664545,-79.41379,6,6,0,1,1,0,0,0,0,0,0
Other,Minor Arterial,Intersection,Toronto and East York,Traffic Signal,"Dark, artificial",Dry,Vehicle Owner,Pedestrian Collisions,unknown,2012,21,43.674745,-79.43099,6,1,1,0,0,0,1,0,0,1,0
Municipal Transit Bus (TTC),Minor Arterial,Intersection,Toronto and East York,Traffic Signal,"Dark, artificial",Dry,Driver,Pedestrian Collisions,20 to 24,2012,21,43.674745,-79.43099,6,1,1,0,0,0,1,0,0,1,0
Other,Minor Arterial,Intersection,Toronto and East York,Traffic Signal,"Dark, artificial",Dry,Pedestrian,Pedestrian Collisions,80 to 84,2012,21,43.674745,-79.43099,6,1,1,0,0,0,1,0,0,1,0
Other,Major Arterial,Intersection,Scarborough,No Control,Daylight,Dry,Vehicle Owner,Turning Movement,unknown,2012,9,43.744545,-79.29829,6,2,0,0,1,0,1,1,0,1,0
"Automobile, Station Wagon",Major Arterial,Intersection,Scarborough,No Control,Daylight,Dry,Driver,Turning Movement,40 to 44,2012,9,43.744545,-79.29829,6,2,0,0,1,0,1,1,0,1,0
Other,Major Arterial,Intersection,Scarborough,No Control,Daylight,Dry,Passenger,Turning Movement,20 to 24,2012,9,43.744545,-79.29829,6,2,0,0,1,0,1,1,0,1,0
Other,Major Arterial,Intersection,Scarborough,No Control,Daylight,Dry,Vehicle Owner,Turning Movement,unknown,2012,9,43.744545,-79.29829,6,2,0,0,1,0,1,1,0,1,0
Other,Major Arterial,Intersection,Scarborough,No Control,Daylight,Dry,Vehicle Owner,Turning Movement,unknown,2012,9,43.744545,-79.29829,6,2,0,0,1,0,1,1,0,1,0
Municipal Transit Bus (TTC),Major Arterial,Intersection,Scarborough,No Control,Daylight,Dry,Driver,Turning Movement,50 to 54,2012,9,43.744545,-79.29829,6,2,0,0,1,0,1,1,0,1,0
"Automobile, Station Wagon",Minor Arterial,Intersection,Toronto and East York,Traffic Signal,Daylight,Dry,Driver,Cyclist Collisions,unknown,2012,11,43.663645,-79.35929,6,2,0,1,1,0,0,0,0,1,0
Bicycle,Minor Arterial,Intersection,Toronto and East York,Traffic Signal,Daylight,Dry,Cyclist,Cyclist Collisions,50 to 54,2012,11,43.663645,-79.35929,6,2,0,1,1,0,0,0,0,1,0
Other,Major Arterial,Intersection,Etobicoke York,Traffic Signal,Daylight,Dry,Vehicle Owner,Pedestrian Collisions,unknown,2012,13,43.733745,-79.53819,6,2,1,0,1,0,0,0,0,1,0
"Automobile, Station Wagon",Major Arterial,Intersection,Etobicoke York,Traffic Signal,Daylight,Dry,Driver,Pedestrian Collisions,20 to 24,2012,13,43.733745,-79.53819,6,2,1,0,1,0,0,0,0,1,0
Other,Major Arterial,Intersection,Etobicoke York,Traffic Signal,Daylight,Dry,Pedestrian,Pedestrian Collisions,70 to 74,2012,13,43.733745,-79.53819,6,2,1,0,1,0,0,0,0,1,0
"Automobile, Station Wagon",Minor Arterial,Intersection,Toronto and East York,No Control,Daylight,Dry,Driver,Cyclist Collisions,60 to 64,2012,18,43.666145,-79.35289,6,2,0,1,1,0,0,0,0,1,0
Bicycle,Minor Arterial,Intersection,Toronto and East York,No Control,Daylight,Dry,Cyclist,Cyclist Collisions,40 to 44,2012,18,43.666145,-79.35289,6,2,0,1,1,0,0,0,0,1,0
"Automobile, Station Wagon",Minor Arterial,Mid-Block,Scarborough,No Control,Daylight,Dry,Driver,SMV Other,60 to 64,2012,18,43.816745,-79.21069,6,2,0,0,1,0,0,0,1,1,0
Other,Minor Arterial,Mid-Block,Scarborough,No Control,Daylight,Dry,Other Property Owner,SMV Other,unknown,2012,18,43.816745,-79.21069,6,2,0,0,1,0,0,0,1,1,0
Other,Minor Arterial,Mid-Block,Scarborough,No Control,Daylight,Dry,Other Property Owner,SMV Other,unknown,2012,18,43.816745,-79.21069,6,2,0,0,1,0,0,0,1,1,0
"Automobile, Station Wagon",Major Arterial,Intersection,Toronto and East York,Traffic Signal,Daylight,Dry,Driver,Pedestrian Collisions,45 to 49,2012,8,43.646245,-79.39819,6,3,1,0,1,0,0,0,0,0,1
Other,Major Arterial,Intersection,Toronto and East York,Traffic Signal,Daylight,Dry,Pedestrian,Pedestrian Collisions,30 to 34,2012,8,43.646245,-79.39819,6,3,1,0,1,0,0,0,0,0,1
Other,Major Arterial,Mid-Block,Toronto and East York,No Control,Daylight,Dry,Pedestrian,Pedestrian Collisions,20 to 24,2012,13,43.671445,-79.39529,6,3,1,0,1,0,0,0,0,0,0
"Automobile, Station Wagon",Major Arterial,Mid-Block,Toronto and East York,No Control,Daylight,Dry,Driver,Pedestrian Collisions,60 to 64,2012,13,43.671445,-79.39529,6,3,1,0,1,0,0,0,0,0,0
"Automobile, Station Wagon",Major Arterial,Mid-Block,Toronto and East York,No Control,Daylight,Dry,Driver,Sideswipe,45 to 49,2012,15,43.646545,-79.36659,6,3,0,0,1,0,0,0,0,0,0
Other,Major Arterial,Mid-Block,Toronto and East York,No Control,Daylight,Dry,Vehicle Owner,Sideswipe,unknown,2012,15,43.646545,-79.36659,6,3,0,0,1,0,0,0,0,0,0
"Automobile, Station Wagon",Major Arterial,Mid-Block,Toronto and East York,No Control,Daylight,Dry,Driver,Sideswipe,40 to 44,2012,15,43.646545,-79.36659,6,3,0,0,1,0,0,0,0,0,0
"Automobile, Station Wagon",Major Arterial,Mid-Block,Toronto and East York,No Control,Daylight,Dry,Driver,Sideswipe,65 to 69,2012,15,43.646545,-79.36659,6,3,0,0,1,0,0,0,0,0,0
Other,Major Arterial,Intersection,Toronto and East York,No Control,Daylight,Dry,Motorcycle Passenger,Turning Movement,25 to 29,2012,16,43.669545,-79.43949,6,5,0,0,1,0,0,1,0,1,0
Motorcycle,Major Arterial,Intersection,Toronto and East York,No Control,Daylight,Dry,Motorcycle Driver,Turning Movement,35 to 39,2012,16,43.669545,-79.43949,6,5,0,0,1,0,0,1,0,1,0
Other,Major Arterial,Intersection,Toronto and East York,No Control,Daylight,Dry,Vehicle Owner,Turning Movement,unknown,2012,16,43.669545,-79.43949,6,5,0,0,1,0,0,1,0,1,0
"Automobile, Station Wagon",Major Arterial,Intersection,Toronto and East York,No Control,Daylight,Dry,Driver,Turning Movement,60 to 64,2012,16,43.669545,-79.43949,6,5,0,0,1,0,0,1,0,1,0
"Automobile, Station Wagon",Major Arterial,Intersection,Toronto and East York,Traffic Signal,"Dark, artificial",Dry,Driver,Pedestrian Collisions,20 to 24,2012,22,43.641045,-79.43449,6,5,1,0,1,0,0,0,0,0,0
Other,Major Arterial,Intersection,Toronto and East York,Traffic Signal,"Dark, artificial",Dry,Pedestrian,Pedestrian Collisions,60 to 64,2012,22,43.641045,-79.43449,6,5,1,0,1,0,0,0,0,0,0
"Automobile, Station Wagon",Major Arterial,Intersection,Toronto and East York,No Control,"Dark, artificial",Dry,Driver,Pedestrian Collisions,20 to 24,2012,0,43.649045,-79.39089,6,6,1,0,1,0,0,0,0,0,0
Other,Major Arterial,Intersection,Toronto and East York,No Control,"Dark, artificial",Dry,Pedestrian,Pedestrian Collisions,20 to 24,2012,0,43.649045,-79.39089,6,6,1,0,1,0,0,0,0,0,0
"Automobile, Station Wagon",Major Arterial,Intersection,Toronto and East York,Traffic Signal,Daylight,Dry,Driver,Pedestrian Collisions,30 to 34,2012,15,43.678945,-79.34479,6,0,1,0,1,0,0,0,0,1,0
Other,Major Arterial,Intersection,Toronto and East York,Traffic Signal,Daylight,Dry,Pedestrian,Pedestrian Collisions,40 to 44,2012,15,43.678945,-79.34479,6,0,1,0,1,0,0,0,0,1,0
Other,Major Arterial,Mid-Block,Scarborough,No Control,Daylight,Dry,Vehicle Owner,Turning Movement,unknown,2012,11,43.806245,-79.28829,6,1,0,0,1,0,0,0,1,1,0
Motorcycle,Major Arterial,Mid-Block,Scarborough,No Control,Daylight,Dry,Motorcycle Driver,Turning Movement,25 to 29,2012,11,43.806245,-79.28829,6,1,0,0,1,0,0,0,1,1,0
"Automobile, Station Wagon",Major Arterial,Mid-Block,Scarborough,No Control,Daylight,Dry,Driver,Turning Movement,40 to 44,2012,11,43.806245,-79.28829,6,1,0,0,1,0,0,0,1,1,0
"Automobile, Station Wagon",Major Arterial,Intersection,Etobicoke York,Traffic Signal,Daylight,Dry,Driver,Pedestrian Collisions,55 to 59,2012,15,43.702845,-79.50379,6,1,1,0,1,0,0,0,0,1,0
Other,Major Arterial,Intersection,Etobicoke York,Traffic Signal,Daylight,Dry,Pedestrian,Pedestrian Collisions,50 to 54,2012,15,43.702845,-79.50379,6,1,1,0,1,0,0,0,0,1,0
"Automobile, Station Wagon",Minor Arterial,Intersection,Toronto and East York,No Control,Daylight,Dry,Driver,Rear End,20 to 24,2012,16,43.670245,-79.37039,6,1,0,0,1,0,0,0,0,1,0
"Automobile, Station Wagon",Minor Arterial,Intersection,Toronto and East York,No Control,Daylight,Dry,Driver,Rear End,65 to 69,2012,16,43.670245,-79.37039,6,1,0,0,1,0,0,0,0,1,0
Other,Minor Arterial,Intersection,Toronto and East York,No Control,Daylight,Dry,Vehicle Owner,Rear End,unknown,2012,16,43.670245,-79.37039,6,1,0,0,1,0,0,0,0,1,0
"Automobile, Station Wagon",Minor Arterial,Intersection,Toronto and East York,No Control,Daylight,Dry,Driver,Rear End,25 to 29,2012,16,43.670245,-79.37039,6,1,0,0,1,0,0,0,0,1,0
"Automobile, Station Wagon",Major Arterial,Intersection,Scarborough,Traffic Signal,Daylight,Dry,Driver,Turning Movement,15 to 19,2012,9,43.753245,-79.27629,6,3,0,0,1,0,0,0,0,1,0
"Automobile, Station Wagon",Major Arterial,Intersection,Scarborough,Traffic Signal,Daylight,Dry,Driver,Turning Movement,30 to 34,2012,9,43.753245,-79.27629,6,3,0,0,1,0,0,0,0,1,0
"Automobile, Station Wagon",Major Arterial,Mid-Block,Scarborough,No Control,Daylight,Dry,Driver,Cyclist Collisions,75 to 79,2012,16,43.779745,-79.30349,6,3,0,1,1,0,0,0,0,0,0
Bicycle,Major Arterial,Mid-Block,Scarborough,No Control,Daylight,Dry,Cyclist,Cyclist Collisions,60 to 64,2012,16,43.779745,-79.30349,6,3,0,1,1,0,0,0,0,0,0
Other,Minor Arterial,Mid-Block,Toronto and East York,No Control,"Dusk, artificial",Wet,Vehicle Owner,Pedestrian Collisions,unknown,2012,20,43.643445,-79.43779,6,3,1,0,1,0,0,0,0,1,0
"Automobile, Station Wagon",Minor Arterial,Mid-Block,Toronto and East York,No Control,"Dusk, artificial",Wet,Driver,Pedestrian Collisions,30 to 34,2012,20,43.643445,-79.43779,6,3,1,0,1,0,0,0,0,1,0
Other,Minor Arterial,Mid-Block,Toronto and East York,No Control,"Dusk, artificial",Wet,Pedestrian,Pedestrian Collisions,20 to 24,2012,20,43.643445,-79.43779,6,3,1,0,1,0,0,0,0,1,0
Other,Major Arterial,Mid-Block,Scarborough,No Control,Dusk,Dry,Pedestrian,Pedestrian Collisions,50 to 54,2013,19,43.817045,-79.29329,3,4,1,0,1,0,0,0,0,0,0
"Automobile, Station Wagon",Minor Arterial,Intersection,Scarborough,Stop Sign,Daylight,Wet,Driver,Turning Movement,50 to 54,2013,11,43.818945,-79.26739,4,2,0,0,1,0,0,1,0,1,0
Other,Major Arterial,Mid-Block,Scarborough,No Control,Dusk,Dry,Pedestrian,Pedestrian Collisions,25 to 29,2013,19,43.817045,-79.29329,3,4,1,0,1,0,0,0,0,0,0
Truck - Open,Minor Arterial,Intersection,Toronto and East York,Pedestrian Crossover,Daylight,Wet,Truck Driver,Rear End,25 to 29,2013,14,43.659545,-79.34669,5,4,0,0,1,1,0,0,0,1,0
"Automobile, Station Wagon",Major Arterial,Mid-Block,North York,No Control,Dawn,Dry,Driver,Sideswipe,45 to 49,2013,5,43.782445,-79.40319,3,5,0,0,1,0,0,1,1,1,0
"Automobile, Station Wagon",Major Arterial,Intersection,North York,Traffic Signal,Daylight,Wet,Driver,Turning Movement,65 to 69,2013,14,43.733545,-79.48369,4,2,0,0,1,0,0,0,1,1,0
Other,Minor Arterial,Intersection,Toronto and East York,Pedestrian Crossover,Daylight,Wet,Vehicle Owner,Rear End,unknown,2013,14,43.659545,-79.34669,5,4,0,0,1,1,0,0,0,1,0
Other,Major Arterial,Mid-Block,North York,No Control,Dawn,Dry,Passenger,Sideswipe,45 to 49,2013,5,43.782445,-79.40319,3,5,0,0,1,0,0,1,1,1,0
"Automobile, Station Wagon",Major Arterial,Intersection,North York,Traffic Signal,Daylight,Wet,Driver,Turning Movement,65 to 69,2013,14,43.733545,-79.48369,4,2,0,0,1,0,0,0,1,1,0
"Automobile, Station Wagon",Minor Arterial,Intersection,Toronto and East York,Pedestrian Crossover,Daylight,Wet,Driver,Rear End,55 to 59,2013,14,43.659545,-79.34669,5,4,0,0,1,1,0,0,0,1,0
Other,Major Arterial,Intersection,Scarborough,Traffic Signal,Daylight,Dry,Passenger,Pedestrian Collisions,50 to 54,2013,12,43.832644,-79.267993,8,1,1,0,0,1,1,1,1,1,1
Other,Major Arterial,Mid-Block,North York,No Control,Dawn,Dry,Vehicle Owner,Sideswipe,unknown,2013,5,43.782445,-79.40319,3,5,0,0,1,0,0,1,1,1,0
"Automobile, Station Wagon",Major Arterial,Mid-Block,North York,No Control,Dawn,Dry,Driver,Sideswipe,20 to 24,2013,5,43.782445,-79.40319,3,5,0,0,1,0,0,1,1,1,0
Other,Local,Intersection,Scarborough,Stop Sign,Daylight,Dry,Vehicle Owner,Cyclist Collisions,unknown,2013,11,43.829145,-79.27609,3,5,0,1,1,0,0,0,0,0,0
"Automobile, Station Wagon",Local,Intersection,Scarborough,Stop Sign,Daylight,Dry,Driver,Cyclist Collisions,55 to 59,2013,11,43.829145,-79.27609,3,5,0,1,1,0,0,0,0,0,0
Bicycle,Local,Intersection,Scarborough,Stop Sign,Daylight,Dry,Cyclist,Cyclist Collisions,55 to 59,2013,11,43.829145,-79.27609,3,5,0,1,1,0,0,0,0,0,0
Other,Minor Arterial,Intersection,Etobicoke York,Stop Sign,Daylight,Dry,Passenger,Angle,15 to 19,2013,10,43.610145,-79.49589,3,6,0,0,1,0,1,1,0,0,0
Other,Minor Arterial,Intersection,Etobicoke York,Stop Sign,Daylight,Dry,Vehicle Owner,Angle,unknown,2013,10,43.610145,-79.49589,3,6,0,0,1,0,1,1,0,0,0
Municipal Transit Bus (TTC),Minor Arterial,Intersection,Etobicoke York,Stop Sign,Daylight,Dry,Driver,Angle,45 to 49,2013,10,43.610145,-79.49589,3,6,0,0,1,0,1,1,0,0,0
"Automobile, Station Wagon",Minor Arterial,Intersection,Etobicoke York,Stop Sign,Daylight,Dry,Driver,Angle,50 to 54,2013,10,43.610145,-79.49589,3,6,0,0,1,0,1,1,0,0,0
Other,Local,Mid-Block,Etobicoke York,No Control,Daylight,Dry,Vehicle Owner,Angle,unknown,2013,8,43.635545,-79.52659,3,0,0,0,1,1,0,0,0,0,0
Truck - Open,Local,Mid-Block,Etobicoke York,No Control,Daylight,Dry,Truck Driver,Angle,25 to 29,2013,8,43.635545,-79.52659,3,0,0,0,1,1,0,0,0,0,0
"Automobile, Station Wagon",Local,Mid-Block,Etobicoke York,No Control,Daylight,Dry,Driver,Angle,55 to 59,2013,8,43.635545,-79.52659,3,0,0,0,1,1,0,0,0,0,0
"Automobile, Station Wagon",Major Arterial,Mid-Block,North York,No Control,"Dark, artificial",Wet,Vehicle Owner,Pedestrian Collisions,unknown,2013,21,43.721343,-79.301288,3,1,1,0,1,0,0,0,0,1,1
"Automobile, Station Wagon",Major Arterial,Mid-Block,North York,No Control,"Dark, artificial",Wet,Driver,Pedestrian Collisions,30 to 34,2013,21,43.721343,-79.301288,3,1,1,0,1,0,0,0,0,1,1
"Automobile, Station Wagon",Major Arterial,Mid-Block,North York,No Control,"Dark, artificial",Wet,Pedestrian,Pedestrian Collisions,35 to 39,2013,21,43.721343,-79.301288,3,1,1,0,1,0,0,0,0,1,1
Other,Major Arterial,Intersection,Toronto and East York,Traffic Signal,Daylight,Wet,Vehicle Owner,Pedestrian Collisions,unknown,2013,9,43.674145,-79.45999,3,2,1,0,1,0,0,0,0,0,0
"Automobile, Station Wagon",Major Arterial,Intersection,Toronto and East York,Traffic Signal,Daylight,Wet,Driver,Pedestrian Collisions,40 to 44,2013,9,43.674145,-79.45999,3,2,1,0,1,0,0,0,0,0,0
Other,Major Arterial,Intersection,Toronto and East York,Traffic Signal,Daylight,Wet,Pedestrian,Pedestrian Collisions,10 to 14,2013,9,43.674145,-79.45999,3,2,1,0,1,0,0,0,0,0,0
"Automobile, Station Wagon",Major Arterial,Intersection,Scarborough,Traffic Signal,"Dark, artificial",Dry,Driver,Angle,50 to 54,2013,20,43.824977,-79.286044,3,2,0,0,1,0,0,0,0,1,0
Other,Major Arterial,Intersection,Scarborough,Traffic Signal,"Dark, artificial",Dry,Vehicle Owner,Angle,unknown,2013,20,43.824977,-79.286044,3,2,0,0,1,0,0,0,0,1,0
"Automobile, Station Wagon",Major Arterial,Intersection,Scarborough,Traffic Signal,"Dark, artificial",Dry,Driver,Angle,50 to 54,2013,20,43.824977,-79.286044,3,2,0,0,1,0,0,0,0,1,0
"Truck - Closed (Blazer, etc)",Collector,Intersection,Scarborough,Stop Sign,Daylight,Wet,Vehicle Owner,Pedestrian Collisions,unknown,2013,16,43.703646,-79.25159,3,3,1,0,0,1,0,0,0,1,1
"Truck - Closed (Blazer, etc)",Collector,Intersection,Scarborough,Stop Sign,Daylight,Wet,Truck Driver,Pedestrian Collisions,60 to 64,2013,16,43.703646,-79.25159,3,3,1,0,0,1,0,0,0,1,1
"Truck - Closed (Blazer, etc)",Collector,Intersection,Scarborough,Stop Sign,Daylight,Wet,Pedestrian,Pedestrian Collisions,10 to 14,2013,16,43.703646,-79.25159,3,3,1,0,0,1,0,0,0,1,1
"Truck - Closed (Blazer, etc)",Collector,Intersection,Scarborough,Stop Sign,Daylight,Wet,Pedestrian,Pedestrian Collisions,5 to 9,2013,16,43.703646,-79.25159,3,3,1,0,0,1,0,0,0,1,1
"Truck - Closed (Blazer, etc)",Collector,Intersection,Scarborough,Stop Sign,Daylight,Wet,Pedestrian,Pedestrian Collisions,5 to 9,2013,16,43.703646,-79.25159,3,3,1,0,0,1,0,0,0,1,1
Other,Minor Arterial,Intersection,Toronto and East York,Stop Sign,Dusk,Dry,Vehicle Owner,Cyclist Collisions,unknown,2013,18,43.668445,-79.31959,3,4,0,1,1,0,0,0,0,0,0
"Automobile, Station Wagon",Minor Arterial,Intersection,Toronto and East York,Stop Sign,Dusk,Dry,Driver,Cyclist Collisions,50 to 54,2013,18,43.668445,-79.31959,3,4,0,1,1,0,0,0,0,0,0
Bicycle,Minor Arterial,Intersection,Toronto and East York,Stop Sign,Dusk,Dry,Cyclist,Cyclist Collisions,30 to 34,2013,18,43.668445,-79.31959,3,4,0,1,1,0,0,0,0,0,0
"Automobile, Station Wagon",Major Arterial,Mid-Block,Etobicoke York,No Control,"Dark, artificial",Dry,Driver,Pedestrian Collisions,70 to 74,2013,0,43.755745,-79.52499,3,6,1,0,1,0,0,0,0,0,0
Other,Major Arterial,Mid-Block,Etobicoke York,No Control,"Dark, artificial",Dry,Pedestrian,Pedestrian Collisions,30 to 34,2013,0,43.755745,-79.52499,3,6,1,0,1,0,0,0,0,0,0
Other,Major Arterial,Intersection,Toronto and East York,Stop Sign,"Dark, artificial",Dry,Passenger,Cyclist Collisions,20 to 24,2013,4,43.658045,-79.44399,3,6,0,1,1,0,0,1,0,0,0
"Automobile, Station Wagon",Major Arterial,Intersection,Toronto and East York,Stop Sign,"Dark, artificial",Dry,Driver,Cyclist Collisions,30 to 34,2013,4,43.658045,-79.44399,3,6,0,1,1,0,0,1,0,0,0
Bicycle,Major Arterial,Intersection,Toronto and East York,Stop Sign,"Dark, artificial",Dry,Cyclist,Cyclist Collisions,20 to 24,2013,4,43.658045,-79.44399,3,6,0,1,1,0,0,1,0,0,0
"Automobile, Station Wagon",Major Arterial,Intersection,Scarborough,Traffic Signal,"Dark, artificial",Wet,Driver,Pedestrian Collisions,65 to 69,2013,20,43.747545,-79.28479,3,0,1,0,1,0,0,0,0,1,0
Other,Major Arterial,Intersection,Scarborough,Traffic Signal,"Dark, artificial",Wet,Pedestrian,Pedestrian Collisions,20 to 24,2013,20,43.747545,-79.28479,3,0,1,0,1,0,0,0,0,1,0
"Automobile, Station Wagon",Major Arterial,Intersection,Etobicoke York,Traffic Signal,"Dark, artificial",Wet,Driver,Pedestrian Collisions,55 to 59,2013,21,43.633545,-79.57079,3,0,1,0,1,0,0,0,0,1,0
Other,Major Arterial,Intersection,Etobicoke York,Traffic Signal,"Dark, artificial",Wet,Pedestrian,Pedestrian Collisions,25 to 29,2013,21,43.633545,-79.57079,3,0,1,0,1,0,0,0,0,1,0