VEHTYPE,ROAD_CLASS,LOCCOORD,DISTRICT,TRAFFCTL,LIGHT,RDSFCOND,INVTYPE,IMPACTYPE,INVAGE,YEAR,TIME,LATITUDE,LONGITUDE,MONTH,DAY,PEDESTRIAN,CYCLIST,AUTOMOBILE,TRUCK,TRSN_CITY_VEH,PASSENGER,SPEEDING,AG_DRIV,ACCLASS
"Automobile, Station Wagon",Minor Arterial,Intersection,Scarborough,Traffic Signal,Daylight,Dry,Driver,Turning Movement,40 to 44,2013,9,43.814245,-79.23709,2,3,0,0,1,0,0,0,0,1,0
"Automobile, Station Wagon",Minor Arterial,Intersection,Scarborough,Traffic Signal,Daylight,Dry,Driver,Turning Movement,20 to 24,2013,9,43.814245,-79.23709,2,3,0,0,1,0,0,0,0,1,0
Other,Minor Arterial,Intersection,Toronto and East York,No Control,"Dark, artificial",Wet,Vehicle Owner,Pedestrian Collisions,unknown,2013,2,43.669845,-79.30089,2,4,1,0,1,0,0,0,1,1,0
"Automobile, Station Wagon",Minor Arterial,Intersection,Toronto and East York,No Control,"Dark, artificial",Wet,Driver,Pedestrian Collisions,30 to 34,2013,2,43.669845,-79.30089,2,4,1,0,1,0,0,0,1,1,0
Other,Minor Arterial,Intersection,Toronto and East York,No Control,"Dark, artificial",Wet,Pedestrian,Pedestrian Collisions,20 to 24,2013,2,43.669845,-79.30089,2,4,1,0,1,0,0,0,1,1,0
"Automobile, Station Wagon",Collector,Mid-Block,North York,No Control,Dark,Dry,Driver,Pedestrian Collisions,20 to 24,2013,21,43.700545,-79.44969,2,4,1,0,1,0,0,0,0,0,0
Other,Collector,Mid-Block,North York,No Control,Dark,Dry,Pedestrian,Pedestrian Collisions,50 to 54,2013,21,43.700545,-79.44969,2,4,1,0,1,0,0,0,0,0,0
"Automobile, Station Wagon",Major Arterial,Intersection,Toronto and East York,Traffic Signal,Daylight,Wet,Driver,Pedestrian Collisions,35 to 39,2013,9,43.647845,-79.37739,2,1,1,0,1,0,0,0,0,1,0
Other,Major Arterial,Intersection,Toronto and East York,Traffic Signal,Daylight,Wet,Pedestrian,Pedestrian Collisions,65 to 69,2013,9,43.647845,-79.37739,2,1,1,0,1,0,0,0,0,1,0
Other,Major Arterial,Intersection,Etobicoke York,Stop Sign,Daylight,Dry,Passenger,Turning Movement,35 to 39,2013,9,43.677245,-79.49609,2,2,0,0,1,0,0,1,0,1,0
Other,Major Arterial,Intersection,Etobicoke York,Stop Sign,Daylight,Dry,Vehicle Owner,Turning Movement,unknown,2013,9,43.677245,-79.49609,2,2,0,0,1,0,0,1,0,1,0
"Automobile, Station Wagon",Major Arterial,Intersection,Etobicoke York,Stop Sign,Daylight,Dry,Driver,Turning Movement,50 to 54,2013,9,43.677245,-79.49609,2,2,0,0,1,0,0,1,0,1,0
Other,Major Arterial,Intersection,Etobicoke York,Stop Sign,Daylight,Dry,Vehicle Owner,Turning Movement,unknown,2013,9,43.677245,-79.49609,2,2,0,0,1,0,0,1,0,1,0
"Automobile, Station Wagon",Major Arterial,Intersection,Etobicoke York,Stop Sign,Daylight,Dry,Driver,Turning Movement,35 to 39,2013,9,43.677245,-79.49609,2,2,0,0,1,0,0,1,0,1,0
"Automobile, Station Wagon",Major Arterial,Intersection,Etobicoke York,Stop Sign,Daylight,Dry,Driver,Turning Movement,35 to 39,2013,9,43.677245,-79.49609,2,2,0,0,1,0,0,1,0,1,0
Other,Major Arterial,Intersection,Etobicoke York,Stop Sign,Daylight,Dry,Passenger,Turning Movement,20 to 24,2013,9,43.677245,-79.49609,2,2,0,0,1,0,0,1,0,1,0
"Automobile, Station Wagon",Major Arterial,Intersection,Etobicoke York,Stop Sign,Daylight,Dry,Driver,Turning Movement,15 to 19,2013,9,43.677245,-79.49609,2,2,0,0,1,0,0,1,0,1,0
"Automobile, Station Wagon",Major Arterial,Intersection,Scarborough,No Control,Daylight,Dry,Driver,Pedestrian Collisions,35 to 39,2013,8,43.731245,-79.26759,2,3,1,0,1,0,0,0,0,1,0
Other,Major Arterial,Intersection,Scarborough,No Control,Daylight,Dry,Pedestrian,Pedestrian Collisions,25 to 29,2013,8,43.731245,-79.26759,2,3,1,0,1,0,0,0,0,1,0
"Automobile, Station Wagon",Major Arterial,Intersection,North York,Traffic Signal,Daylight,Dry,Driver,Pedestrian Collisions,60 to 64,2013,9,43.752645,-79.45189,2,3,1,0,1,0,0,0,0,1,0
Other,Major Arterial,Intersection,North York,Traffic Signal,Daylight,Dry,Pedestrian,Pedestrian Collisions,20 to 24,2013,9,43.752645,-79.45189,2,3,1,0,1,0,0,0,0,1,0
Other,Local,Mid-Block,North York,No Control,Dark,Dry,Pedestrian,Pedestrian Collisions,75 to 79,2013,7,43.766845,-79.37599,2,1,1,0,1,0,0,0,0,0,0
"Automobile, Station Wagon",Local,Mid-Block,North York,No Control,Dark,Dry,Driver,Pedestrian Collisions,60 to 64,2013,7,43.766845,-79.37599,2,1,1,0,1,0,0,0,0,0,0
"Automobile, Station Wagon",Major Arterial,Mid-Block,Etobicoke York,No Control,Dark,Wet,Driver,SMV Other,60 to 64,2013,21,43.672345,-79.46849,2,1,0,0,1,0,0,0,0,0,0
Other,Major Arterial,Mid-Block,Etobicoke York,No Control,Dark,Wet,Other Property Owner,SMV Other,unknown,2013,21,43.672345,-79.46849,2,1,0,0,1,0,0,0,0,0,0
Other,Major Arterial,Intersection,Etobicoke York,Traffic Signal,Daylight,Wet,Vehicle Owner,Pedestrian Collisions,unknown,2013,14,43.682145,-79.47159,2,3,1,0,0,0,1,0,0,0,0
Municipal Transit Bus (TTC),Major Arterial,Intersection,Etobicoke York,Traffic Signal,Daylight,Wet,Driver,Pedestrian Collisions,35 to 39,2013,14,43.682145,-79.47159,2,3,1,0,0,0,1,0,0,0,0
Other,Major Arterial,Intersection,Etobicoke York,Traffic Signal,Daylight,Wet,Pedestrian,Pedestrian Collisions,35 to 39,2013,14,43.682145,-79.47159,2,3,1,0,0,0,1,0,0,0,0
"Automobile, Station Wagon",Major Arterial,Mid-Block,North York,No Control,Daylight,Wet,Driver,Pedestrian Collisions,40 to 44,2013,11,43.781345,-79.35199,3,4,1,0,1,0,0,0,0,0,0
Other,Major Arterial,Mid-Block,North York,No Control,Daylight,Wet,Pedestrian,Pedestrian Collisions,80 to 84,2013,11,43.781345,-79.35199,3,4,1,0,1,0,0,0,0,0,0
"Automobile, Station Wagon",Major Arterial,Mid-Block,Scarborough,No Control,Dusk,Dry,Driver,Pedestrian Collisions,65 to 69,2013,19,43.817045,-79.29329,3,4,1,0,1,0,0,0,0,0,0
Other,Major Arterial,Mid-Block,Scarborough,No Control,Dusk,Dry,Pedestrian,Pedestrian Collisions,0 to 4,2013,19,43.817045,-79.29329,3,4,1,0,1,0,0,0,0,0,0
Other,Major Arterial,Intersection,Etobicoke York,No Control,Dark,Wet,Other Property Owner,SMV Other,unknown,2013,1,43.718745,-79.53769,5,5,0,0,1,0,0,0,1,1,0
"Automobile, Station Wagon",Major Arterial,Intersection,Scarborough,Traffic Signal,"Dark, artificial",Wet,Driver,Angle,15 to 19,2012,1,43.774325,-79.241756,12,6,0,0,1,0,0,1,0,1,0
Municipal Transit Bus (TTC),Major Arterial,Intersection,Scarborough,Traffic Signal,Daylight,Dry,Passenger,Pedestrian Collisions,20 to 24,2013,12,43.832644,-79.267993,8,1,1,0,0,1,1,1,1,1,1
"Automobile, Station Wagon",Major Arterial,Intersection,North York,Traffic Signal,Dark,Dry,Driver,Pedestrian Collisions,55 to 59,2012,20,43.801045,-79.40619,12,0,1,0,1,0,0,0,0,0,0
"Automobile, Station Wagon",Major Arterial,Intersection,Scarborough,No Control,Daylight,Dry,Driver,Approaching,40 to 44,2013,17,43.782145,-79.20699,7,1,0,0,1,0,0,0,0,0,0
Other,Major Arterial,Intersection,Etobicoke York,No Control,Dark,Wet,Other Property Owner,SMV Other,unknown,2013,1,43.718745,-79.53769,5,5,0,0,1,0,0,0,1,1,0
Other,Major Arterial,Intersection,North York,Traffic Signal,Dark,Dry,Pedestrian,Pedestrian Collisions,25 to 29,2012,20,43.801045,-79.40619,12,0,1,0,1,0,0,0,0,0,0
Municipal Transit Bus (TTC),Major Arterial,Intersection,Scarborough,Traffic Signal,Daylight,Dry,Passenger,Pedestrian Collisions,unknown,2013,12,43.832644,-79.267993,8,1,1,0,0,1,1,1,1,1,1
Other,Minor Arterial,Intersection,Toronto and East York,No Control,Dark,Dry,Pedestrian,Pedestrian Collisions,10 to 14,2012,17,43.691645,-79.30339,11,2,1,0,1,0,0,0,0,1,0
"Automobile, Station Wagon",Major Arterial,Intersection,Scarborough,No Control,Daylight,Dry,Driver,Cyclist Collisions,60 to 64,2013,7,43.691493,-79.287105,7,2,0,1,1,0,0,0,0,1,0
Other,Major Arterial,Intersection,Etobicoke York,No Control,Dark,Wet,Other Property Owner,SMV Other,unknown,2013,1,43.718745,-79.53769,5,5,0,0,1,0,0,0,1,1,0
Other,Minor Arterial,Intersection,Toronto and East York,Traffic Signal,Dark,Dry,Vehicle Owner,Pedestrian Collisions,unknown,2012,7,43.664445,-79.36809,12,1,1,0,0,1,0,0,0,0,0
Municipal Transit Bus (TTC),Major Arterial,Intersection,Scarborough,Traffic Signal,Daylight,Dry,Passenger,Pedestrian Collisions,5 to 9,2013,12,43.832644,-79.267993,8,1,1,0,0,1,1,1,1,1,1
Other,Major Arterial,Intersection,Scarborough,Traffic Signal,Dark,Dry,Vehicle Owner,Rear End,unknown,2012,1,43.754345,-79.29839,11,3,0,0,1,0,0,0,1,1,0
Bicycle,Major Arterial,Intersection,Scarborough,No Control,Daylight,Dry,Cyclist,Cyclist Collisions,25 to 29,2013,7,43.691493,-79.287105,7,2,0,1,1,0,0,0,0,1,0
"Automobile, Station Wagon",Local,Mid-Block,North York,No Control,Daylight,Dry,Driver,Pedestrian Collisions,25 to 29,2013,12,43.773045,-79.42179,7,2,1,0,1,0,0,0,0,0,0
Other,Local,Mid-Block,North York,No Control,Daylight,Dry,Pedestrian,Pedestrian Collisions,75 to 79,2013,12,43.773045,-79.42179,7,2,1,0,1,0,0,0,0,0,0
Municipal Transit Bus (TTC),Major Arterial,Intersection,Toronto and East York,Traffic Signal,Daylight,Dry,Driver,Pedestrian Collisions,35 to 39,2013,13,43.655841,-79.399219,7,2,1,0,0,0,1,0,0,0,0
Other,Major Arterial,Intersection,Toronto and East York,Traffic Signal,Daylight,Dry,Pedestrian,Pedestrian Collisions,65 to 69,2013,13,43.655841,-79.399219,7,2,1,0,0,0,1,0,0,0,0
"Automobile, Station Wagon",Major Arterial,Intersection,Etobicoke York,Traffic Signal,Daylight,Dry,Driver,Pedestrian Collisions,20 to 24,2013,14,43.647345,-79.51139,7,2,1,0,1,0,0,0,0,0,0
Other,Major Arterial,Intersection,Etobicoke York,Traffic Signal,Daylight,Dry,Pedestrian,Pedestrian Collisions,55 to 59,2013,14,43.647345,-79.51139,7,2,1,0,1,0,0,0,0,0,0
"Automobile, Station Wagon",Minor Arterial,Intersection,Toronto and East York,Traffic Signal,Daylight,Dry,Driver,Cyclist Collisions,35 to 39,2013,19,43.643408,-79.391277,7,2,0,1,1,0,0,0,0,1,0
Bicycle,Minor Arterial,Intersection,Toronto and East York,Traffic Signal,Daylight,Dry,Cyclist,Cyclist Collisions,25 to 29,2013,19,43.643408,-79.391277,7,2,0,1,1,0,0,0,0,1,0
"Automobile, Station Wagon",Local,Intersection,Etobicoke York,Stop Sign,Daylight,Dry,Driver,Cyclist Collisions,50 to 54,2013,8,43.642501,-79.5079,7,3,0,1,1,0,0,0,0,0,0
Bicycle,Local,Intersection,Etobicoke York,Stop Sign,Daylight,Dry,Cyclist,Cyclist Collisions,15 to 19,2013,8,43.642501,-79.5079,7,3,0,1,1,0,0,0,0,0,0
Other,Major Arterial,Intersection,Etobicoke York,Traffic Signal,Daylight,Dry,Pedestrian,Pedestrian Collisions,25 to 29,2013,14,43.73416,-79.603069,7,3,1,0,1,0,0,0,0,1,1
Other,Major Arterial,Intersection,Etobicoke York,Traffic Signal,Daylight,Dry,Vehicle Owner,Pedestrian Collisions,unknown,2013,14,43.73416,-79.603069,7,3,1,0,1,0,0,0,0,1,1
"Automobile, Station Wagon",Major Arterial,Intersection,Etobicoke York,Traffic Signal,Daylight,Dry,Driver,Pedestrian Collisions,40 to 44,2013,14,43.73416,-79.603069,7,3,1,0,1,0,0,0,0,1,1
"Automobile, Station Wagon",Major Arterial,Intersection,Etobicoke York,Traffic Signal,Dark,Dry,Driver,Angle,25 to 29,2013,3,43.755446,-79.61407,7,5,0,0,1,0,0,1,0,1,0
Other,Major Arterial,Intersection,Etobicoke York,Traffic Signal,Dark,Dry,Passenger,Angle,25 to 29,2013,3,43.755446,-79.61407,7,5,0,0,1,0,0,1,0,1,0
Other,Major Arterial,Intersection,Etobicoke York,Traffic Signal,Dark,Dry,Vehicle Owner,Angle,unknown,2013,3,43.755446,-79.61407,7,5,0,0,1,0,0,1,0,1,0
"Automobile, Station Wagon",Major Arterial,Intersection,Etobicoke York,Traffic Signal,Dark,Dry,Driver,Angle,25 to 29,2013,3,43.755446,-79.61407,7,5,0,0,1,0,0,1,0,1,0
"Automobile, Station Wagon",Major Arterial,Intersection,Etobicoke York,Traffic Signal,Dark,Dry,Driver,Angle,30 to 34,2013,3,43.755446,-79.61407,7,5,0,0,1,0,0,1,0,1,0
Other,Major Arterial,Intersection,Etobicoke York,Traffic Signal,Dark,Dry,Passenger,Angle,15 to 19,2013,3,43.755446,-79.61407,7,5,0,0,1,0,0,1,0,1,0
"Automobile, Station Wagon",Major Arterial,Intersection,Toronto and East York,No Control,"Dark, artificial",Wet,Vehicle Owner,Pedestrian Collisions,unknown,2013,23,43.651843,-79.397586,6,3,1,0,1,0,0,0,0,0,1
"Automobile, Station Wagon",Major Arterial,Intersection,Scarborough,Traffic Signal,Daylight,Dry,Driver,Pedestrian Collisions,50 to 54,2013,10,43.831034,-79.275188,7,5,1,0,1,0,0,0,0,0,0
Other,Major Arterial,Mid-Block,Toronto and East York,No Control,Daylight,Dry,Passenger,Rear End,25 to 29,2013,16,43.633645,-79.43659,6,6,0,0,1,0,0,1,0,1,0
Other,Major Arterial,Intersection,Scarborough,Traffic Signal,Daylight,Dry,Pedestrian,Pedestrian Collisions,70 to 74,2013,10,43.831034,-79.275188,7,5,1,0,1,0,0,0,0,0,0
Passenger Van,Major Arterial,Mid-Block,North York,No Control,"Dark, artificial",Wet,Passenger,Pedestrian Collisions,25 to 29,2013,0,43.774943,-79.347888,7,6,1,0,1,0,0,1,0,0,1
Passenger Van,Major Arterial,Mid-Block,North York,No Control,"Dark, artificial",Wet,Driver,Pedestrian Collisions,40 to 44,2013,0,43.774943,-79.347888,7,6,1,0,1,0,0,1,0,0,1
Passenger Van,Major Arterial,Mid-Block,North York,No Control,"Dark, artificial",Wet,Pedestrian,Pedestrian Collisions,80 to 84,2013,0,43.774943,-79.347888,7,6,1,0,1,0,0,1,0,0,1
Other,Minor Arterial,Intersection,Toronto and East York,No Control,Daylight,Dry,Vehicle Owner,Cyclist Collisions,unknown,2013,19,43.664683,-79.32397,7,6,0,1,1,0,0,0,0,0,0
"Automobile, Station Wagon",Minor Arterial,Intersection,Toronto and East York,No Control,Daylight,Dry,Driver,Cyclist Collisions,25 to 29,2013,19,43.664683,-79.32397,7,6,0,1,1,0,0,0,0,0,0
Other,Minor Arterial,Intersection,Toronto and East York,No Control,Daylight,Dry,Vehicle Owner,Cyclist Collisions,unknown,2013,19,43.664683,-79.32397,7,6,0,1,1,0,0,0,0,0,0
"Automobile, Station Wagon",Minor Arterial,Intersection,Toronto and East York,No Control,Daylight,Dry,Driver,Cyclist Collisions,35 to 39,2013,19,43.664683,-79.32397,7,6,0,1,1,0,0,0,0,0,0
Bicycle,Minor Arterial,Intersection,Toronto and East York,No Control,Daylight,Dry,Cyclist,Cyclist Collisions,40 to 44,2013,19,43.664683,-79.32397,7,6,0,1,1,0,0,0,0,0,0
"Automobile, Station Wagon",Major Arterial,Intersection,Scarborough,Traffic Signal,"Dark, artificial",Dry,Driver,Pedestrian Collisions,20 to 24,2013,22,43.806277,-79.180385,7,6,1,0,1,0,0,0,0,1,0
Other,Major Arterial,Intersection,Scarborough,Traffic Signal,"Dark, artificial",Dry,Pedestrian,Pedestrian Collisions,50 to 54,2013,22,43.806277,-79.180385,7,6,1,0,1,0,0,0,0,1,0
Other,Major Arterial,Mid-Block,Toronto and East York,No Control,Daylight,Dry,Vehicle Owner,Pedestrian Collisions,unknown,2013,11,43.681845,-79.33059,7,0,1,0,1,0,0,0,0,0,0
"Automobile, Station Wagon",Major Arterial,Mid-Block,Toronto and East York,No Control,Daylight,Dry,Driver,Pedestrian Collisions,60 to 64,2013,11,43.681845,-79.33059,7,0,1,0,1,0,0,0,0,0,0
Other,Major Arterial,Mid-Block,Toronto and East York,No Control,Daylight,Dry,Pedestrian,Pedestrian Collisions,70 to 74,2013,11,43.681845,-79.33059,7,0,1,0,1,0,0,0,0,0,0
"Automobile, Station Wagon",Local,Intersection,Etobicoke York,No Control,Daylight,Dry,Driver,Pedestrian Collisions,70 to 74,2013,16,43.680644,-79.48479,7,0,1,0,1,0,0,0,0,0,1
"Automobile, Station Wagon",Local,Intersection,Etobicoke York,No Control,Daylight,Dry,Pedestrian,Pedestrian Collisions,65 to 69,2013,16,43.680644,-79.48479,7,0,1,0,1,0,0,0,0,0,1
"Automobile, Station Wagon",Major Arterial,Intersection,Etobicoke York,Traffic Signal,Dusk,Dry,Driver,Cyclist Collisions,55 to 59,2013,20,43.764334,-79.574855,8,3,0,1,1,0,0,0,0,1,0
Bicycle,Major Arterial,Intersection,Etobicoke York,Traffic Signal,Dusk,Dry,Cyclist,Cyclist Collisions,50 to 54,2013,20,43.764334,-79.574855,8,3,0,1,1,0,0,0,0,1,0
"Automobile, Station Wagon",Major Arterial,Intersection,Scarborough,No Control,Daylight,Wet,Driver,Turning Movement,35 to 39,2013,17,43.771666,-79.253642,8,4,0,0,1,0,0,1,0,0,0
"Automobile, Station Wagon",Major Arterial,Intersection,Scarborough,No Control,Daylight,Wet,Driver,Turning Movement,40 to 44,2013,17,43.771666,-79.253642,8,4,0,0,1,0,0,1,0,0,0
Other,Major Arterial,Intersection,Scarborough,No Control,Daylight,Wet,Passenger,Turning Movement,75 to 79,2013,17,43.771666,-79.253642,8,4,0,0,1,0,0,1,0,0,0
"Automobile, Station Wagon",Major Arterial,Intersection,Scarborough,No Control,Daylight,Wet,Driver,Turning Movement,80 to 84,2013,17,43.771666,-79.253642,8,4,0,0,1,0,0,1,0,0,0
"Automobile, Station Wagon",Major Arterial,Intersection,Toronto and East York,Traffic Signal,Daylight,Dry,Driver,Cyclist Collisions,20 to 24,2013,18,43.674745,-79.39289,8,4,0,1,1,0,0,0,0,1,0
Bicycle,Major Arterial,Intersection,Toronto and East York,Traffic Signal,Daylight,Dry,Cyclist,Cyclist Collisions,25 to 29,2013,18,43.674745,-79.39289,8,4,0,1,1,0,0,0,0,1,0
"Automobile, Station Wagon",Major Arterial,Mid-Block,Etobicoke York,No Control,"Dark, artificial",Dry,Driver,SMV Other,25 to 29,2013,3,43.763743,-79.577289,8,5,0,0,1,0,0,0,1,1,1
"Automobile, Station Wagon",Major Arterial,Mid-Block,Etobicoke York,No Control,"Dark, artificial",Dry,Other Property Owner,SMV Other,unknown,2013,3,43.763743,-79.577289,8,5,0,0,1,0,0,0,1,1,1
Motorcycle,Major Arterial,Intersection,Toronto and East York,Traffic Signal,Daylight,Dry,Motorcycle Driver,Angle,40 to 44,2013,16,43.676192,-79.358859,8,5,0,0,1,0,0,0,0,1,0
Other,Major Arterial,Intersection,Toronto and East York,Traffic Signal,Daylight,Dry,Vehicle Owner,Angle,unknown,2013,16,43.676192,-79.358859,8,5,0,0,1,0,0,0,0,1,0
"Automobile, Station Wagon",Major Arterial,Intersection,Toronto and East York,Traffic Signal,Daylight,Dry,Driver,Angle,40 to 44,2013,16,43.676192,-79.358859,8,5,0,0,1,0,0,0,0,1,0
"Automobile, Station Wagon",Major Arterial,Intersection,Toronto and East York,Traffic Signal,Daylight,Dry,Driver,Angle,75 to 79,2013,16,43.676192,-79.358859,8,5,0,0,1,0,0,0,0,1,0
Other,Collector,Mid-Block,North York,No Control,Daylight,Dry,Vehicle Owner,Pedestrian Collisions,unknown,2013,19,43.763011,-79.412151,8,5,1,0,1,0,0,0,0,0,0
"Automobile, Station Wagon",Collector,Mid-Block,North York,No Control,Daylight,Dry,Driver,Pedestrian Collisions,20 to 24,2013,19,43.763011,-79.412151,8,5,1,0,1,0,0,0,0,0,0
Other,Collector,Mid-Block,North York,No Control,Daylight,Dry,Pedestrian,Pedestrian Collisions,15 to 19,2013,19,43.763011,-79.412151,8,5,1,0,1,0,0,0,0,0,0
Other,Collector,Mid-Block,North York,No Control,Daylight,Dry,Pedestrian,Pedestrian Collisions,50 to 54,2013,19,43.763011,-79.412151,8,5,1,0,1,0,0,0,0,0,0
Truck-Tractor,Major Arterial,Mid-Block,Toronto and East York,No Control,Dusk,Dry,Vehicle Owner,Other,unknown,2013,21,43.634444,-79.43909,8,5,0,0,0,1,0,1,0,0,1
Truck-Tractor,Major Arterial,Mid-Block,Toronto and East York,No Control,Dusk,Dry,Truck Driver,Other,50 to 54,2013,21,43.634444,-79.43909,8,5,0,0,0,1,0,1,0,0,1
Truck-Tractor,Major Arterial,Mid-Block,Toronto and East York,No Control,Dusk,Dry,Other,Other,unknown,2013,21,43.634444,-79.43909,8,5,0,0,0,1,0,1,0,0,1
Truck-Tractor,Major Arterial,Mid-Block,Toronto and East York,No Control,Dusk,Dry,Passenger,Other,15 to 19,2013,21,43.634444,-79.43909,8,5,0,0,0,1,0,1,0,0,1
"Automobile, Station Wagon",Major Arterial,Intersection,Etobicoke York,Traffic Signal,"Dark, artificial",Dry,Driver,Pedestrian Collisions,35 to 39,2013,22,43.697585,-79.502368,8,5,1,0,1,0,0,0,0,0,0
"Automobile, Station Wagon",Major Arterial,Intersection,Etobicoke York,Traffic Signal,"Dark, artificial",Dry,Pedestrian,Pedestrian Collisions,20 to 24,2013,22,43.697585,-79.502368,8,5,1,0,1,0,0,0,0,0,0
"Automobile, Station Wagon",Major Arterial,Intersection,Toronto and East York,Traffic Signal,"Dark, artificial",Dry,Driver,Pedestrian Collisions,unknown,2013,3,43.665745,-79.49119,8,0,1,0,1,0,0,0,0,1,0
Other,Major Arterial,Intersection,Toronto and East York,Traffic Signal,"Dark, artificial",Dry,Pedestrian,Pedestrian Collisions,20 to 24,2013,3,43.665745,-79.49119,8,0,1,0,1,0,0,0,0,1,0
Other,Major Arterial,Intersection,Etobicoke York,Traffic Signal,Daylight,Dry,Vehicle Owner,Pedestrian Collisions,unknown,2013,12,43.623583,-79.514774,8,0,1,0,1,0,0,0,0,1,0
"Automobile, Station Wagon",Major Arterial,Intersection,Etobicoke York,Traffic Signal,Daylight,Dry,Driver,Pedestrian Collisions,20 to 24,2013,12,43.623583,-79.514774,8,0,1,0,1,0,0,0,0,1,0
Other,Major Arterial,Intersection,Etobicoke York,Traffic Signal,Daylight,Dry,Pedestrian,Pedestrian Collisions,85 to 89,2013,12,43.623583,-79.514774,8,0,1,0,1,0,0,0,0,1,0
"Automobile, Station Wagon",Minor Arterial,Intersection,Toronto and East York,No Control,Dark,Dry,Driver,Pedestrian Collisions,60 to 64,2013,23,43.671599,-79.324931,8,0,1,0,1,0,0,0,0,0,0
Other,Minor Arterial,Intersection,Toronto and East York,No Control,Dark,Dry,Pedestrian,Pedestrian Collisions,85 to 89,2013,23,43.671599,-79.324931,8,0,1,0,1,0,0,0,0,0,0
"Automobile, Station Wagon",Minor Arterial,Intersection,Toronto and East York,Traffic Signal,Dawn,Dry,Driver,Pedestrian Collisions,55 to 59,2013,6,43.668162,-79.369548,8,2,1,0,1,0,0,0,0,1,0
Other,Minor Arterial,Intersection,Toronto and East York,Traffic Signal,Dawn,Dry,Pedestrian,Pedestrian Collisions,20 to 24,2013,6,43.668162,-79.369548,8,2,1,0,1,0,0,0,0,1,0
Other,Major Arterial,Mid-Block,Etobicoke York,No Control,Daylight,Dry,Passenger,Approaching,55 to 59,2013,7,43.67546,-79.49538,8,3,0,0,1,0,0,1,0,0,0
"Automobile, Station Wagon",Major Arterial,Mid-Block,Etobicoke York,No Control,Daylight,Dry,Driver,Approaching,55 to 59,2013,7,43.67546,-79.49538,8,3,0,0,1,0,0,1,0,0,0
"Automobile, Station Wagon",Major Arterial,Mid-Block,Etobicoke York,No Control,Daylight,Dry,Driver,Approaching,40 to 44,2013,7,43.67546,-79.49538,8,3,0,0,1,0,0,1,0,0,0
Other,Major Arterial,Intersection,Toronto and East York,Traffic Signal,Daylight,Dry,Vehicle Owner,Pedestrian Collisions,unknown,2013,10,43.648215,-79.370921,8,4,1,0,0,1,0,0,0,1,0
Truck - Open,Major Arterial,Intersection,Toronto and East York,Traffic Signal,Daylight,Dry,Truck Driver,Pedestrian Collisions,45 to 49,2013,10,43.648215,-79.370921,8,4,1,0,0,1,0,0,0,1,0
Other,Major Arterial,Intersection,Toronto and East York,Traffic Signal,Daylight,Dry,Pedestrian,Pedestrian Collisions,85 to 89,2013,10,43.648215,-79.370921,8,4,1,0,0,1,0,0,0,1,0
Other,Major Arterial,Intersection,North York,No Control,Daylight,Dry,Vehicle Owner,Turning Movement,unknown,2013,11,43.6981,-79.439044,8,4,0,0,1,0,0,0,0,1,0
Motorcycle,Major Arterial,Intersection,North York,No Control,Daylight,Dry,Motorcycle Driver,Turning Movement,40 to 44,2013,11,43.6981,-79.439044,8,4,0,0,1,0,0,0,0,1,0
"Automobile, Station Wagon",Major Arterial,Intersection,North York,No Control,Daylight,Dry,Driver,Turning Movement,40 to 44,2013,11,43.6981,-79.439044,8,4,0,0,1,0,0,0,0,1,0
"Automobile, Station Wagon",Major Arterial,Intersection,Toronto and East York,No Control,"Dark, artificial",Dry,Driver,Cyclist Collisions,unknown,2013,3,43.656737,-79.399577,8,5,0,1,1,0,0,0,0,0,0
Bicycle,Major Arterial,Intersection,Toronto and East York,No Control,"Dark, artificial",Dry,Cyclist,Cyclist Collisions,20 to 24,2013,3,43.656737,-79.399577,8,5,0,1,1,0,0,0,0,0,0
Other,Major Arterial,Intersection,Scarborough,Traffic Signal,Daylight,Dry,Vehicle Owner,Pedestrian Collisions,unknown,2013,8,43.783278,-79.288257,8,0,1,0,1,0,0,0,0,0,0
"Automobile, Station Wagon",Major Arterial,Intersection,Scarborough,Traffic Signal,Daylight,Dry,Driver,Pedestrian Collisions,50 to 54,2013,8,43.783278,-79.288257,8,0,1,0,1,0,0,0,0,0,0
Other,Major Arterial,Intersection,Scarborough,Traffic Signal,Daylight,Dry,Pedestrian,Pedestrian Collisions,70 to 74,2013,8,43.783278,-79.288257,8,0,1,0,1,0,0,0,0,0,0
Other,Major Arterial,Mid-Block,North York,No Control,Dark,Dry,Vehicle Owner,Pedestrian Collisions,unknown,2013,21,43.774256,-79.443103,8,0,1,0,1,0,0,0,0,0,0
"Automobile, Station Wagon",Major Arterial,Mid-Block,North York,No Control,Dark,Dry,Driver,Pedestrian Collisions,55 to 59,2013,21,43.774256,-79.443103,8,0,1,0,1,0,0,0,0,0,0
Other,Major Arterial,Mid-Block,North York,No Control,Dark,Dry,Pedestrian,Pedestrian Collisions,75 to 79,2013,21,43.774256,-79.443103,8,0,1,0,1,0,0,0,0,0,0
Motorcycle,Major Arterial,Intersection,Etobicoke York,No Control,Daylight,Dry,Motorcycle Driver,Angle,25 to 29,2013,8,43.661391,-79.543903,8,1,0,0,1,0,0,0,1,1,0
"Automobile, Station Wagon",Major Arterial,Intersection,Etobicoke York,No Control,Daylight,Dry,Driver,Angle,35 to 39,2013,8,43.661391,-79.543903,8,1,0,0,1,0,0,0,1,1,0