VEHTYPE,ROAD_CLASS,LOCCOORD,DISTRICT,TRAFFCTL,LIGHT,RDSFCOND,INVTYPE,IMPACTYPE,INVAGE,YEAR,TIME,LATITUDE,LONGITUDE,MONTH,DAY,PEDESTRIAN,CYCLIST,AUTOMOBILE,TRUCK,TRSN_CITY_VEH,PASSENGER,SPEEDING,AG_DRIV,ACCLASS
"Truck - Closed (Blazer, etc)",Major Arterial,Intersection,Scarborough,Traffic Signal,Daylight,Dry,Truck Driver,Pedestrian Collisions,40 to 44,2013,12,43.832644,-79.267993,8,1,1,0,0,1,1,1,1,1,1
"Truck - Closed (Blazer, etc)",Major Arterial,Intersection,Scarborough,Traffic Signal,Daylight,Dry,Vehicle Owner,Pedestrian Collisions,unknown,2013,12,43.832644,-79.267993,8,1,1,0,0,1,1,1,1,1,1
Other,Minor Arterial,Intersection,Scarborough,Stop Sign,"Daylight, artificial",Dry,Pedestrian,Pedestrian Collisions,50 to 54,2013,19,43.815245,-79.23239,4,2,1,0,1,0,0,0,0,0,0
Truck - Open,Minor Arterial,Intersection,Toronto and East York,Traffic Signal,Dark,Dry,Truck Driver,Pedestrian Collisions,35 to 39,2012,7,43.664445,-79.36809,12,1,1,0,0,1,0,0,0,0,0
"Truck - Closed (Blazer, etc)",Major Arterial,Intersection,Toronto and East York,Traffic Signal,"Dark, artificial",Wet,Vehicle Owner,Pedestrian Collisions,unknown,2013,2,43.667243,-79.312587,5,6,1,0,0,0,1,0,0,0,1
"Truck - Closed (Blazer, etc)",Major Arterial,Intersection,Scarborough,Traffic Signal,Daylight,Dry,Passenger,Pedestrian Collisions,30 to 34,2013,12,43.832644,-79.267993,8,1,1,0,0,1,1,1,1,1,1
Other,Major Arterial,Intersection,Toronto and East York,Traffic Signal,"Dark, artificial",Wet,Pedestrian,Pedestrian Collisions,60 to 64,2013,2,43.667243,-79.312587,5,6,1,0,0,0,1,0,0,0,1
Other,Minor Arterial,Intersection,Toronto and East York,Traffic Signal,Dark,Dry,Pedestrian,Pedestrian Collisions,55 to 59,2012,7,43.664445,-79.36809,12,1,1,0,0,1,0,0,0,0,0
"Truck - Closed (Blazer, etc)",Major Arterial,Intersection,Scarborough,Traffic Signal,Daylight,Dry,Passenger,Pedestrian Collisions,55 to 59,2013,12,43.832644,-79.267993,8,1,1,0,0,1,1,1,1,1,1
"Automobile, Station Wagon",Major Arterial,Intersection,Toronto and East York,No Control,"Dark, artificial",Wet,Driver,Pedestrian Collisions,30 to 34,2013,23,43.651843,-79.397586,6,3,1,0,1,0,0,0,0,0,1
"Automobile, Station Wagon",Major Arterial,Intersection,Scarborough,Traffic Signal,Dark,Dry,Driver,Rear End,20 to 24,2012,1,43.754345,-79.29839,11,3,0,0,1,0,0,0,1,1,0
Street Car,Major Arterial,Intersection,Toronto and East York,Traffic Signal,"Dark, artificial",Wet,Driver,Pedestrian Collisions,25 to 29,2013,2,43.667243,-79.312587,5,6,1,0,0,0,1,0,0,0,1
"Truck - Closed (Blazer, etc)",Major Arterial,Intersection,Scarborough,Traffic Signal,Daylight,Dry,Passenger,Pedestrian Collisions,15 to 19,2013,12,43.832644,-79.267993,8,1,1,0,0,1,1,1,1,1,1
Other,Major Arterial,Intersection,Scarborough,Traffic Signal,Dark,Dry,Vehicle Owner,Rear End,unknown,2012,1,43.754345,-79.29839,11,3,0,0,1,0,0,0,1,1,0
"Automobile, Station Wagon",Major Arterial,Mid-Block,Toronto and East York,No Control,Daylight,Dry,Driver,Rear End,25 to 29,2013,16,43.633645,-79.43659,6,6,0,0,1,0,0,1,0,1,0
"Automobile, Station Wagon",Major Arterial,Intersection,Toronto and East York,No Control,"Dark, artificial",Wet,Pedestrian,Pedestrian Collisions,75 to 79,2013,23,43.651843,-79.397586,6,3,1,0,1,0,0,0,0,0,1
Other,Minor Arterial,Intersection,Toronto and East York,Traffic Signal,Dark,Dry,Pedestrian,Pedestrian Collisions,45 to 49,2012,7,43.664445,-79.36809,12,1,1,0,0,1,0,0,0,0,0
"Automobile, Station Wagon",Minor Arterial,Intersection,Scarborough,Traffic Signal,Daylight,Wet,Driver,Approaching,50 to 54,2013,13,43.697165,-79.274829,5,6,0,0,1,0,0,1,0,0,0
"Automobile, Station Wagon",Major Arterial,Intersection,Scarborough,Traffic Signal,Dark,Dry,Driver,Rear End,30 to 34,2012,1,43.754345,-79.29839,11,3,0,0,1,0,0,0,1,1,0
"Truck - Closed (Blazer, etc)",Major Arterial,Intersection,Scarborough,Traffic Signal,Daylight,Dry,Passenger,Pedestrian Collisions,20 to 24,2013,12,43.832644,-79.267993,8,1,1,0,0,1,1,1,1,1,1
"Automobile, Station Wagon",Minor Arterial,Mid-Block,Scarborough,No Control,Daylight,Dry,Driver,Rear End,45 to 49,2013,18,43.841334,-79.230891,6,0,0,0,1,0,0,1,0,0,0
"Automobile, Station Wagon",Major Arterial,Mid-Block,Toronto and East York,No Control,Dusk,Dry,Driver,Rear End,65 to 69,2013,19,43.645445,-79.37889,6,4,0,0,1,0,0,1,0,0,0
Other,Minor Arterial,Intersection,Toronto and East York,Traffic Signal,Daylight,Wet,Vehicle Owner,Pedestrian Collisions,unknown,2013,12,43.658245,-79.37789,4,4,1,0,1,0,0,0,0,1,0
"Automobile, Station Wagon",Major Arterial,Mid-Block,Etobicoke York,No Control,Daylight,Dry,Driver,Rear End,35 to 39,2012,10,43.693545,-79.48539,12,1,0,0,1,0,0,0,0,0,0
"Automobile, Station Wagon",Major Arterial,Mid-Block,Etobicoke York,No Control,Daylight,Dry,Driver,Rear End,25 to 29,2012,10,43.693545,-79.48539,12,1,0,0,1,0,0,0,0,0,0
"Automobile, Station Wagon",Major Arterial,Mid-Block,Etobicoke York,No Control,Daylight,Dry,Driver,Rear End,70 to 74,2012,10,43.693545,-79.48539,12,1,0,0,1,0,0,0,0,0,0
"Automobile, Station Wagon",Major Arterial,Mid-Block,Etobicoke York,No Control,Daylight,Dry,Driver,Rear End,60 to 64,2012,10,43.693545,-79.48539,12,1,0,0,1,0,0,0,0,0,0
"Automobile, Station Wagon",Major Arterial,Intersection,Scarborough,No Control,Dark,Dry,Driver,Pedestrian Collisions,25 to 29,2012,21,43.776445,-79.17369,12,1,1,0,1,0,0,0,0,0,1
Other,Major Arterial,Intersection,Scarborough,No Control,Dark,Dry,Pedestrian,Pedestrian Collisions,55 to 59,2012,21,43.776445,-79.17369,12,1,1,0,1,0,0,0,0,0,1
"Automobile, Station Wagon",Collector,Intersection,Toronto and East York,Stop Sign,"Dark, artificial",Dry,Driver,Cyclist Collisions,50 to 54,2012,17,43.663345,-79.41309,12,2,0,1,1,0,0,0,0,0,0
Bicycle,Collector,Intersection,Toronto and East York,Stop Sign,"Dark, artificial",Dry,Cyclist,Cyclist Collisions,40 to 44,2012,17,43.663345,-79.41309,12,2,0,1,1,0,0,0,0,0,0
"Automobile, Station Wagon",Major Arterial,Intersection,Scarborough,Traffic Signal,"Dark, artificial",Dry,Driver,Turning Movement,20 to 24,2012,20,43.781745,-79.23389,12,2,0,0,1,0,0,1,0,1,0
Other,Major Arterial,Intersection,Scarborough,Traffic Signal,"Dark, artificial",Dry,Passenger,Turning Movement,20 to 24,2012,20,43.781745,-79.23389,12,2,0,0,1,0,0,1,0,1,0
Other,Major Arterial,Intersection,Scarborough,Traffic Signal,"Dark, artificial",Dry,Vehicle Owner,Turning Movement,unknown,2012,20,43.781745,-79.23389,12,2,0,0,1,0,0,1,0,1,0
"Automobile, Station Wagon",Major Arterial,Intersection,Scarborough,Traffic Signal,"Dark, artificial",Dry,Driver,Turning Movement,45 to 49,2012,20,43.781745,-79.23389,12,2,0,0,1,0,0,1,0,1,0
Other,Major Arterial,Mid-Block,Scarborough,No Control,Daylight,Dry,Vehicle Owner,Pedestrian Collisions,unknown,2012,8,43.782345,-79.29219,12,3,1,0,1,0,0,0,0,0,1
"Automobile, Station Wagon",Major Arterial,Mid-Block,Scarborough,No Control,Daylight,Dry,Driver,Pedestrian Collisions,60 to 64,2012,8,43.782345,-79.29219,12,3,1,0,1,0,0,0,0,0,1
Other,Major Arterial,Mid-Block,Scarborough,No Control,Daylight,Dry,Other Property Owner,Pedestrian Collisions,unknown,2012,8,43.782345,-79.29219,12,3,1,0,1,0,0,0,0,0,1
Other,Major Arterial,Mid-Block,Scarborough,No Control,Daylight,Dry,Pedestrian,Pedestrian Collisions,65 to 69,2012,8,43.782345,-79.29219,12,3,1,0,1,0,0,0,0,0,1
Other,Major Arterial,Intersection,Scarborough,No Control,"Dark, artificial",Wet,Passenger,Pedestrian Collisions,30 to 34,2012,20,43.733845,-79.26859,12,3,1,0,1,0,0,1,0,0,1
Other,Major Arterial,Intersection,Scarborough,No Control,"Dark, artificial",Wet,Passenger,Pedestrian Collisions,25 to 29,2012,20,43.733845,-79.26859,12,3,1,0,1,0,0,1,0,0,1
"Automobile, Station Wagon",Major Arterial,Intersection,Scarborough,No Control,"Dark, artificial",Wet,Driver,Pedestrian Collisions,45 to 49,2012,20,43.733845,-79.26859,12,3,1,0,1,0,0,1,0,0,1
Other,Major Arterial,Intersection,Scarborough,No Control,"Dark, artificial",Wet,Pedestrian,Pedestrian Collisions,15 to 19,2012,20,43.733845,-79.26859,12,3,1,0,1,0,0,1,0,0,1
"Automobile, Station Wagon",Major Arterial,Intersection,Etobicoke York,No Control,"Dark, artificial",Dry,Driver,Pedestrian Collisions,45 to 49,2012,3,43.700145,-79.51629,12,4,1,0,1,0,0,0,0,0,0
Other,Major Arterial,Intersection,Etobicoke York,No Control,"Dark, artificial",Dry,Pedestrian,Pedestrian Collisions,20 to 24,2012,3,43.700145,-79.51629,12,4,1,0,1,0,0,0,0,0,0
"Automobile, Station Wagon",Major Arterial,Mid-Block,Scarborough,No Control,"Dark, artificial",Dry,Driver,Pedestrian Collisions,55 to 59,2012,20,43.743745,-79.24489,12,5,1,0,1,0,0,0,0,0,0
Other,Major Arterial,Mid-Block,Scarborough,No Control,"Dark, artificial",Dry,Pedestrian,Pedestrian Collisions,45 to 49,2012,20,43.743745,-79.24489,12,5,1,0,1,0,0,0,0,0,0
Other,Major Arterial,Intersection,Toronto and East York,No Control,"Dark, artificial",Dry,Passenger,SMV Other,30 to 34,2012,21,43.681945,-79.42449,12,6,0,0,1,0,0,1,0,0,0
Other,Major Arterial,Intersection,Toronto and East York,No Control,"Dark, artificial",Dry,Vehicle Owner,SMV Other,unknown,2012,21,43.681945,-79.42449,12,6,0,0,1,0,0,1,0,0,0
"Automobile, Station Wagon",Major Arterial,Intersection,Toronto and East York,No Control,"Dark, artificial",Dry,Driver,SMV Other,30 to 34,2012,21,43.681945,-79.42449,12,6,0,0,1,0,0,1,0,0,0
Other,Major Arterial,Mid-Block,Scarborough,No Control,"Dark, artificial",Slush,Vehicle Owner,Pedestrian Collisions,unknown,2012,18,43.768045,-79.18799,12,3,1,0,1,0,0,0,0,0,0
"Automobile, Station Wagon",Major Arterial,Mid-Block,Scarborough,No Control,"Dark, artificial",Slush,Driver,Pedestrian Collisions,55 to 59,2012,18,43.768045,-79.18799,12,3,1,0,1,0,0,0,0,0,0
Other,Major Arterial,Mid-Block,Scarborough,No Control,"Dark, artificial",Slush,Pedestrian,Pedestrian Collisions,70 to 74,2012,18,43.768045,-79.18799,12,3,1,0,1,0,0,0,0,0,0
Other,Major Arterial,Mid-Block,Toronto and East York,No Control,"Dark, artificial",Dry,Pedestrian,Pedestrian Collisions,20 to 24,2012,14,43.677745,-79.444089,12,0,1,0,0,0,1,0,0,0,0
Municipal Transit Bus (TTC),Major Arterial,Mid-Block,Toronto and East York,No Control,"Dark, artificial",Dry,Driver,Pedestrian Collisions,45 to 49,2012,14,43.677745,-79.444089,12,0,1,0,0,0,1,0,0,0,0
"Automobile, Station Wagon",Major Arterial,Mid-Block,Scarborough,No Control,"Dark, artificial",Wet,Driver,Pedestrian Collisions,70 to 74,2012,18,43.772845,-79.25159,12,0,1,0,1,0,0,0,0,0,0
Other,Major Arterial,Mid-Block,Scarborough,No Control,"Dark, artificial",Wet,Pedestrian,Pedestrian Collisions,55 to 59,2012,18,43.772845,-79.25159,12,0,1,0,1,0,0,0,0,0,0
Other,Major Arterial,Intersection,Toronto and East York,No Control,"Dark, artificial",Wet,Vehicle Owner,Pedestrian Collisions,unknown,2012,19,43.700148,-79.319026,12,0,1,0,1,0,0,0,0,0,0
"Automobile, Station Wagon",Major Arterial,Intersection,Toronto and East York,No Control,"Dark, artificial",Wet,Driver,Pedestrian Collisions,50 to 54,2012,19,43.700148,-79.319026,12,0,1,0,1,0,0,0,0,0,0
Other,Major Arterial,Intersection,Toronto and East York,No Control,"Dark, artificial",Wet,Pedestrian,Pedestrian Collisions,30 to 34,2012,19,43.700148,-79.319026,12,0,1,0,1,0,0,0,0,0,0
"Automobile, Station Wagon",Major Arterial,Intersection,Scarborough,No Control,Daylight,Dry,Driver,Rear End,65 to 69,2013,11,43.805245,-79.29879,1,1,0,0,1,0,0,1,0,1,0
Other,Major Arterial,Intersection,Scarborough,No Control,Daylight,Dry,Passenger,Rear End,30 to 34,2013,11,43.805245,-79.29879,1,1,0,0,1,0,0,1,0,1,0
"Automobile, Station Wagon",Major Arterial,Intersection,Scarborough,No Control,Daylight,Dry,Driver,Rear End,30 to 34,2013,11,43.805245,-79.29879,1,1,0,0,1,0,0,1,0,1,0
"Automobile, Station Wagon",Major Arterial,Intersection,Scarborough,No Control,Daylight,Dry,Driver,Rear End,20 to 24,2013,11,43.805245,-79.29879,1,1,0,0,1,0,0,1,0,1,0
"Automobile, Station Wagon",Major Arterial,Mid-Block,Etobicoke York,No Control,Daylight,Dry,Driver,Pedestrian Collisions,75 to 79,2013,10,43.670945,-79.47449,1,2,1,0,1,0,0,0,0,0,0
Other,Major Arterial,Mid-Block,Etobicoke York,No Control,Daylight,Dry,Pedestrian,Pedestrian Collisions,70 to 74,2013,10,43.670945,-79.47449,1,2,1,0,1,0,0,0,0,0,0
"Automobile, Station Wagon",Minor Arterial,Intersection,Scarborough,No Control,Dark,Wet,Driver,Turning Movement,30 to 34,2013,7,43.694645,-79.27249,1,4,0,0,1,0,0,0,0,0,0
"Automobile, Station Wagon",Minor Arterial,Intersection,Scarborough,No Control,Dark,Wet,Driver,Turning Movement,50 to 54,2013,7,43.694645,-79.27249,1,4,0,0,1,0,0,0,0,0,0
Other,Major Arterial,Intersection,Etobicoke York,Traffic Signal,Daylight,Wet,Vehicle Owner,Pedestrian Collisions,unknown,2013,14,43.603245,-79.50629,1,4,1,0,1,0,0,0,0,0,0
"Automobile, Station Wagon",Major Arterial,Intersection,Etobicoke York,Traffic Signal,Daylight,Wet,Driver,Pedestrian Collisions,30 to 34,2013,14,43.603245,-79.50629,1,4,1,0,1,0,0,0,0,0,0
Other,Major Arterial,Intersection,Etobicoke York,Traffic Signal,Daylight,Wet,Pedestrian,Pedestrian Collisions,30 to 34,2013,14,43.603245,-79.50629,1,4,1,0,1,0,0,0,0,0,0
Other,Major Arterial,Intersection,Scarborough,Traffic Signal,Daylight,Dry,Pedestrian,Pedestrian Collisions,20 to 24,2013,9,43.827245,-79.29169,1,0,1,0,1,0,0,0,0,1,0
"Automobile, Station Wagon",Major Arterial,Intersection,Scarborough,Traffic Signal,Daylight,Dry,Driver,Pedestrian Collisions,55 to 59,2013,9,43.827245,-79.29169,1,0,1,0,1,0,0,0,0,1,0
"Automobile, Station Wagon",Major Arterial,Intersection,Toronto and East York,Traffic Signal,"Dark, artificial",Dry,Driver,Pedestrian Collisions,55 to 59,2013,18,43.642945,-79.38149,1,1,1,0,1,0,0,0,0,1,0
Other,Major Arterial,Intersection,Toronto and East York,Traffic Signal,"Dark, artificial",Dry,Vehicle Owner,Pedestrian Collisions,unknown,2013,18,43.642945,-79.38149,1,1,1,0,1,0,0,0,0,1,0
"Automobile, Station Wagon",Major Arterial,Intersection,Toronto and East York,Traffic Signal,"Dark, artificial",Dry,Driver,Pedestrian Collisions,20 to 24,2013,18,43.642945,-79.38149,1,1,1,0,1,0,0,0,0,1,0
Other,Major Arterial,Intersection,Toronto and East York,Traffic Signal,"Dark, artificial",Dry,Other Property Owner,Pedestrian Collisions,unknown,2013,18,43.642945,-79.38149,1,1,1,0,1,0,0,0,0,1,0
Other,Major Arterial,Intersection,Toronto and East York,Traffic Signal,"Dark, artificial",Dry,Pedestrian,Pedestrian Collisions,45 to 49,2013,18,43.642945,-79.38149,1,1,1,0,1,0,0,0,0,1,0
"Automobile, Station Wagon",Major Arterial,Intersection,Scarborough,Traffic Signal,"Dark, artificial",Wet,Driver,Pedestrian Collisions,40 to 44,2013,5,43.762145,-79.22629,1,2,1,0,1,0,0,0,0,1,0
Other,Major Arterial,Intersection,Scarborough,Traffic Signal,"Dark, artificial",Wet,Pedestrian,Pedestrian Collisions,50 to 54,2013,5,43.762145,-79.22629,1,2,1,0,1,0,0,0,0,1,0
Other,Major Arterial,Intersection,Etobicoke York,Traffic Signal,"Dusk, artificial",Wet,Vehicle Owner,Pedestrian Collisions,unknown,2013,7,43.770945,-79.54339,1,2,1,0,0,0,1,0,0,1,0
Municipal Transit Bus (TTC),Major Arterial,Intersection,Etobicoke York,Traffic Signal,"Dusk, artificial",Wet,Driver,Pedestrian Collisions,20 to 24,2013,7,43.770945,-79.54339,1,2,1,0,0,0,1,0,0,1,0
Other,Major Arterial,Intersection,Etobicoke York,Traffic Signal,"Dusk, artificial",Wet,Pedestrian,Pedestrian Collisions,45 to 49,2013,7,43.770945,-79.54339,1,2,1,0,0,0,1,0,0,1,0
Municipal Transit Bus (TTC),Minor Arterial,Intersection,Scarborough,Traffic Signal,Dark,Dry,Driver,Turning Movement,35 to 39,2013,19,43.818743,-79.215091,1,3,0,0,1,0,1,0,1,1,1
"Automobile, Station Wagon",Minor Arterial,Intersection,Scarborough,Traffic Signal,Dark,Dry,Driver,Turning Movement,70 to 74,2013,19,43.818743,-79.215091,1,3,0,0,1,0,1,0,1,1,1
"Automobile, Station Wagon",Minor Arterial,Intersection,Scarborough,Traffic Signal,Dark,Dry,Other Property Owner,Turning Movement,unknown,2013,19,43.818743,-79.215091,1,3,0,0,1,0,1,0,1,1,1
"Automobile, Station Wagon",Major Arterial,Intersection,North York,Traffic Signal,Dark,Wet,Driver,Pedestrian Collisions,70 to 74,2013,6,43.793145,-79.33139,1,4,1,0,1,0,0,0,0,1,0
Other,Major Arterial,Intersection,North York,Traffic Signal,Dark,Wet,Pedestrian,Pedestrian Collisions,45 to 49,2013,6,43.793145,-79.33139,1,4,1,0,1,0,0,0,0,1,0
Truck - Open,Major Arterial,Intersection,North York,Traffic Signal,Daylight,Wet,Truck Driver,Angle,40 to 44,2013,8,43.764045,-79.48829,1,5,0,0,1,1,0,0,0,1,0
Other,Major Arterial,Intersection,North York,Traffic Signal,Daylight,Wet,Vehicle Owner,Angle,unknown,2013,8,43.764045,-79.48829,1,5,0,0,1,1,0,0,0,1,0
"Automobile, Station Wagon",Major Arterial,Intersection,North York,Traffic Signal,Daylight,Wet,Driver,Angle,35 to 39,2013,8,43.764045,-79.48829,1,5,0,0,1,1,0,0,0,1,0
Other,Major Arterial,Intersection,Toronto and East York,No Control,"Dark, artificial",Wet,Vehicle Owner,Pedestrian Collisions,unknown,2013,7,43.657057,-79.374553,1,6,1,0,1,0,1,0,0,0,0
"Automobile, Station Wagon",Major Arterial,Intersection,Toronto and East York,No Control,"Dark, artificial",Wet,Driver,Pedestrian Collisions,50 to 54,2013,7,43.657057,-79.374553,1,6,1,0,1,0,1,0,0,0,0
Municipal Transit Bus (TTC),Major Arterial,Intersection,Toronto and East York,No Control,"Dark, artificial",Wet,Driver,Pedestrian Collisions,35 to 39,2013,7,43.657057,-79.374553,1,6,1,0,1,0,1,0,0,0,0
Other,Major Arterial,Intersection,Toronto and East York,No Control,"Dark, artificial",Wet,Pedestrian,Pedestrian Collisions,30 to 34,2013,7,43.657057,-79.374553,1,6,1,0,1,0,1,0,0,0,0
"Automobile, Station Wagon",Major Arterial,Intersection,Toronto and East York,Stop Sign,Daylight,Dry,Vehicle Owner,Pedestrian Collisions,unknown,2013,15,43.679843,-79.390689,1,1,1,0,1,0,0,1,0,0,1
"Automobile, Station Wagon",Major Arterial,Intersection,Toronto and East York,Stop Sign,Daylight,Dry,Driver,Pedestrian Collisions,50 to 54,2013,15,43.679843,-79.390689,1,1,1,0,1,0,0,1,0,0,1
"Automobile, Station Wagon",Major Arterial,Intersection,Toronto and East York,Stop Sign,Daylight,Dry,Pedestrian,Pedestrian Collisions,75 to 79,2013,15,43.679843,-79.390689,1,1,1,0,1,0,0,1,0,0,1
"Automobile, Station Wagon",Major Arterial,Intersection,Toronto and East York,Stop Sign,Daylight,Dry,Passenger,Pedestrian Collisions,50 to 54,2013,15,43.679843,-79.390689,1,1,1,0,1,0,0,1,0,0,1
"Automobile, Station Wagon",Major Arterial,Mid-Block,North York,No Control,"Dark, artificial",Dry,Driver,Pedestrian Collisions,65 to 69,2013,7,43.708645,-79.39879,1,2,1,0,1,0,0,0,0,0,0
Other,Major Arterial,Mid-Block,North York,No Control,"Dark, artificial",Dry,Pedestrian,Pedestrian Collisions,55 to 59,2013,7,43.708645,-79.39879,1,2,1,0,1,0,0,0,0,0,0
"Automobile, Station Wagon",Major Arterial,Intersection,Toronto and East York,No Control,"Dark, artificial",Dry,Driver,Turning Movement,60 to 64,2013,7,43.667245,-79.44419,1,2,0,0,1,0,0,0,0,0,0
"Automobile, Station Wagon",Major Arterial,Intersection,Toronto and East York,No Control,"Dark, artificial",Dry,Driver,Turning Movement,50 to 54,2013,7,43.667245,-79.44419,1,2,0,0,1,0,0,0,0,0,0
"Automobile, Station Wagon",Collector,Intersection,Toronto and East York,Stop Sign,Daylight,Dry,Driver,Pedestrian Collisions,40 to 44,2013,9,43.688045,-79.40559,1,2,1,0,1,0,0,0,0,1,0
Other,Collector,Intersection,Toronto and East York,Stop Sign,Daylight,Dry,Pedestrian,Pedestrian Collisions,65 to 69,2013,9,43.688045,-79.40559,1,2,1,0,1,0,0,0,0,1,0
Other,Minor Arterial,Intersection,Scarborough,Traffic Signal,Daylight,Wet,Passenger,Approaching,50 to 54,2013,13,43.697165,-79.274829,5,6,0,0,1,0,0,1,0,0,0
Other,Major Arterial,Mid-Block,Toronto and East York,No Control,Dusk,Dry,Vehicle Owner,Rear End,unknown,2013,19,43.645445,-79.37889,6,4,0,0,1,0,0,1,0,0,0
"Automobile, Station Wagon",Minor Arterial,Intersection,Toronto and East York,Traffic Signal,Daylight,Wet,Driver,Pedestrian Collisions,30 to 34,2013,12,43.658245,-79.37789,4,4,1,0,1,0,0,0,0,1,0
"Truck - Closed (Blazer, etc)",Major Arterial,Intersection,Scarborough,Traffic Signal,Daylight,Dry,Passenger,Pedestrian Collisions,30 to 34,2013,12,43.832644,-79.267993,8,1,1,0,0,1,1,1,1,1,1
Other,Minor Arterial,Mid-Block,Scarborough,No Control,Daylight,Dry,Passenger,Rear End,10 to 14,2013,18,43.841334,-79.230891,6,0,0,0,1,0,0,1,0,0,0
"Truck - Closed (Blazer, etc)",Major Arterial,Intersection,Scarborough,Traffic Signal,Daylight,Dry,Pedestrian,Pedestrian Collisions,40 to 44,2013,12,43.832644,-79.267993,8,1,1,0,0,1,1,1,1,1,1
"Automobile, Station Wagon",Minor Arterial,Intersection,Etobicoke York,Traffic Signal,"Dark, artificial",Dry,Driver,Pedestrian Collisions,20 to 24,2012,18,43.612246,-79.496692,11,3,1,0,1,0,0,0,0,0,0
Other,Minor Arterial,Intersection,Scarborough,Traffic Signal,Daylight,Wet,Passenger,Approaching,5 to 9,2013,13,43.697165,-79.274829,5,6,0,0,1,0,0,1,0,0,0
Other,Minor Arterial,Intersection,Toronto and East York,Traffic Signal,Daylight,Wet,Pedestrian,Pedestrian Collisions,80 to 84,2013,12,43.658245,-79.37789,4,4,1,0,1,0,0,0,0,1,0
Other,Minor Arterial,Mid-Block,Scarborough,No Control,Daylight,Dry,Passenger,Rear End,10 to 14,2013,18,43.841334,-79.230891,6,0,0,0,1,0,0,1,0,0,0
Other,Minor Arterial,Intersection,Scarborough,Traffic Signal,Daylight,Wet,Passenger,Approaching,5 to 9,2013,13,43.697165,-79.274829,5,6,0,0,1,0,0,1,0,0,0
Other,Major Arterial,Intersection,Toronto and East York,Traffic Signal,Daylight,Dry,Vehicle Owner,Cyclist Collisions,unknown,2013,17,43.677951,-79.443073,8,1,0,1,0,0,1,0,0,0,0
Other,Minor Arterial,Intersection,Scarborough,Traffic Signal,Daylight,Wet,Passenger,Approaching,5 to 9,2013,13,43.697165,-79.274829,5,6,0,0,1,0,0,1,0,0,0
Other,Minor Arterial,Intersection,Etobicoke York,Traffic Signal,"Dark, artificial",Dry,Pedestrian,Pedestrian Collisions,10 to 14,2012,18,43.612246,-79.496692,11,3,1,0,1,0,0,0,0,0,0
"Automobile, Station Wagon",Major Arterial,Intersection,Toronto and East York,Stop Sign,Daylight,Wet,Driver,Turning Movement,25 to 29,2013,16,43.644945,-79.41509,4,4,0,0,1,0,0,0,1,1,0
"Automobile, Station Wagon",Minor Arterial,Mid-Block,Scarborough,No Control,Daylight,Dry,Driver,Rear End,40 to 44,2013,18,43.841334,-79.230891,6,0,0,0,1,0,0,1,0,0,0
"Automobile, Station Wagon",Major Arterial,Mid-Block,Toronto and East York,No Control,Dusk,Dry,Driver,Rear End,55 to 59,2013,19,43.645445,-79.37889,6,4,0,0,1,0,0,1,0,0,0
Street Car,Major Arterial,Intersection,Toronto and East York,Traffic Signal,Daylight,Dry,Driver,Cyclist Collisions,30 to 34,2013,17,43.677951,-79.443073,8,1,0,1,0,0,1,0,0,0,0
Other,Minor Arterial,Intersection,Scarborough,Traffic Signal,Daylight,Wet,Passenger,Approaching,45 to 49,2013,13,43.697165,-79.274829,5,6,0,0,1,0,0,1,0,0,0
Other,Major Arterial,Mid-Block,Toronto and East York,No Control,Dusk,Dry,Passenger,Rear End,55 to 59,2013,19,43.645445,-79.37889,6,4,0,0,1,0,0,1,0,0,0
Other,Minor Arterial,Mid-Block,Scarborough,No Control,Daylight,Dry,Other,Rear End,unknown,2013,18,43.841334,-79.230891,6,0,0,0,1,0,0,1,0,0,0
Bicycle,Major Arterial,Intersection,Toronto and East York,Traffic Signal,Daylight,Dry,Cyclist,Cyclist Collisions,55 to 59,2013,17,43.677951,-79.443073,8,1,0,1,0,0,1,0,0,0,0
Other,Minor Arterial,Intersection,Scarborough,Traffic Signal,Daylight,Wet,Passenger,Approaching,10 to 14,2013,13,43.697165,-79.274829,5,6,0,0,1,0,0,1,0,0,0
Other,Major Arterial,Intersection,Toronto and East York,No Control,"Dark, artificial",Dry,Vehicle Owner,Pedestrian Collisions,unknown,2013,4,43.648554,-79.397273,6,6,1,0,1,0,0,0,0,0,0
"Automobile, Station Wagon",Major Arterial,Intersection,Toronto and East York,Traffic Signal,Daylight,Dry,Driver,Rear End,70 to 74,2012,11,43.665545,-79.48209,11,4,0,0,1,0,0,0,0,0,0
Bicycle,Major Arterial,Intersection,Toronto and East York,No Control,Daylight,Dry,Cyclist,Pedestrian Collisions,30 to 34,2013,17,43.650145,-79.38979,6,1,1,1,0,0,0,0,0,0,0
"Automobile, Station Wagon",Major Arterial,Intersection,Toronto and East York,Stop Sign,Daylight,Wet,Driver,Turning Movement,20 to 24,2013,16,43.644945,-79.41509,4,4,0,0,1,0,0,0,1,1,0
"Automobile, Station Wagon",Minor Arterial,Intersection,Scarborough,Traffic Signal,Daylight,Dry,Driver,Pedestrian Collisions,75 to 79,2013,12,43.76916,-79.182834,8,3,1,0,1,0,0,0,0,1,0
"Automobile, Station Wagon",Minor Arterial,Intersection,Scarborough,Traffic Signal,Daylight,Wet,Driver,Approaching,50 to 54,2013,13,43.697165,-79.274829,5,6,0,0,1,0,0,1,0,0,0