VEHTYPE,ROAD_CLASS,LOCCOORD,DISTRICT,TRAFFCTL,LIGHT,RDSFCOND,INVTYPE,IMPACTYPE,INVAGE,YEAR,TIME,LATITUDE,LONGITUDE,MONTH,DAY,PEDESTRIAN,CYCLIST,AUTOMOBILE,TRUCK,TRSN_CITY_VEH,PASSENGER,SPEEDING,AG_DRIV,ACCLASS
Other,Collector,Intersection,Toronto and East York,Stop Sign,Daylight,Dry,Pedestrian,Pedestrian Collisions,40 to 44,2013,17,43.692603,-79.302364,10,2,1,0,1,0,0,1,0,1,0
"Automobile, Station Wagon",Major Arterial,Intersection,North York,Traffic Signal,"Daylight, artificial",Dry,Driver,Pedestrian Collisions,50 to 54,2013,9,43.757044,-79.34135,10,3,1,0,1,0,0,0,0,1,0
"Automobile, Station Wagon",Major Arterial,Intersection,North York,Traffic Signal,"Daylight, artificial",Dry,Pedestrian,Pedestrian Collisions,25 to 29,2013,9,43.757044,-79.34135,10,3,1,0,1,0,0,0,0,1,0
Other,Major Arterial,Intersection,Toronto and East York,Traffic Signal,Dark,Dry,Vehicle Owner,Pedestrian Collisions,unknown,2013,22,43.652556,-79.432552,10,3,1,0,0,0,1,0,0,1,0
Municipal Transit Bus (TTC),Major Arterial,Intersection,Toronto and East York,Traffic Signal,Dark,Dry,Driver,Pedestrian Collisions,50 to 54,2013,22,43.652556,-79.432552,10,3,1,0,0,0,1,0,0,1,0
Other,Major Arterial,Intersection,Toronto and East York,Traffic Signal,Dark,Dry,Pedestrian,Pedestrian Collisions,25 to 29,2013,22,43.652556,-79.432552,10,3,1,0,0,0,1,0,0,1,0
Other,Major Arterial,Intersection,Toronto and East York,Traffic Signal,Daylight,Dry,Vehicle Owner,Pedestrian Collisions,unknown,2013,9,43.683932,-79.32088,10,4,1,0,1,0,0,0,0,1,0
"Automobile, Station Wagon",Major Arterial,Intersection,Toronto and East York,Traffic Signal,Daylight,Dry,Driver,Pedestrian Collisions,50 to 54,2013,9,43.683932,-79.32088,10,4,1,0,1,0,0,0,0,1,0
Other,Major Arterial,Intersection,Toronto and East York,Traffic Signal,Daylight,Dry,Pedestrian,Pedestrian Collisions,60 to 64,2013,9,43.683932,-79.32088,10,4,1,0,1,0,0,0,0,1,0
"Automobile, Station Wagon",Local,Mid-Block,Etobicoke York,No Control,Daylight,Dry,Driver,Pedestrian Collisions,30 to 34,2013,15,43.67919,-79.47034,10,4,1,0,1,0,0,0,0,0,0
Other,Local,Mid-Block,Etobicoke York,No Control,Daylight,Dry,Pedestrian,Pedestrian Collisions,5 to 9,2013,15,43.67919,-79.47034,10,4,1,0,1,0,0,0,0,0,0
"Automobile, Station Wagon",Major Arterial,Intersection,North York,Traffic Signal,Daylight,Dry,Driver,Turning Movement,45 to 49,2013,17,43.773719,-79.353313,10,4,0,0,1,0,0,0,0,1,0
"Automobile, Station Wagon",Major Arterial,Intersection,North York,Traffic Signal,Daylight,Dry,Driver,Turning Movement,20 to 24,2013,17,43.773719,-79.353313,10,4,0,0,1,0,0,0,0,1,0
"Automobile, Station Wagon",Major Arterial,Intersection,Etobicoke York,Traffic Signal,Daylight,Dry,Driver,Pedestrian Collisions,40 to 44,2013,18,43.686984,-79.48952,10,4,1,0,1,0,0,0,0,1,0
Other,Major Arterial,Intersection,Etobicoke York,Traffic Signal,Daylight,Dry,Other Property Owner,Pedestrian Collisions,unknown,2013,18,43.686984,-79.48952,10,4,1,0,1,0,0,0,0,1,0
"Automobile, Station Wagon",Major Arterial,Intersection,Etobicoke York,Traffic Signal,Daylight,Dry,Pedestrian,Pedestrian Collisions,10 to 14,2013,18,43.686984,-79.48952,10,4,1,0,1,0,0,0,0,1,0
"Automobile, Station Wagon",Major Arterial,Intersection,Etobicoke York,Traffic Signal,Daylight,Dry,Vehicle Owner,Pedestrian Collisions,unknown,2013,18,43.686984,-79.48952,10,4,1,0,1,0,0,0,0,1,0
Other,Local,Intersection,North York,No Control,Daylight,Dry,Vehicle Owner,SMV Other,unknown,2013,11,43.699385,-79.386318,10,5,0,0,1,0,0,1,0,0,0
Other,Local,Intersection,North York,No Control,Daylight,Dry,Passenger,SMV Other,25 to 29,2013,11,43.699385,-79.386318,10,5,0,0,1,0,0,1,0,0,0
"Automobile, Station Wagon",Local,Intersection,North York,No Control,Daylight,Dry,Driver,SMV Other,60 to 64,2013,11,43.699385,-79.386318,10,5,0,0,1,0,0,1,0,0,0
"Automobile, Station Wagon",Major Arterial,Mid-Block,North York,No Control,Daylight,Wet,Driver,Rear End,40 to 44,2013,14,43.743838,-79.490878,10,6,0,0,1,0,0,1,0,0,0
Other,Major Arterial,Mid-Block,North York,No Control,Daylight,Wet,Passenger,Rear End,5 to 9,2013,14,43.743838,-79.490878,10,6,0,0,1,0,0,1,0,0,0
Other,Major Arterial,Mid-Block,North York,No Control,Daylight,Wet,Passenger,Rear End,10 to 14,2013,14,43.743838,-79.490878,10,6,0,0,1,0,0,1,0,0,0
Other,Major Arterial,Mid-Block,North York,No Control,Daylight,Wet,Passenger,Rear End,40 to 44,2013,14,43.743838,-79.490878,10,6,0,0,1,0,0,1,0,0,0
"Automobile, Station Wagon",Major Arterial,Mid-Block,North York,No Control,Daylight,Wet,Driver,Rear End,50 to 54,2013,14,43.743838,-79.490878,10,6,0,0,1,0,0,1,0,0,0
"Automobile, Station Wagon",Major Arterial,Intersection,Scarborough,Traffic Signal,Daylight,Dry,Driver,Pedestrian Collisions,50 to 54,2013,18,43.760314,-79.222965,10,0,1,0,1,0,0,0,0,1,0
Other,Major Arterial,Intersection,Scarborough,Traffic Signal,Daylight,Dry,Pedestrian,Pedestrian Collisions,50 to 54,2013,18,43.760314,-79.222965,10,0,1,0,1,0,0,0,0,1,0
Other,Major Arterial,Intersection,Scarborough,Traffic Signal,Daylight,Dry,Pedestrian,Pedestrian Collisions,60 to 64,2013,18,43.760314,-79.222965,10,0,1,0,1,0,0,0,0,1,0
"Automobile, Station Wagon",Major Arterial,Mid-Block,Scarborough,No Control,Daylight,Dry,Driver,Approaching,50 to 54,2013,7,43.734305,-79.29021,10,1,0,0,1,0,0,0,0,1,0
"Automobile, Station Wagon",Major Arterial,Mid-Block,Scarborough,No Control,Daylight,Dry,Driver,Approaching,35 to 39,2013,7,43.734305,-79.29021,10,1,0,0,1,0,0,0,0,1,0
"Automobile, Station Wagon",Major Arterial,Mid-Block,Scarborough,No Control,Daylight,Dry,Driver,Approaching,45 to 49,2013,7,43.734305,-79.29021,10,1,0,0,1,0,0,0,0,1,0
Truck - Dump,Major Arterial,Mid-Block,Toronto and East York,No Control,Daylight,Wet,Vehicle Owner,Cyclist Collisions,unknown,2013,7,43.652507,-79.397853,10,2,0,1,0,1,0,0,0,0,1
Truck - Dump,Major Arterial,Mid-Block,Toronto and East York,No Control,Daylight,Wet,Truck Driver,Cyclist Collisions,50 to 54,2013,7,43.652507,-79.397853,10,2,0,1,0,1,0,0,0,0,1
Bicycle,Major Arterial,Mid-Block,Toronto and East York,No Control,Daylight,Wet,Cyclist,Cyclist Collisions,25 to 29,2013,7,43.652507,-79.397853,10,2,0,1,0,1,0,0,0,0,1
Bicycle,Major Arterial,Mid-Block,Toronto and East York,No Control,Daylight,Wet,Other,Cyclist Collisions,unknown,2013,7,43.652507,-79.397853,10,2,0,1,0,1,0,0,0,0,1
Pick Up Truck,Major Arterial,Mid-Block,Scarborough,No Control,Dark,Dry,Vehicle Owner,Pedestrian Collisions,unknown,2013,1,43.731745,-79.267787,10,6,1,0,1,0,0,0,0,0,1
Pick Up Truck,Major Arterial,Mid-Block,Scarborough,No Control,Dark,Dry,Driver,Pedestrian Collisions,25 to 29,2013,1,43.731745,-79.267787,10,6,1,0,1,0,0,0,0,0,1
Pick Up Truck,Major Arterial,Mid-Block,Scarborough,No Control,Dark,Dry,Witness,Pedestrian Collisions,unknown,2013,1,43.731745,-79.267787,10,6,1,0,1,0,0,0,0,0,1
Pick Up Truck,Major Arterial,Mid-Block,Scarborough,No Control,Dark,Dry,Pedestrian,Pedestrian Collisions,20 to 24,2013,1,43.731745,-79.267787,10,6,1,0,1,0,0,0,0,0,1
"Automobile, Station Wagon",Major Arterial,Intersection,Toronto and East York,Traffic Signal,Daylight,Dry,Passenger,Pedestrian Collisions,20 to 24,2014,16,43.641421,-79.380862,3,4,1,0,1,0,0,1,0,1,0
"Automobile, Station Wagon",Major Arterial,Intersection,Toronto and East York,Traffic Signal,Daylight,Dry,Pedestrian,Pedestrian Collisions,55 to 59,2014,16,43.641421,-79.380862,3,4,1,0,1,0,0,1,0,1,0
"Automobile, Station Wagon",Major Arterial,Intersection,Scarborough,Traffic Signal,"Dark, artificial",Dry,Driver,Pedestrian Collisions,40 to 44,2014,21,43.739905,-79.245532,3,4,1,0,1,0,0,1,0,1,0
"Automobile, Station Wagon",Major Arterial,Intersection,Scarborough,Traffic Signal,"Dark, artificial",Dry,Driver,Pedestrian Collisions,30 to 34,2014,21,43.739905,-79.245532,3,4,1,0,1,0,0,1,0,1,0
"Automobile, Station Wagon",Major Arterial,Intersection,Scarborough,Traffic Signal,"Dark, artificial",Dry,Driver,Pedestrian Collisions,15 to 19,2014,21,43.739905,-79.245532,3,4,1,0,1,0,0,1,0,1,0
"Automobile, Station Wagon",Major Arterial,Intersection,Scarborough,Traffic Signal,"Dark, artificial",Dry,Passenger,Pedestrian Collisions,25 to 29,2014,21,43.739905,-79.245532,3,4,1,0,1,0,0,1,0,1,0
"Automobile, Station Wagon",Major Arterial,Intersection,Scarborough,Traffic Signal,"Dark, artificial",Dry,Passenger,Pedestrian Collisions,0 to 4,2014,21,43.739905,-79.245532,3,4,1,0,1,0,0,1,0,1,0
"Automobile, Station Wagon",Major Arterial,Intersection,Scarborough,Traffic Signal,"Dark, artificial",Dry,Pedestrian,Pedestrian Collisions,50 to 54,2014,21,43.739905,-79.245532,3,4,1,0,1,0,0,1,0,1,0
"Automobile, Station Wagon",Major Arterial,Mid-Block,Scarborough,No Control,Dark,Dry,Driver,Pedestrian Collisions,15 to 19,2014,7,43.728591,-79.266422,3,0,1,0,1,0,0,0,0,0,0
"Automobile, Station Wagon",Major Arterial,Mid-Block,Scarborough,No Control,Dark,Dry,Pedestrian,Pedestrian Collisions,80 to 84,2014,7,43.728591,-79.266422,3,0,1,0,1,0,0,0,0,0,0
"Automobile, Station Wagon",Minor Arterial,Mid-Block,Toronto and East York,No Control,Dark,Dry,Driver,Pedestrian Collisions,30 to 34,2014,6,43.664591,-79.355953,3,2,1,0,1,0,0,0,0,0,0
"Automobile, Station Wagon",Minor Arterial,Mid-Block,Toronto and East York,No Control,Dark,Dry,Pedestrian,Pedestrian Collisions,35 to 39,2014,6,43.664591,-79.355953,3,2,1,0,1,0,0,0,0,0,0
"Automobile, Station Wagon",Minor Arterial,Mid-Block,Toronto and East York,No Control,Dark,Dry,Driver,Pedestrian Collisions,60 to 64,2014,6,43.664336,-79.355869,3,2,1,0,1,0,0,0,0,0,0
"Automobile, Station Wagon",Minor Arterial,Mid-Block,Toronto and East York,No Control,Dark,Dry,Pedestrian,Pedestrian Collisions,35 to 39,2014,6,43.664336,-79.355869,3,2,1,0,1,0,0,0,0,0,0
"Automobile, Station Wagon",Minor Arterial,Mid-Block,Scarborough,No Control,"Dark, artificial",Loose Sand or Gravel,Driver,SMV Other,30 to 34,2014,1,43.752612,-79.212047,3,4,0,0,1,0,0,0,0,0,0
"Automobile, Station Wagon",Minor Arterial,Intersection,Toronto and East York,Stop Sign,Daylight,Dry,Driver,Pedestrian Collisions,40 to 44,2014,18,43.660632,-79.443607,3,5,1,0,1,0,0,0,0,1,0
"Automobile, Station Wagon",Minor Arterial,Intersection,Toronto and East York,Stop Sign,Daylight,Dry,Pedestrian,Pedestrian Collisions,85 to 89,2014,18,43.660632,-79.443607,3,5,1,0,1,0,0,0,0,1,0
"Automobile, Station Wagon",Major Arterial,Intersection,Toronto and East York,No Control,"Daylight, artificial",Dry,Pedestrian,Pedestrian Collisions,25 to 29,2014,18,43.652541,-79.39986,4,2,1,0,1,0,0,0,0,0,1
"Automobile, Station Wagon",Major Arterial,Intersection,North York,No Control,Daylight,Dry,Driver,Turning Movement,35 to 39,2014,11,43.733172,-79.433002,3,6,0,0,1,0,0,1,0,1,0
"Automobile, Station Wagon",Major Arterial,Intersection,North York,No Control,Daylight,Dry,Driver,Turning Movement,55 to 59,2014,11,43.733172,-79.433002,3,6,0,0,1,0,0,1,0,1,0
"Automobile, Station Wagon",Major Arterial,Intersection,North York,No Control,Daylight,Dry,Driver,Turning Movement,50 to 54,2014,11,43.733172,-79.433002,3,6,0,0,1,0,0,1,0,1,0
"Automobile, Station Wagon",Major Arterial,Intersection,North York,No Control,Daylight,Dry,Passenger,Turning Movement,20 to 24,2014,11,43.733172,-79.433002,3,6,0,0,1,0,0,1,0,1,0
"Automobile, Station Wagon",Major Arterial,Intersection,North York,No Control,Daylight,Dry,Passenger,Turning Movement,30 to 34,2014,11,43.733172,-79.433002,3,6,0,0,1,0,0,1,0,1,0
"Automobile, Station Wagon",Minor Arterial,Intersection,Toronto and East York,Stop Sign,Daylight,Dry,Driver,Pedestrian Collisions,25 to 29,2014,10,43.647444,-79.375766,3,2,1,0,1,0,0,0,0,0,0
"Automobile, Station Wagon",Minor Arterial,Intersection,Toronto and East York,Stop Sign,Daylight,Dry,Pedestrian,Pedestrian Collisions,30 to 34,2014,10,43.647444,-79.375766,3,2,1,0,1,0,0,0,0,0,0
"Automobile, Station Wagon",Major Arterial,Mid-Block,North York,No Control,"Dark, artificial",Dry,Driver,SMV Other,70 to 74,2014,23,43.771174,-79.367473,3,3,0,0,1,0,0,0,0,0,0
"Automobile, Station Wagon",Major Arterial,Mid-Block,Toronto and East York,No Control,Daylight,Dry,Driver,Pedestrian Collisions,25 to 29,2014,17,43.64741,-79.40282,3,4,1,0,1,0,0,0,0,0,0
"Automobile, Station Wagon",Major Arterial,Mid-Block,Toronto and East York,No Control,Daylight,Dry,Pedestrian,Pedestrian Collisions,40 to 44,2014,17,43.64741,-79.40282,3,4,1,0,1,0,0,0,0,0,0
Delivery Van,Minor Arterial,Mid-Block,Scarborough,No Control,"Dark, artificial",Dry,Driver,SMV Other,25 to 29,2014,3,43.791693,-79.228359,3,5,0,0,1,0,0,1,0,0,0
Delivery Van,Minor Arterial,Mid-Block,Scarborough,No Control,"Dark, artificial",Dry,Passenger,SMV Other,15 to 19,2014,3,43.791693,-79.228359,3,5,0,0,1,0,0,1,0,0,0
"Automobile, Station Wagon",Major Arterial,Intersection,Toronto and East York,Traffic Signal,"Dark, artificial",Dry,Driver,Pedestrian Collisions,unknown,2014,3,43.66664,-79.403857,3,5,1,0,1,0,0,0,0,0,0
"Automobile, Station Wagon",Major Arterial,Intersection,Toronto and East York,Traffic Signal,"Dark, artificial",Dry,Pedestrian,Pedestrian Collisions,15 to 19,2014,3,43.66664,-79.403857,3,5,1,0,1,0,0,0,0,0,0
"Automobile, Station Wagon",Major Arterial,Intersection,North York,Traffic Signal,Daylight,Dry,Driver,Pedestrian Collisions,25 to 29,2014,17,43.727889,-79.417903,3,0,1,0,1,0,0,0,0,1,0
"Automobile, Station Wagon",Major Arterial,Intersection,North York,Traffic Signal,Daylight,Dry,Pedestrian,Pedestrian Collisions,25 to 29,2014,17,43.727889,-79.417903,3,0,1,0,1,0,0,0,0,1,0
Pick Up Truck,Major Arterial,Mid-Block,North York,No Control,Daylight,Dry,Driver,Pedestrian Collisions,25 to 29,2014,9,43.721377,-79.505595,4,3,1,0,1,0,0,0,0,0,0
Pick Up Truck,Major Arterial,Mid-Block,North York,No Control,Daylight,Dry,Pedestrian,Pedestrian Collisions,65 to 69,2014,9,43.721377,-79.505595,4,3,1,0,1,0,0,0,0,0,0
"Automobile, Station Wagon",Major Arterial,Intersection,North York,Traffic Signal,Dark,Wet,Driver,Pedestrian Collisions,45 to 49,2014,22,43.727645,-79.340846,4,4,1,0,1,0,0,0,0,0,0
"Automobile, Station Wagon",Major Arterial,Intersection,North York,Traffic Signal,Dark,Wet,Pedestrian,Pedestrian Collisions,20 to 24,2014,22,43.727645,-79.340846,4,4,1,0,1,0,0,0,0,0,0
"Automobile, Station Wagon",Minor Arterial,Intersection,Etobicoke York,Stop Sign,Daylight,Dry,Driver,Turning Movement,15 to 19,2014,16,43.65351,-79.514026,4,6,0,0,1,0,0,0,0,1,0
Motorcycle,Minor Arterial,Intersection,Etobicoke York,Stop Sign,Daylight,Dry,Motorcycle Driver,Turning Movement,40 to 44,2014,16,43.65351,-79.514026,4,6,0,0,1,0,0,0,0,1,0
"Automobile, Station Wagon",Major Arterial,Intersection,Toronto and East York,No Control,Daylight,Dry,Driver,Pedestrian Collisions,75 to 79,2014,17,43.687121,-79.393695,4,6,1,0,1,0,0,0,1,1,0
Motorcycle,Major Arterial,Intersection,Toronto and East York,No Control,Daylight,Dry,Motorcycle Driver,Pedestrian Collisions,25 to 29,2014,17,43.687121,-79.393695,4,6,1,0,1,0,0,0,1,1,0
Motorcycle,Major Arterial,Intersection,Toronto and East York,No Control,Daylight,Dry,Pedestrian,Pedestrian Collisions,65 to 69,2014,17,43.687121,-79.393695,4,6,1,0,1,0,0,0,1,1,0
"Automobile, Station Wagon",Major Arterial,Intersection,Etobicoke York,Traffic Signal,Daylight,Dry,Driver,Pedestrian Collisions,70 to 74,2014,17,43.646765,-79.530544,4,6,1,0,1,0,0,1,0,1,0
"Automobile, Station Wagon",Major Arterial,Intersection,Etobicoke York,Traffic Signal,Daylight,Dry,Passenger,Pedestrian Collisions,80 to 84,2014,17,43.646765,-79.530544,4,6,1,0,1,0,0,1,0,1,0
"Automobile, Station Wagon",Major Arterial,Intersection,Etobicoke York,Traffic Signal,Daylight,Dry,Pedestrian,Pedestrian Collisions,55 to 59,2014,17,43.646765,-79.530544,4,6,1,0,1,0,0,1,0,1,0
Passenger Van,Major Arterial,Intersection,North York,Pedestrian Crossover,"Dark, artificial",Dry,Driver,Pedestrian Collisions,15 to 19,2014,20,43.708693,-79.376323,4,6,1,0,1,0,0,1,0,1,0
Passenger Van,Major Arterial,Intersection,North York,Pedestrian Crossover,"Dark, artificial",Dry,Pedestrian,Pedestrian Collisions,20 to 24,2014,20,43.708693,-79.376323,4,6,1,0,1,0,0,1,0,1,0
Passenger Van,Major Arterial,Intersection,North York,Pedestrian Crossover,"Dark, artificial",Dry,Passenger,Pedestrian Collisions,15 to 19,2014,20,43.708693,-79.376323,4,6,1,0,1,0,0,1,0,1,0
"Automobile, Station Wagon",Major Arterial,Intersection,Scarborough,No Control,Daylight,Dry,Driver,Pedestrian Collisions,30 to 34,2014,16,43.720854,-79.257076,4,1,1,0,1,0,0,0,0,0,0
"Automobile, Station Wagon",Major Arterial,Intersection,Scarborough,No Control,Daylight,Dry,Pedestrian,Pedestrian Collisions,10 to 14,2014,16,43.720854,-79.257076,4,1,1,0,1,0,0,0,0,0,0
"Automobile, Station Wagon",Major Arterial,Intersection,Toronto and East York,No Control,Daylight,Dry,Driver,Cyclist Collisions,20 to 24,2014,20,43.663043,-79.402095,4,1,0,1,1,0,0,1,0,0,0
Bicycle,Major Arterial,Intersection,Toronto and East York,No Control,Daylight,Dry,Cyclist,Cyclist Collisions,20 to 24,2014,20,43.663043,-79.402095,4,1,0,1,1,0,0,1,0,0,0
Bicycle,Major Arterial,Intersection,Toronto and East York,No Control,Daylight,Dry,Passenger,Cyclist Collisions,50 to 54,2014,20,43.663043,-79.402095,4,1,0,1,1,0,0,1,0,0,0
"Automobile, Station Wagon",Major Arterial,Intersection,North York,Traffic Signal,Daylight,Dry,Driver,Turning Movement,60 to 64,2014,10,43.790801,-79.453021,4,2,0,0,1,0,0,1,1,1,0
"Automobile, Station Wagon",Major Arterial,Intersection,North York,Traffic Signal,Daylight,Dry,Driver,Turning Movement,15 to 19,2014,10,43.790801,-79.453021,4,2,0,0,1,0,0,1,1,1,0
"Automobile, Station Wagon",Major Arterial,Intersection,North York,Traffic Signal,Daylight,Dry,Passenger,Turning Movement,15 to 19,2014,10,43.790801,-79.453021,4,2,0,0,1,0,0,1,1,1,0
"Automobile, Station Wagon",Major Arterial,Intersection,North York,Traffic Signal,Daylight,Dry,Passenger,Turning Movement,15 to 19,2014,10,43.790801,-79.453021,4,2,0,0,1,0,0,1,1,1,0
"Automobile, Station Wagon",Major Arterial,Intersection,North York,Traffic Signal,Daylight,Dry,Passenger,Turning Movement,15 to 19,2014,10,43.790801,-79.453021,4,2,0,0,1,0,0,1,1,1,0
"Automobile, Station Wagon",Major Arterial,Intersection,North York,Traffic Signal,Daylight,Dry,Passenger,Turning Movement,15 to 19,2014,10,43.790801,-79.453021,4,2,0,0,1,0,0,1,1,1,0
"Automobile, Station Wagon",Major Arterial,Intersection,Toronto and East York,No Control,"Dusk, artificial",Dry,Driver,Cyclist Collisions,65 to 69,2014,20,43.665415,-79.465877,4,3,0,1,1,0,0,0,0,0,0
Bicycle,Major Arterial,Intersection,Toronto and East York,No Control,"Dusk, artificial",Dry,Cyclist,Cyclist Collisions,35 to 39,2014,20,43.665415,-79.465877,4,3,0,1,1,0,0,0,0,0,0
"Automobile, Station Wagon",Minor Arterial,Intersection,Toronto and East York,No Control,"Dark, artificial",Dry,Driver,Cyclist Collisions,40 to 44,2014,0,43.649573,-79.429813,4,4,0,1,1,0,0,0,0,0,0
Bicycle,Minor Arterial,Intersection,Toronto and East York,No Control,"Dark, artificial",Dry,Cyclist,Cyclist Collisions,35 to 39,2014,0,43.649573,-79.429813,4,4,0,1,1,0,0,0,0,0,0
Municipal Transit Bus (TTC),Major Arterial,Intersection,Etobicoke York,Traffic Signal,Daylight,Dry,Driver,Pedestrian Collisions,30 to 34,2014,11,43.758048,-79.513431,4,6,1,0,0,0,1,0,0,0,0
Municipal Transit Bus (TTC),Major Arterial,Intersection,Etobicoke York,Traffic Signal,Daylight,Dry,Pedestrian,Pedestrian Collisions,10 to 14,2014,11,43.758048,-79.513431,4,6,1,0,0,0,1,0,0,0,0
Street Car,Major Arterial,Intersection,Toronto and East York,No Control,Daylight,Wet,Driver,Pedestrian Collisions,60 to 64,2014,15,43.655112,-79.398898,4,1,1,0,0,0,1,0,0,0,0
Street Car,Major Arterial,Intersection,Toronto and East York,No Control,Daylight,Wet,Pedestrian,Pedestrian Collisions,25 to 29,2014,15,43.655112,-79.398898,4,1,1,0,0,0,1,0,0,0,0
"Automobile, Station Wagon",Major Arterial,Intersection,Etobicoke York,Traffic Signal,Daylight,Dry,Driver,Turning Movement,20 to 24,2014,16,43.632022,-79.575145,4,2,0,0,1,0,0,0,0,1,0
"Automobile, Station Wagon",Major Arterial,Intersection,Etobicoke York,Traffic Signal,Daylight,Dry,Driver,Turning Movement,50 to 54,2014,16,43.632022,-79.575145,4,2,0,0,1,0,0,0,0,1,0
Municipal Transit Bus (TTC),Major Arterial,Intersection,North York,Traffic Signal,Daylight,Wet,Driver,Other,35 to 39,2014,18,43.795935,-79.429225,4,2,0,0,0,0,1,1,0,0,0
Municipal Transit Bus (TTC),Major Arterial,Intersection,North York,Traffic Signal,Daylight,Wet,Passenger,Other,85 to 89,2014,18,43.795935,-79.429225,4,2,0,0,0,0,1,1,0,0,0
Municipal Transit Bus (TTC),Major Arterial,Intersection,Scarborough,Traffic Signal,Daylight,Dry,Driver,Other,60 to 64,2014,15,43.759013,-79.310191,5,3,0,0,0,0,1,1,0,0,0
Municipal Transit Bus (TTC),Major Arterial,Intersection,Scarborough,Traffic Signal,Daylight,Dry,Passenger,Other,80 to 84,2014,15,43.759013,-79.310191,5,3,0,0,0,0,1,1,0,0,0
"Automobile, Station Wagon",Major Arterial,Intersection,Etobicoke York,No Control,"Dark, artificial",Dry,Driver,Rear End,20 to 24,2014,23,43.731497,-79.537448,5,3,0,0,1,0,0,1,1,1,0
"Automobile, Station Wagon",Major Arterial,Intersection,Etobicoke York,No Control,"Dark, artificial",Dry,Driver,Rear End,30 to 34,2014,23,43.731497,-79.537448,5,3,0,0,1,0,0,1,1,1,0
"Automobile, Station Wagon",Major Arterial,Intersection,Etobicoke York,No Control,"Dark, artificial",Dry,Passenger,Rear End,30 to 34,2014,23,43.731497,-79.537448,5,3,0,0,1,0,0,1,1,1,0
"Automobile, Station Wagon",Major Arterial,Intersection,Etobicoke York,No Control,"Dark, artificial",Dry,Passenger,Rear End,30 to 34,2014,23,43.731497,-79.537448,5,3,0,0,1,0,0,1,1,1,0
"Automobile, Station Wagon",Major Arterial,Intersection,Etobicoke York,No Control,"Dark, artificial",Dry,Passenger,Rear End,25 to 29,2014,23,43.731497,-79.537448,5,3,0,0,1,0,0,1,1,1,0
"Automobile, Station Wagon",Major Arterial,Intersection,Etobicoke York,No Control,"Dark, artificial",Dry,Passenger,Rear End,55 to 59,2014,23,43.731497,-79.537448,5,3,0,0,1,0,0,1,1,1,0
"Automobile, Station Wagon",Major Arterial,Intersection,Toronto and East York,Stop Sign,Daylight,Dry,Driver,Cyclist Collisions,25 to 29,2014,7,43.683406,-79.311847,5,0,0,1,1,0,0,1,0,1,0
"Automobile, Station Wagon",Major Arterial,Intersection,Toronto and East York,Stop Sign,Daylight,Dry,Passenger,Cyclist Collisions,25 to 29,2014,7,43.683406,-79.311847,5,0,0,1,1,0,0,1,0,1,0
"Automobile, Station Wagon",Major Arterial,Intersection,Toronto and East York,Stop Sign,Daylight,Dry,Passenger,Cyclist Collisions,unknown,2014,7,43.683406,-79.311847,5,0,0,1,1,0,0,1,0,1,0
"Automobile, Station Wagon",Major Arterial,Intersection,Toronto and East York,Stop Sign,Daylight,Dry,Passenger,Cyclist Collisions,unknown,2014,7,43.683406,-79.311847,5,0,0,1,1,0,0,1,0,1,0
Bicycle,Major Arterial,Intersection,Toronto and East York,Stop Sign,Daylight,Dry,Cyclist,Cyclist Collisions,55 to 59,2014,7,43.683406,-79.311847,5,0,0,1,1,0,0,1,0,1,0
Bicycle,Major Arterial,Intersection,Toronto and East York,Traffic Signal,Daylight,Dry,Cyclist,Cyclist Collisions,50 to 54,2014,10,43.673918,-79.307918,5,0,0,1,1,0,0,1,0,1,0
"Automobile, Station Wagon",Major Arterial,Intersection,Toronto and East York,Traffic Signal,Daylight,Dry,Driver,Cyclist Collisions,45 to 49,2014,10,43.673918,-79.307918,5,0,0,1,1,0,0,1,0,1,0
"Automobile, Station Wagon",Major Arterial,Intersection,Toronto and East York,Traffic Signal,Daylight,Dry,Passenger,Cyclist Collisions,20 to 24,2014,10,43.673918,-79.307918,5,0,0,1,1,0,0,1,0,1,0
"Automobile, Station Wagon",Minor Arterial,Mid-Block,Etobicoke York,No Control,"Dusk, artificial",Dry,Driver,Turning Movement,25 to 29,2014,21,43.660464,-79.583576,5,3,0,0,1,0,0,0,1,1,1
Motorcycle,Minor Arterial,Mid-Block,Etobicoke York,No Control,"Dusk, artificial",Dry,Motorcycle Driver,Turning Movement,20 to 24,2014,21,43.660464,-79.583576,5,3,0,0,1,0,0,0,1,1,1
"Automobile, Station Wagon",Major Arterial,Intersection,Scarborough,Traffic Signal,Daylight,Dry,Driver,Angle,75 to 79,2014,10,43.736685,-79.248081,5,4,0,0,1,0,0,0,0,1,0
"Automobile, Station Wagon",Major Arterial,Intersection,Scarborough,Traffic Signal,Daylight,Dry,Driver,Angle,60 to 64,2014,10,43.736685,-79.248081,5,4,0,0,1,0,0,0,0,1,0