VEHTYPE,ROAD_CLASS,LOCCOORD,DISTRICT,TRAFFCTL,LIGHT,RDSFCOND,INVTYPE,IMPACTYPE,INVAGE,YEAR,TIME,LATITUDE,LONGITUDE,MONTH,DAY,PEDESTRIAN,CYCLIST,AUTOMOBILE,TRUCK,TRSN_CITY_VEH,PASSENGER,SPEEDING,AG_DRIV,ACCLASS
"Automobile, Station Wagon",Major Arterial,Mid-Block,Scarborough,No Control,Daylight,Dry,Driver,Rear End,20 to 24,2015,17,43.745635,-79.219951,9,2,0,0,1,0,0,1,0,1,0
"Automobile, Station Wagon",Major Arterial,Mid-Block,Scarborough,No Control,Daylight,Dry,Driver,Rear End,65 to 69,2015,17,43.745635,-79.219951,9,2,0,0,1,0,0,1,0,1,0
"Automobile, Station Wagon",Major Arterial,Mid-Block,Scarborough,No Control,Daylight,Dry,Driver,Rear End,40 to 44,2015,17,43.745635,-79.219951,9,2,0,0,1,0,0,1,0,1,0
"Automobile, Station Wagon",Major Arterial,Mid-Block,Scarborough,No Control,Daylight,Dry,Passenger,Rear End,60 to 64,2015,17,43.745635,-79.219951,9,2,0,0,1,0,0,1,0,1,0
"Automobile, Station Wagon",Major Arterial,Mid-Block,Scarborough,No Control,Daylight,Dry,Passenger,Rear End,15 to 19,2015,17,43.745635,-79.219951,9,2,0,0,1,0,0,1,0,1,0
"Automobile, Station Wagon",Major Arterial,Intersection,Toronto and East York,Stop Sign,Daylight,Dry,Driver,Cyclist Collisions,60 to 64,2015,17,43.653514,-79.340778,9,2,0,1,1,0,0,1,0,1,0
Bicycle,Major Arterial,Intersection,Toronto and East York,Stop Sign,Daylight,Dry,Cyclist,Cyclist Collisions,40 to 44,2015,17,43.653514,-79.340778,9,2,0,1,1,0,0,1,0,1,0
Bicycle,Major Arterial,Intersection,Toronto and East York,Stop Sign,Daylight,Dry,Passenger,Cyclist Collisions,65 to 69,2015,17,43.653514,-79.340778,9,2,0,1,1,0,0,1,0,1,0
"Automobile, Station Wagon",Minor Arterial,Intersection,Scarborough,No Control,"Dark, artificial",Dry,Driver,SMV Other,40 to 44,2015,23,43.797373,-79.204799,9,2,0,0,1,0,0,0,1,1,0
"Automobile, Station Wagon",Major Arterial,Intersection,Etobicoke York,No Control,"Dawn, artificial",Dry,Driver,Approaching,20 to 24,2015,6,43.706175,-79.477496,1,3,0,0,1,0,0,1,1,1,0
Municipal Transit Bus (TTC),Major Arterial,Intersection,Toronto and East York,Traffic Signal,"Dark, artificial",Dry,Driver,Cyclist Collisions,35 to 39,2015,1,43.663642,-79.463794,9,6,0,1,0,0,1,0,0,0,0
"Automobile, Station Wagon",Major Arterial,Intersection,Scarborough,Traffic Signal,"Dark, artificial",Wet,Pedestrian,Pedestrian Collisions,45 to 49,2014,20,43.74536,-79.294727,9,2,1,0,1,0,0,0,0,1,0
"Automobile, Station Wagon",Major Arterial,Intersection,Etobicoke York,No Control,"Dawn, artificial",Dry,Driver,Approaching,30 to 34,2015,6,43.706175,-79.477496,1,3,0,0,1,0,0,1,1,1,0
"Automobile, Station Wagon",Major Arterial,Mid-Block,Etobicoke York,No Control,Daylight,Wet,Passenger,Approaching,65 to 69,2014,14,43.68619,-79.512805,11,6,0,0,1,0,0,1,0,0,0
"Automobile, Station Wagon",Minor Arterial,Intersection,Toronto and East York,Traffic Signal,Daylight,Dry,Driver,Cyclist Collisions,40 to 44,2015,12,43.666476,-79.375842,9,6,0,1,1,0,0,0,0,1,0
Pick Up Truck,Collector,Mid-Block,North York,No Control,"Dark, artificial",Wet,Driver,Cyclist Collisions,30 to 34,2014,17,43.747107,-79.449291,11,6,0,1,1,0,0,0,0,0,0
Pick Up Truck,Major Arterial,Intersection,North York,Traffic Signal,"Dark, artificial",Wet,Driver,Turning Movement,60 to 64,2014,6,43.788638,-79.463176,9,3,0,0,1,0,0,0,0,0,0
Bicycle,Minor Arterial,Intersection,Toronto and East York,Traffic Signal,Daylight,Dry,Cyclist,Cyclist Collisions,25 to 29,2015,12,43.666476,-79.375842,9,6,0,1,1,0,0,0,0,1,0
"Automobile, Station Wagon",Major Arterial,Intersection,Etobicoke York,No Control,"Dawn, artificial",Dry,Passenger,Approaching,20 to 24,2015,6,43.706175,-79.477496,1,3,0,0,1,0,0,1,1,1,0
Bicycle,Collector,Mid-Block,North York,No Control,"Dark, artificial",Wet,Cyclist,Cyclist Collisions,35 to 39,2014,17,43.747107,-79.449291,11,6,0,1,1,0,0,0,0,0,0
Motorcycle,Major Arterial,Intersection,North York,Traffic Signal,"Dark, artificial",Wet,Motorcycle Driver,Turning Movement,40 to 44,2014,6,43.788638,-79.463176,9,3,0,0,1,0,0,0,0,0,0
"Automobile, Station Wagon",Major Arterial,Intersection,Etobicoke York,Traffic Signal,Daylight,Dry,Driver,Turning Movement,60 to 64,2014,7,43.717013,-79.537273,9,6,0,0,1,0,0,0,0,1,0
"Automobile, Station Wagon",Major Arterial,Intersection,Etobicoke York,Traffic Signal,Daylight,Dry,Driver,Turning Movement,65 to 69,2014,7,43.717013,-79.537273,9,6,0,0,1,0,0,0,0,1,0
"Automobile, Station Wagon",Collector,Intersection,Etobicoke York,No Control,Daylight,Wet,Driver,Approaching,25 to 29,2014,17,43.723643,-79.619922,9,0,0,0,1,0,0,0,1,1,0
"Automobile, Station Wagon",Collector,Intersection,Etobicoke York,No Control,Daylight,Wet,Driver,Approaching,30 to 34,2014,17,43.723643,-79.619922,9,0,0,0,1,0,0,0,1,1,0
"Automobile, Station Wagon",Major Arterial,Intersection,Scarborough,Traffic Signal,"Dark, artificial",Wet,Driver,Angle,20 to 24,2014,20,43.724959,-79.300533,9,0,0,0,1,0,0,1,0,1,0
"Automobile, Station Wagon",Major Arterial,Intersection,Scarborough,Traffic Signal,"Dark, artificial",Wet,Driver,Angle,40 to 44,2014,20,43.724959,-79.300533,9,0,0,0,1,0,0,1,0,1,0
Passenger Van,Major Arterial,Intersection,Scarborough,Traffic Signal,"Dark, artificial",Wet,Driver,Angle,45 to 49,2014,20,43.724959,-79.300533,9,0,0,0,1,0,0,1,0,1,0
Passenger Van,Major Arterial,Intersection,Scarborough,Traffic Signal,"Dark, artificial",Wet,Passenger,Angle,15 to 19,2014,20,43.724959,-79.300533,9,0,0,0,1,0,0,1,0,1,0
Passenger Van,Major Arterial,Intersection,Scarborough,Traffic Signal,"Dark, artificial",Wet,Passenger,Angle,40 to 44,2014,20,43.724959,-79.300533,9,0,0,0,1,0,0,1,0,1,0
Passenger Van,Major Arterial,Intersection,Scarborough,Traffic Signal,"Dark, artificial",Wet,Passenger,Angle,15 to 19,2014,20,43.724959,-79.300533,9,0,0,0,1,0,0,1,0,1,0
Passenger Van,Major Arterial,Intersection,Scarborough,Traffic Signal,"Dark, artificial",Wet,Passenger,Angle,15 to 19,2014,20,43.724959,-79.300533,9,0,0,0,1,0,0,1,0,1,0
Passenger Van,Major Arterial,Intersection,Scarborough,Traffic Signal,"Dark, artificial",Wet,Passenger,Angle,10 to 14,2014,20,43.724959,-79.300533,9,0,0,0,1,0,0,1,0,1,0
Passenger Van,Major Arterial,Intersection,Scarborough,Traffic Signal,"Dark, artificial",Wet,Passenger,Angle,10 to 14,2014,20,43.724959,-79.300533,9,0,0,0,1,0,0,1,0,1,0
Truck (other),Major Arterial,Mid-Block,Toronto and East York,No Control,Daylight,Dry,Truck Driver,SMV Other,50 to 54,2014,10,43.700286,-79.337711,9,1,0,0,0,1,0,0,1,1,0
Pick Up Truck,Major Arterial,Intersection,North York,Traffic Signal,Daylight,Dry,Driver,Pedestrian Collisions,50 to 54,2014,16,43.791945,-79.358073,9,2,1,0,1,0,0,0,0,0,0
Pick Up Truck,Major Arterial,Intersection,North York,Traffic Signal,Daylight,Dry,Pedestrian,Pedestrian Collisions,45 to 49,2014,16,43.791945,-79.358073,9,2,1,0,1,0,0,0,0,0,0
Street Car,Major Arterial,Mid-Block,Toronto and East York,No Control,"Dark, artificial",Dry,Driver,Pedestrian Collisions,60 to 64,2014,20,43.687525,-79.396793,9,3,1,0,0,0,1,0,0,0,1
Street Car,Major Arterial,Mid-Block,Toronto and East York,No Control,"Dark, artificial",Dry,Pedestrian,Pedestrian Collisions,75 to 79,2014,20,43.687525,-79.396793,9,3,1,0,0,0,1,0,0,0,1
Motorcycle,Minor Arterial,Mid-Block,Etobicoke York,No Control,"Dark, artificial",Dry,Motorcycle Driver,SMV Other,35 to 39,2014,20,43.680937,-79.581149,9,5,0,0,0,0,0,0,0,1,0
"Automobile, Station Wagon",Major Arterial,Intersection,North York,Traffic Signal,Daylight,Wet,Pedestrian,Pedestrian Collisions,40 to 44,2014,7,43.792399,-79.445743,9,6,1,0,1,0,0,0,0,1,0
"Automobile, Station Wagon",Major Arterial,Intersection,North York,Traffic Signal,Daylight,Wet,Driver,Pedestrian Collisions,unknown,2014,7,43.792399,-79.445743,9,6,1,0,1,0,0,0,0,1,0
Motorcycle,Major Arterial,Mid-Block,Scarborough,No Control,Daylight,Dry,Motorcycle Driver,Turning Movement,35 to 39,2014,16,43.752669,-79.259059,9,6,0,0,1,0,0,0,1,1,0
"Automobile, Station Wagon",Major Arterial,Mid-Block,Scarborough,No Control,Daylight,Dry,Driver,Turning Movement,60 to 64,2014,16,43.752669,-79.259059,9,6,0,0,1,0,0,0,1,1,0
"Automobile, Station Wagon",Major Arterial,Intersection,Toronto and East York,Pedestrian Crossover,"Dark, artificial",Dry,Driver,Pedestrian Collisions,25 to 29,2014,21,43.63745,-79.434711,9,0,1,0,1,0,0,0,0,1,1
"Automobile, Station Wagon",Major Arterial,Intersection,Toronto and East York,Pedestrian Crossover,"Dark, artificial",Dry,Pedestrian,Pedestrian Collisions,35 to 39,2014,21,43.63745,-79.434711,9,0,1,0,1,0,0,0,0,1,1
"Automobile, Station Wagon",Collector,Intersection,North York,No Control,Daylight,Dry,Driver,SMV Other,65 to 69,2014,11,43.735106,-79.357433,9,2,0,0,1,0,0,0,1,1,0
"Automobile, Station Wagon",Minor Arterial,Mid-Block,Etobicoke York,No Control,Daylight,Dry,Driver,SMV Other,75 to 79,2014,12,43.651831,-79.570003,9,2,0,0,1,0,0,0,1,1,0
"Automobile, Station Wagon",Major Arterial,Intersection,Toronto and East York,Traffic Signal,Daylight,Dry,Driver,Pedestrian Collisions,15 to 19,2014,10,43.648215,-79.370921,9,3,1,0,1,0,0,0,0,1,0
"Automobile, Station Wagon",Major Arterial,Intersection,Toronto and East York,Traffic Signal,Daylight,Dry,Pedestrian,Pedestrian Collisions,20 to 24,2014,10,43.648215,-79.370921,9,3,1,0,1,0,0,0,0,1,0
Police Vehicle,Collector,Intersection,North York,Stop Sign,Daylight,Dry,Driver,Pedestrian Collisions,55 to 59,2014,9,43.710574,-79.393894,9,4,1,0,0,0,0,0,0,1,0
Police Vehicle,Collector,Intersection,North York,Stop Sign,Daylight,Dry,Pedestrian,Pedestrian Collisions,25 to 29,2014,9,43.710574,-79.393894,9,4,1,0,0,0,0,0,0,1,0
"Automobile, Station Wagon",Major Arterial,Intersection,North York,Traffic Signal,Daylight,Dry,Driver,Cyclist Collisions,50 to 54,2014,12,43.733313,-79.452823,9,4,0,1,1,0,0,0,0,0,0
Bicycle,Major Arterial,Intersection,North York,Traffic Signal,Daylight,Dry,Cyclist,Cyclist Collisions,20 to 24,2014,12,43.733313,-79.452823,9,4,0,1,1,0,0,0,0,0,0
"Automobile, Station Wagon",Major Arterial,Intersection,Toronto and East York,Pedestrian Crossover,Daylight,Dry,Driver,Cyclist Collisions,35 to 39,2014,13,43.654898,-79.420261,9,0,0,1,1,0,0,1,0,1,0
Bicycle,Major Arterial,Intersection,Toronto and East York,Pedestrian Crossover,Daylight,Dry,Cyclist,Cyclist Collisions,25 to 29,2014,13,43.654898,-79.420261,9,0,0,1,1,0,0,1,0,1,0
Bicycle,Major Arterial,Intersection,Toronto and East York,Pedestrian Crossover,Daylight,Dry,Passenger,Cyclist Collisions,20 to 24,2014,13,43.654898,-79.420261,9,0,0,1,1,0,0,1,0,1,0
Motorcycle,Major Arterial,Intersection,Toronto and East York,No Control,Daylight,Dry,Motorcycle Driver,Pedestrian Collisions,35 to 39,2014,16,43.656806,-79.375659,9,1,1,0,0,0,0,0,0,0,0
Motorcycle,Major Arterial,Intersection,Toronto and East York,No Control,Daylight,Dry,Pedestrian,Pedestrian Collisions,45 to 49,2014,16,43.656806,-79.375659,9,1,1,0,0,0,0,0,0,0,0
Street Car,Major Arterial,Mid-Block,Etobicoke York,No Control,Daylight,Dry,Driver,Pedestrian Collisions,45 to 49,2014,16,43.672331,-79.468509,9,1,1,0,0,0,1,0,0,0,1
Street Car,Major Arterial,Mid-Block,Etobicoke York,No Control,Daylight,Dry,Pedestrian,Pedestrian Collisions,70 to 74,2014,16,43.672331,-79.468509,9,1,1,0,0,0,1,0,0,0,1
Motorcycle,Local,Mid-Block,Etobicoke York,No Control,Daylight,Wet,Motorcycle Driver,SMV Other,20 to 24,2014,16,43.725997,-79.55511,10,2,0,0,0,0,0,0,1,1,1
"Automobile, Station Wagon",Minor Arterial,Mid-Block,Etobicoke York,No Control,Daylight,Dry,Driver,Sideswipe,30 to 34,2014,8,43.696761,-79.491908,10,3,0,0,1,0,0,1,0,1,0
"Automobile, Station Wagon",Minor Arterial,Mid-Block,Etobicoke York,No Control,Daylight,Dry,Driver,Sideswipe,30 to 34,2014,8,43.696761,-79.491908,10,3,0,0,1,0,0,1,0,1,0
"Automobile, Station Wagon",Minor Arterial,Mid-Block,Etobicoke York,No Control,Daylight,Dry,Driver,Sideswipe,55 to 59,2014,8,43.696761,-79.491908,10,3,0,0,1,0,0,1,0,1,0
"Automobile, Station Wagon",Minor Arterial,Mid-Block,Etobicoke York,No Control,Daylight,Dry,Passenger,Sideswipe,55 to 59,2014,8,43.696761,-79.491908,10,3,0,0,1,0,0,1,0,1,0
"Automobile, Station Wagon",Minor Arterial,Mid-Block,Etobicoke York,No Control,Daylight,Dry,Passenger,Sideswipe,15 to 19,2014,8,43.696761,-79.491908,10,3,0,0,1,0,0,1,0,1,0
"Automobile, Station Wagon",Minor Arterial,Mid-Block,Etobicoke York,No Control,Daylight,Dry,Passenger,Sideswipe,10 to 14,2014,8,43.696761,-79.491908,10,3,0,0,1,0,0,1,0,1,0
"Automobile, Station Wagon",Minor Arterial,Mid-Block,Etobicoke York,No Control,Daylight,Dry,Passenger,Sideswipe,35 to 39,2014,8,43.696761,-79.491908,10,3,0,0,1,0,0,1,0,1,0
"Automobile, Station Wagon",Minor Arterial,Mid-Block,Scarborough,No Control,Daylight,Dry,Driver,Turning Movement,55 to 59,2014,17,43.753657,-79.308833,10,5,0,0,1,0,0,1,0,1,0
Motorcycle,Minor Arterial,Mid-Block,Scarborough,No Control,Daylight,Dry,Motorcycle Driver,Turning Movement,25 to 29,2014,17,43.753657,-79.308833,10,5,0,0,1,0,0,1,0,1,0
Motorcycle,Minor Arterial,Mid-Block,Scarborough,No Control,Daylight,Dry,Passenger,Turning Movement,60 to 64,2014,17,43.753657,-79.308833,10,5,0,0,1,0,0,1,0,1,0
Motorcycle,Minor Arterial,Mid-Block,Scarborough,No Control,Daylight,Dry,Passenger,Turning Movement,80 to 84,2014,17,43.753657,-79.308833,10,5,0,0,1,0,0,1,0,1,0
Motorcycle,Minor Arterial,Mid-Block,Scarborough,No Control,Daylight,Dry,Passenger,Turning Movement,80 to 84,2014,17,43.753657,-79.308833,10,5,0,0,1,0,0,1,0,1,0
Motorcycle,Minor Arterial,Mid-Block,Scarborough,No Control,Daylight,Dry,Passenger,Turning Movement,50 to 54,2014,17,43.753657,-79.308833,10,5,0,0,1,0,0,1,0,1,0
"Automobile, Station Wagon",Major Arterial,Intersection,Toronto and East York,Traffic Signal,"Dark, artificial",Wet,Driver,Pedestrian Collisions,45 to 49,2014,0,43.650778,-79.386592,10,1,1,0,1,0,0,0,0,0,0
"Automobile, Station Wagon",Major Arterial,Intersection,Toronto and East York,Traffic Signal,"Dark, artificial",Wet,Pedestrian,Pedestrian Collisions,25 to 29,2014,0,43.650778,-79.386592,10,1,1,0,1,0,0,0,0,0,0
"Automobile, Station Wagon",Major Arterial,Mid-Block,Etobicoke York,No Control,"Dark, artificial",Wet,Driver,SMV Other,50 to 54,2014,24,43.749804,-79.567989,10,2,0,0,1,0,0,0,1,1,0
Truck - Open,Major Arterial,Intersection,North York,Traffic Signal,Daylight,Dry,Truck Driver,Pedestrian Collisions,30 to 34,2014,13,43.761679,-79.347186,10,3,1,0,0,1,0,0,0,1,0
Truck - Open,Major Arterial,Intersection,North York,Traffic Signal,Daylight,Dry,Pedestrian,Pedestrian Collisions,50 to 54,2014,13,43.761679,-79.347186,10,3,1,0,0,1,0,0,0,1,0
"Automobile, Station Wagon",Major Arterial,Intersection,Scarborough,Traffic Signal,Daylight,Dry,Driver,Cyclist Collisions,45 to 49,2014,14,43.735335,-79.290637,10,3,0,1,1,0,0,0,0,1,1
Bicycle,Major Arterial,Intersection,Scarborough,Traffic Signal,Daylight,Dry,Cyclist,Cyclist Collisions,60 to 64,2014,14,43.735335,-79.290637,10,3,0,1,1,0,0,0,0,1,1
Truck - Dump,Major Arterial,Mid-Block,Toronto and East York,No Control,Dusk,Dry,Truck Driver,Pedestrian Collisions,40 to 44,2014,18,43.637053,-79.436572,10,3,1,0,0,1,0,0,0,0,1
Truck - Dump,Major Arterial,Mid-Block,Toronto and East York,No Control,Dusk,Dry,Pedestrian,Pedestrian Collisions,80 to 84,2014,18,43.637053,-79.436572,10,3,1,0,0,1,0,0,0,0,1
Municipal Transit Bus (TTC),Major Arterial,Intersection,North York,Traffic Signal,Daylight,Dry,Driver,Pedestrian Collisions,30 to 34,2014,10,43.716307,-79.443202,10,5,1,0,0,0,1,0,0,0,1
Municipal Transit Bus (TTC),Major Arterial,Intersection,North York,Traffic Signal,Daylight,Dry,Pedestrian,Pedestrian Collisions,65 to 69,2014,10,43.716307,-79.443202,10,5,1,0,0,0,1,0,0,0,1
Fire Vehicle,Minor Arterial,Intersection,Etobicoke York,Traffic Signal,Daylight,Dry,Driver,Angle,45 to 49,2014,17,43.657023,-79.555232,10,6,0,0,1,0,0,1,0,1,0
"Automobile, Station Wagon",Minor Arterial,Intersection,Etobicoke York,Traffic Signal,Daylight,Dry,Driver,Angle,90 to 94,2014,17,43.657023,-79.555232,10,6,0,0,1,0,0,1,0,1,0
"Automobile, Station Wagon",Minor Arterial,Intersection,Etobicoke York,Traffic Signal,Daylight,Dry,Passenger,Angle,45 to 49,2014,17,43.657023,-79.555232,10,6,0,0,1,0,0,1,0,1,0
"Automobile, Station Wagon",Minor Arterial,Intersection,Etobicoke York,Traffic Signal,Daylight,Dry,Passenger,Angle,30 to 34,2014,17,43.657023,-79.555232,10,6,0,0,1,0,0,1,0,1,0
"Automobile, Station Wagon",Minor Arterial,Intersection,Etobicoke York,Traffic Signal,Daylight,Dry,Passenger,Angle,35 to 39,2014,17,43.657023,-79.555232,10,6,0,0,1,0,0,1,0,1,0
"Automobile, Station Wagon",Minor Arterial,Intersection,Etobicoke York,Traffic Signal,Daylight,Dry,Passenger,Angle,85 to 89,2014,17,43.657023,-79.555232,10,6,0,0,1,0,0,1,0,1,0
"Automobile, Station Wagon",Major Arterial,Intersection,Scarborough,Traffic Signal,Daylight,Wet,Driver,Turning Movement,45 to 49,2014,13,43.769412,-79.282245,10,1,0,0,1,0,0,0,0,1,0
Motorcycle,Major Arterial,Intersection,Scarborough,Traffic Signal,Daylight,Wet,Motorcycle Driver,Turning Movement,50 to 54,2014,13,43.769412,-79.282245,10,1,0,0,1,0,0,0,0,1,0
"Automobile, Station Wagon",Major Arterial,Intersection,Scarborough,Traffic Signal,Daylight,Dry,Driver,Turning Movement,50 to 54,2014,15,43.79584,-79.319309,10,1,0,0,1,0,0,0,0,1,0
Motorcycle,Major Arterial,Intersection,Scarborough,Traffic Signal,Daylight,Dry,Motorcycle Driver,Turning Movement,20 to 24,2014,15,43.79584,-79.319309,10,1,0,0,1,0,0,0,0,1,0
"Automobile, Station Wagon",Major Arterial,Intersection,Scarborough,Traffic Signal,"Dark, artificial",Dry,Driver,Pedestrian Collisions,65 to 69,2014,7,43.735224,-79.279865,10,3,1,0,1,0,0,0,0,1,0
"Automobile, Station Wagon",Major Arterial,Intersection,Scarborough,Traffic Signal,"Dark, artificial",Dry,Pedestrian,Pedestrian Collisions,55 to 59,2014,7,43.735224,-79.279865,10,3,1,0,1,0,0,0,0,1,0
"Automobile, Station Wagon",Major Arterial,Mid-Block,North York,No Control,"Dark, artificial",Wet,Driver,Pedestrian Collisions,50 to 54,2014,19,43.725833,-79.303104,10,3,1,0,1,0,0,0,0,0,1
"Automobile, Station Wagon",Major Arterial,Mid-Block,North York,No Control,"Dark, artificial",Wet,Pedestrian,Pedestrian Collisions,55 to 59,2014,19,43.725833,-79.303104,10,3,1,0,1,0,0,0,0,0,1
"Automobile, Station Wagon",Major Arterial,Mid-Block,Scarborough,No Control,"Dark, artificial",Dry,Driver,Approaching,45 to 49,2014,17,43.750205,-79.296703,11,6,0,0,1,0,0,0,0,0,0
"Automobile, Station Wagon",Minor Arterial,Mid-Block,Scarborough,No Control,"Dark, artificial",Dry,Driver,Cyclist Collisions,65 to 69,2015,22,43.698958,-79.264797,9,6,0,1,1,0,0,0,0,1,0
"Automobile, Station Wagon",Major Arterial,Intersection,Etobicoke York,No Control,Daylight,Dry,Driver,Turning Movement,60 to 64,2015,10,43.670848,-79.475185,1,4,0,0,1,1,0,0,0,0,0
Pick Up Truck,Major Arterial,Mid-Block,Scarborough,No Control,"Dark, artificial",Dry,Driver,Approaching,35 to 39,2014,17,43.750205,-79.296703,11,6,0,0,1,0,0,0,0,0,0
Bicycle,Minor Arterial,Mid-Block,Scarborough,No Control,"Dark, artificial",Dry,Cyclist,Cyclist Collisions,35 to 39,2015,22,43.698958,-79.264797,9,6,0,1,1,0,0,0,0,1,0
"Truck - Closed (Blazer, etc)",Major Arterial,Intersection,Etobicoke York,No Control,Daylight,Dry,Truck Driver,Turning Movement,30 to 34,2015,10,43.670848,-79.475185,1,4,0,0,1,1,0,0,0,0,0
"Automobile, Station Wagon",Minor Arterial,Mid-Block,Toronto and East York,No Control,Daylight,Dry,Driver,Pedestrian Collisions,40 to 44,2015,18,43.656546,-79.423526,9,0,1,0,1,0,0,0,0,0,0
"Automobile, Station Wagon",Major Arterial,Intersection,North York,Traffic Signal,"Dark, artificial",Dry,Driver,Approaching,25 to 29,2014,18,43.711814,-79.373103,12,0,0,0,1,0,0,0,0,1,0
"Automobile, Station Wagon",Minor Arterial,Mid-Block,Toronto and East York,No Control,Daylight,Dry,Pedestrian,Pedestrian Collisions,5 to 9,2015,18,43.656546,-79.423526,9,0,1,0,1,0,0,0,0,0,0
"Automobile, Station Wagon",Major Arterial,Intersection,North York,Traffic Signal,"Dark, artificial",Dry,Driver,Turning Movement,40 to 44,2015,18,43.766577,-79.388042,1,4,0,0,1,0,0,1,0,0,0
"Automobile, Station Wagon",Major Arterial,Intersection,North York,Traffic Signal,"Dark, artificial",Dry,Driver,Approaching,30 to 34,2014,18,43.711814,-79.373103,12,0,0,0,1,0,0,0,0,1,0
School Bus,Collector,Intersection,Scarborough,Stop Sign,Daylight,Dry,Driver,Pedestrian Collisions,55 to 59,2014,14,43.728434,-79.280307,12,1,1,0,0,0,0,1,0,0,0
School Bus,Collector,Intersection,Scarborough,Stop Sign,Daylight,Dry,Passenger,Pedestrian Collisions,20 to 24,2014,14,43.728434,-79.280307,12,1,1,0,0,0,0,1,0,0,0
School Bus,Collector,Intersection,Scarborough,Stop Sign,Daylight,Dry,Pedestrian,Pedestrian Collisions,45 to 49,2014,14,43.728434,-79.280307,12,1,1,0,0,0,0,1,0,0,0
Truck - Dump,Major Arterial,Mid-Block,Etobicoke York,No Control,Daylight,Wet,Truck Driver,Turning Movement,25 to 29,2014,15,43.689719,-79.582462,12,1,0,0,0,1,0,0,0,0,0
Truck - Dump,Major Arterial,Mid-Block,Etobicoke York,No Control,Daylight,Wet,Truck Driver,Turning Movement,40 to 44,2014,15,43.689719,-79.582462,12,1,0,0,0,1,0,0,0,0,0
Delivery Van,Major Arterial,Mid-Block,Etobicoke York,No Control,"Dark, artificial",Dry,Driver,Approaching,20 to 24,2014,22,43.734622,-79.559871,12,2,0,0,1,0,0,0,0,0,0
"Automobile, Station Wagon",Major Arterial,Mid-Block,Etobicoke York,No Control,"Dark, artificial",Dry,Driver,Approaching,35 to 39,2014,22,43.734622,-79.559871,12,2,0,0,1,0,0,0,0,0,0
"Automobile, Station Wagon",Major Arterial,Mid-Block,Scarborough,No Control,"Dark, artificial",Dry,Driver,SMV Other,55 to 59,2014,19,43.799033,-79.273639,12,5,0,0,1,0,0,1,0,0,0
"Automobile, Station Wagon",Major Arterial,Mid-Block,Scarborough,No Control,"Dark, artificial",Dry,Passenger,SMV Other,50 to 54,2014,19,43.799033,-79.273639,12,5,0,0,1,0,0,1,0,0,0
"Automobile, Station Wagon",Major Arterial,Intersection,Scarborough,Traffic Signal,"Dark, artificial",Dry,Driver,Turning Movement,30 to 34,2014,2,43.725642,-79.297504,12,6,0,0,1,1,0,1,1,1,0
Truck-Tractor,Major Arterial,Intersection,Scarborough,Traffic Signal,"Dark, artificial",Dry,Truck Driver,Turning Movement,45 to 49,2014,2,43.725642,-79.297504,12,6,0,0,1,1,0,1,1,1,0
Truck-Tractor,Major Arterial,Intersection,Scarborough,Traffic Signal,"Dark, artificial",Dry,Passenger,Turning Movement,20 to 24,2014,2,43.725642,-79.297504,12,6,0,0,1,1,0,1,1,1,0
Truck-Tractor,Major Arterial,Intersection,Scarborough,Traffic Signal,"Dark, artificial",Dry,Passenger,Turning Movement,25 to 29,2014,2,43.725642,-79.297504,12,6,0,0,1,1,0,1,1,1,0
"Automobile, Station Wagon",Major Arterial,Intersection,Scarborough,Traffic Signal,Daylight,Dry,Driver,Approaching,80 to 84,2014,10,43.742171,-79.272052,12,6,0,0,1,0,0,0,0,0,1
"Automobile, Station Wagon",Major Arterial,Intersection,Scarborough,Traffic Signal,Daylight,Dry,Driver,Approaching,60 to 64,2014,10,43.742171,-79.272052,12,6,0,0,1,0,0,0,0,0,1
Tow Truck,Major Arterial,Intersection,Scarborough,Traffic Signal,Daylight,Dry,Truck Driver,Approaching,50 to 54,2014,10,43.742171,-79.272052,12,6,0,0,1,0,0,0,0,0,1
"Automobile, Station Wagon",Major Arterial,Intersection,North York,Traffic Signal,"Dark, artificial",Dry,Driver,Pedestrian Collisions,75 to 79,2014,17,43.698161,-79.38647,12,0,1,0,1,0,0,0,0,1,0
"Automobile, Station Wagon",Major Arterial,Intersection,North York,Traffic Signal,"Dark, artificial",Dry,Pedestrian,Pedestrian Collisions,65 to 69,2014,17,43.698161,-79.38647,12,0,1,0,1,0,0,0,0,1,0
"Automobile, Station Wagon",Major Arterial,Intersection,North York,Traffic Signal,"Dark, artificial",Dry,Driver,Pedestrian Collisions,75 to 79,2014,17,43.698104,-79.38644,12,0,1,0,1,0,0,0,0,1,0
"Automobile, Station Wagon",Major Arterial,Intersection,North York,Traffic Signal,"Dark, artificial",Dry,Pedestrian,Pedestrian Collisions,65 to 69,2014,17,43.698104,-79.38644,12,0,1,0,1,0,0,0,0,1,0
"Automobile, Station Wagon",Major Arterial,Mid-Block,North York,No Control,Daylight,Packed Snow,Driver,Sideswipe,30 to 34,2014,11,43.774005,-79.351894,12,3,0,0,1,0,0,0,0,0,0
"Automobile, Station Wagon",Major Arterial,Mid-Block,North York,No Control,Daylight,Packed Snow,Driver,Sideswipe,unknown,2014,11,43.774005,-79.351894,12,3,0,0,1,0,0,0,0,0,0
"Automobile, Station Wagon",Major Arterial,Intersection,North York,Traffic Signal,Daylight,Wet,Driver,Pedestrian Collisions,60 to 64,2014,7,43.811907,-79.357539,12,4,1,0,0,0,0,0,0,1,0