VEHTYPE,ROAD_CLASS,LOCCOORD,DISTRICT,TRAFFCTL,LIGHT,RDSFCOND,INVTYPE,IMPACTYPE,INVAGE,YEAR,TIME,LATITUDE,LONGITUDE,MONTH,DAY,PEDESTRIAN,CYCLIST,AUTOMOBILE,TRUCK,TRSN_CITY_VEH,PASSENGER,SPEEDING,AG_DRIV,ACCLASS
Municipal Transit Bus (TTC),Major Arterial,Intersection,Scarborough,Traffic Signal,Daylight,Dry,Driver,Pedestrian Collisions,40 to 44,2016,20,43.751013,-79.222255,5,4,1,0,1,0,1,0,0,0,0
Municipal Transit Bus (TTC),Major Arterial,Intersection,Scarborough,Traffic Signal,Daylight,Dry,Pedestrian,Pedestrian Collisions,40 to 44,2016,20,43.751013,-79.222255,5,4,1,0,1,0,1,0,0,0,0
"Automobile, Station Wagon",Major Arterial,Intersection,Scarborough,Traffic Signal,"Dark, artificial",Dry,Driver,Turning Movement,65 to 69,2016,22,43.755477,-79.245387,5,4,0,0,1,0,0,1,0,1,0
Motorcycle,Major Arterial,Intersection,Scarborough,Traffic Signal,"Dark, artificial",Dry,Motorcycle Driver,Turning Movement,40 to 44,2016,22,43.755477,-79.245387,5,4,0,0,1,0,0,1,0,1,0
Motorcycle,Major Arterial,Intersection,Scarborough,Traffic Signal,"Dark, artificial",Dry,Motorcycle Passenger,Turning Movement,10 to 14,2016,22,43.755477,-79.245387,5,4,0,0,1,0,0,1,0,1,0
"Automobile, Station Wagon",Major Arterial,Intersection,Etobicoke York,Traffic Signal,Daylight,Dry,Driver,Turning Movement,60 to 64,2016,12,43.709174,-79.505519,5,5,0,0,1,0,0,0,0,1,0
Motorcycle,Major Arterial,Intersection,Etobicoke York,Traffic Signal,Daylight,Dry,Motorcycle Driver,Turning Movement,20 to 24,2016,12,43.709174,-79.505519,5,5,0,0,1,0,0,0,0,1,0
"Automobile, Station Wagon",Minor Arterial,Mid-Block,Etobicoke York,No Control,Daylight,Dry,Passenger,Approaching,65 to 69,2016,18,43.618773,-79.564426,5,5,0,0,1,0,0,1,1,1,1
"Automobile, Station Wagon",Minor Arterial,Mid-Block,Etobicoke York,No Control,Daylight,Dry,Driver,Approaching,20 to 24,2016,18,43.618773,-79.564426,5,5,0,0,1,0,0,1,1,1,1
"Automobile, Station Wagon",Minor Arterial,Mid-Block,Etobicoke York,No Control,Daylight,Dry,Driver,Approaching,25 to 29,2016,18,43.618773,-79.564426,5,5,0,0,1,0,0,1,1,1,1
"Automobile, Station Wagon",Major Arterial,Intersection,Toronto and East York,Traffic Signal,Daylight,Dry,Driver,Cyclist Collisions,unknown,2016,20,43.650012,-79.386249,5,5,0,1,1,0,0,0,0,1,0
Bicycle,Major Arterial,Intersection,Toronto and East York,Traffic Signal,Daylight,Dry,Cyclist,Cyclist Collisions,25 to 29,2016,20,43.650012,-79.386249,5,5,0,1,1,0,0,0,0,1,0
"Automobile, Station Wagon",Minor Arterial,Mid-Block,Toronto and East York,No Control,Daylight,Dry,Driver,Turning Movement,30 to 34,2016,18,43.671214,-79.405658,5,6,0,0,1,0,0,1,0,1,0
Motorcycle,Minor Arterial,Mid-Block,Toronto and East York,No Control,Daylight,Dry,Motorcycle Driver,Turning Movement,20 to 24,2016,18,43.671214,-79.405658,5,6,0,0,1,0,0,1,0,1,0
Motorcycle,Minor Arterial,Mid-Block,Toronto and East York,No Control,Daylight,Dry,Passenger,Turning Movement,30 to 34,2016,18,43.671214,-79.405658,5,6,0,0,1,0,0,1,0,1,0
"Automobile, Station Wagon",Major Arterial,Intersection,Toronto and East York,Traffic Signal,Daylight,Dry,Driver,Turning Movement,35 to 39,2016,13,43.654246,-79.383167,5,0,0,0,1,0,0,1,0,1,0
Motorcycle,Major Arterial,Intersection,Toronto and East York,Traffic Signal,Daylight,Dry,Motorcycle Driver,Turning Movement,35 to 39,2016,13,43.654246,-79.383167,5,0,0,0,1,0,0,1,0,1,0
Motorcycle,Major Arterial,Intersection,Toronto and East York,Traffic Signal,Daylight,Dry,Passenger,Turning Movement,50 to 54,2016,13,43.654246,-79.383167,5,0,0,0,1,0,0,1,0,1,0
"Automobile, Station Wagon",Major Arterial,Mid-Block,Etobicoke York,No Control,Daylight,Dry,Driver,Rear End,60 to 64,2016,17,43.594889,-79.531665,5,0,0,0,1,0,0,1,0,0,0
Passenger Van,Major Arterial,Mid-Block,Etobicoke York,No Control,Daylight,Dry,Driver,Rear End,60 to 64,2016,17,43.594889,-79.531665,5,0,0,0,1,0,0,1,0,0,0
"Automobile, Station Wagon",Major Arterial,Mid-Block,Etobicoke York,No Control,Daylight,Dry,Driver,Rear End,35 to 39,2016,17,43.594889,-79.531665,5,0,0,0,1,0,0,1,0,0,0
"Automobile, Station Wagon",Major Arterial,Mid-Block,Etobicoke York,No Control,Daylight,Dry,Passenger,Rear End,70 to 74,2016,17,43.594889,-79.531665,5,0,0,0,1,0,0,1,0,0,0
"Automobile, Station Wagon",Local,Intersection,Etobicoke York,No Control,Daylight,Dry,Driver,Other,65 to 69,2016,17,43.688113,-79.467433,5,0,0,0,1,0,0,0,0,0,1
"Automobile, Station Wagon",Major Arterial,Intersection,North York,Traffic Signal,Daylight,Dry,Driver,Turning Movement,75 to 79,2016,16,43.710967,-79.377116,5,1,0,0,1,0,0,1,0,1,0
"Automobile, Station Wagon",Major Arterial,Intersection,North York,Traffic Signal,Daylight,Dry,Driver,Turning Movement,30 to 34,2016,16,43.710967,-79.377116,5,1,0,0,1,0,0,1,0,1,0
"Automobile, Station Wagon",Major Arterial,Intersection,North York,Traffic Signal,Daylight,Dry,Passenger,Turning Movement,30 to 34,2016,16,43.710967,-79.377116,5,1,0,0,1,0,0,1,0,1,0
"Automobile, Station Wagon",Major Arterial,Intersection,North York,Traffic Signal,Daylight,Dry,Passenger,Turning Movement,0 to 4,2016,16,43.710967,-79.377116,5,1,0,0,1,0,0,1,0,1,0
"Automobile, Station Wagon",Major Arterial,Intersection,North York,Traffic Signal,Daylight,Dry,Passenger,Turning Movement,0 to 4,2016,16,43.710967,-79.377116,5,1,0,0,1,0,0,1,0,1,0
"Automobile, Station Wagon",Major Arterial,Intersection,Etobicoke York,Traffic Signal,Daylight,Dry,Driver,Pedestrian Collisions,25 to 29,2016,18,43.699214,-79.51984,5,1,1,0,1,0,0,1,0,1,0
"Automobile, Station Wagon",Major Arterial,Intersection,Etobicoke York,Traffic Signal,Daylight,Dry,Pedestrian,Pedestrian Collisions,55 to 59,2016,18,43.699214,-79.51984,5,1,1,0,1,0,0,1,0,1,0
"Automobile, Station Wagon",Major Arterial,Intersection,Etobicoke York,Traffic Signal,Daylight,Dry,Passenger,Pedestrian Collisions,5 to 9,2016,18,43.699214,-79.51984,5,1,1,0,1,0,0,1,0,1,0
"Automobile, Station Wagon",Major Arterial,Intersection,Etobicoke York,Traffic Signal,Daylight,Dry,Passenger,Pedestrian Collisions,0 to 4,2016,18,43.699214,-79.51984,5,1,1,0,1,0,0,1,0,1,0
"Automobile, Station Wagon",Major Arterial,Intersection,Etobicoke York,Traffic Signal,Daylight,Dry,Passenger,Pedestrian Collisions,0 to 4,2016,18,43.699214,-79.51984,5,1,1,0,1,0,0,1,0,1,0
"Automobile, Station Wagon",Major Arterial,Intersection,Etobicoke York,No Control,"Dark, artificial",Dry,Driver,SMV Other,20 to 24,2016,3,43.608233,-79.490337,6,2,0,0,1,0,0,1,1,1,0
"Automobile, Station Wagon",Major Arterial,Intersection,Etobicoke York,No Control,"Dark, artificial",Dry,Passenger,SMV Other,25 to 29,2016,3,43.608233,-79.490337,6,2,0,0,1,0,0,1,1,1,0
"Automobile, Station Wagon",Major Arterial,Intersection,North York,Traffic Signal,"Dark, artificial",Wet,Driver,Cyclist Collisions,50 to 54,2017,22,43.780406,-79.412273,3,4,0,1,1,0,0,0,0,0,0
Bicycle,Major Arterial,Intersection,North York,Traffic Signal,"Dark, artificial",Wet,Cyclist,Cyclist Collisions,20 to 24,2017,22,43.780406,-79.412273,3,4,0,1,1,0,0,0,0,0,0
"Automobile, Station Wagon",Major Arterial,Intersection,Etobicoke York,Traffic Signal,"Dark, artificial",Wet,Driver,Pedestrian Collisions,70 to 74,2017,3,43.700087,-79.516155,3,6,1,0,1,0,0,0,0,0,0
"Automobile, Station Wagon",Major Arterial,Intersection,Etobicoke York,Traffic Signal,"Dark, artificial",Wet,Pedestrian,Pedestrian Collisions,30 to 34,2017,3,43.700087,-79.516155,3,6,1,0,1,0,0,0,0,0,0
"Automobile, Station Wagon",Major Arterial,Intersection,Scarborough,Traffic Signal,Daylight,Wet,Driver,Turning Movement,65 to 69,2017,13,43.775668,-79.234958,3,6,0,0,1,0,0,1,0,1,0
"Automobile, Station Wagon",Major Arterial,Intersection,Scarborough,Traffic Signal,Daylight,Wet,Driver,Turning Movement,25 to 29,2017,13,43.775668,-79.234958,3,6,0,0,1,0,0,1,0,1,0
"Automobile, Station Wagon",Major Arterial,Intersection,Scarborough,Traffic Signal,Daylight,Wet,Passenger,Turning Movement,20 to 24,2017,13,43.775668,-79.234958,3,6,0,0,1,0,0,1,0,1,0
"Automobile, Station Wagon",Major Arterial,Intersection,Scarborough,Traffic Signal,Daylight,Wet,Passenger,Turning Movement,20 to 24,2017,13,43.775668,-79.234958,3,6,0,0,1,0,0,1,0,1,0
"Automobile, Station Wagon",Major Arterial,Intersection,Scarborough,Traffic Signal,Daylight,Wet,Passenger,Turning Movement,20 to 24,2017,13,43.775668,-79.234958,3,6,0,0,1,0,0,1,0,1,0
"Automobile, Station Wagon",Major Arterial,Intersection,Scarborough,Traffic Signal,Daylight,Wet,Passenger,Turning Movement,70 to 74,2017,13,43.775668,-79.234958,3,6,0,0,1,0,0,1,0,1,0
"Automobile, Station Wagon",Major Arterial,Intersection,Scarborough,Traffic Signal,Daylight,Wet,Passenger,Turning Movement,0 to 4,2017,13,43.775668,-79.234958,3,6,0,0,1,0,0,1,0,1,0
"Automobile, Station Wagon",Major Arterial,Intersection,Scarborough,Traffic Signal,Daylight,Wet,Passenger,Turning Movement,0 to 4,2017,13,43.775668,-79.234958,3,6,0,0,1,0,0,1,0,1,0
Municipal Transit Bus (TTC),Major Arterial,Intersection,North York,Traffic Controller,Daylight,Wet,Driver,Other,45 to 49,2017,9,43.703047,-79.415462,3,0,0,0,0,0,1,1,0,0,0
"Automobile, Station Wagon",Major Arterial,Intersection,Scarborough,Stop Sign,Dark,Wet,Driver,Turning Movement,15 to 19,2017,2,43.741065,-79.250186,2,3,0,0,1,0,0,0,1,1,1
Municipal Transit Bus (TTC),Major Arterial,Intersection,North York,Traffic Controller,Daylight,Wet,Passenger,Other,25 to 29,2017,9,43.703047,-79.415462,3,0,0,0,0,0,1,1,0,0,0
"Automobile, Station Wagon",Major Arterial,Mid-Block,Scarborough,Pedestrian Crossover,Dark,Dry,Pedestrian,Pedestrian Collisions,65 to 69,2017,6,43.794673,-79.314952,3,1,1,0,1,0,0,0,0,1,0
"Automobile, Station Wagon",Major Arterial,Mid-Block,Scarborough,Pedestrian Crossover,Dark,Dry,Driver,Pedestrian Collisions,25 to 29,2017,6,43.794673,-79.314952,3,1,1,0,1,0,0,0,0,1,0
"Automobile, Station Wagon",Major Arterial,Intersection,Scarborough,Traffic Signal,"Dark, artificial",Dry,Driver,Angle,15 to 19,2017,0,43.761779,-79.215801,3,3,0,0,1,0,0,1,1,1,0
"Automobile, Station Wagon",Major Arterial,Intersection,Scarborough,Traffic Signal,"Dark, artificial",Dry,Driver,Angle,55 to 59,2017,0,43.761779,-79.215801,3,3,0,0,1,0,0,1,1,1,0
"Automobile, Station Wagon",Major Arterial,Intersection,Scarborough,Traffic Signal,"Dark, artificial",Dry,Passenger,Angle,70 to 74,2017,0,43.761779,-79.215801,3,3,0,0,1,0,0,1,1,1,0
Passenger Van,Collector,Intersection,Scarborough,Traffic Signal,Daylight,Dry,Driver,Turning Movement,60 to 64,2017,11,43.819899,-79.298061,3,4,0,0,1,0,0,0,0,1,0
Passenger Van,Collector,Intersection,Scarborough,Traffic Signal,Daylight,Dry,Driver,Turning Movement,45 to 49,2017,11,43.819899,-79.298061,3,4,0,0,1,0,0,0,0,1,0
"Automobile, Station Wagon",Local,Mid-Block,Toronto and East York,No Control,"Dark, artificial",Wet,Driver,Pedestrian Collisions,unknown,2017,2,43.658438,-79.440212,4,5,1,0,1,0,0,0,0,0,0
"Automobile, Station Wagon",Local,Mid-Block,Toronto and East York,No Control,"Dark, artificial",Wet,Pedestrian,Pedestrian Collisions,20 to 24,2017,2,43.658438,-79.440212,4,5,1,0,1,0,0,0,0,0,0
"Automobile, Station Wagon",Major Arterial,Mid-Block,Etobicoke York,No Control,"Dark, artificial",Dry,Driver,SMV Other,60 to 64,2017,0,43.717608,-79.582813,4,6,0,0,1,0,0,0,1,1,0
"Automobile, Station Wagon",Major Arterial,Intersection,Scarborough,Traffic Signal,Daylight,Dry,Driver,Pedestrian Collisions,65 to 69,2017,9,43.816786,-79.336421,4,6,1,0,1,0,0,0,0,1,0
"Automobile, Station Wagon",Major Arterial,Intersection,Scarborough,Traffic Signal,Daylight,Dry,Pedestrian,Pedestrian Collisions,60 to 64,2017,9,43.816786,-79.336421,4,6,1,0,1,0,0,0,0,1,0
"Automobile, Station Wagon",Major Arterial,Intersection,Etobicoke York,Traffic Signal,Daylight,Dry,Driver,Pedestrian Collisions,80 to 84,2017,11,43.646231,-79.559947,4,0,1,0,1,0,0,1,0,0,0
"Automobile, Station Wagon",Major Arterial,Intersection,Etobicoke York,Traffic Signal,Daylight,Dry,Passenger,Pedestrian Collisions,90 to 94,2017,11,43.646231,-79.559947,4,0,1,0,1,0,0,1,0,0,0
"Automobile, Station Wagon",Major Arterial,Intersection,Etobicoke York,Traffic Signal,Daylight,Dry,Pedestrian,Pedestrian Collisions,50 to 54,2017,11,43.646231,-79.559947,4,0,1,0,1,0,0,1,0,0,0
Pick Up Truck,Minor Arterial,Intersection,Scarborough,Traffic Signal,"Dark, artificial",Wet,Driver,Pedestrian Collisions,40 to 44,2017,0,43.80511,-79.22665,4,1,1,0,1,0,0,0,0,0,0
Pick Up Truck,Minor Arterial,Intersection,Scarborough,Traffic Signal,"Dark, artificial",Wet,Pedestrian,Pedestrian Collisions,15 to 19,2017,0,43.80511,-79.22665,4,1,1,0,1,0,0,0,0,0,0
"Automobile, Station Wagon",Minor Arterial,Intersection,Toronto and East York,Traffic Signal,Daylight,Wet,Driver,Pedestrian Collisions,30 to 34,2017,9,43.649577,-79.431415,4,1,1,0,1,0,0,0,0,1,0
"Automobile, Station Wagon",Minor Arterial,Intersection,Toronto and East York,Traffic Signal,Daylight,Wet,Pedestrian,Pedestrian Collisions,65 to 69,2017,9,43.649577,-79.431415,4,1,1,0,1,0,0,0,0,1,0
"Automobile, Station Wagon",Local,Intersection,Etobicoke York,No Control,Daylight,Dry,Driver,Pedestrian Collisions,35 to 39,2017,15,43.688971,-79.522189,4,2,1,0,1,0,0,0,0,0,0
"Automobile, Station Wagon",Local,Intersection,Etobicoke York,No Control,Daylight,Dry,Pedestrian,Pedestrian Collisions,55 to 59,2017,15,43.688971,-79.522189,4,2,1,0,1,0,0,0,0,0,0
"Automobile, Station Wagon",Local,Intersection,Etobicoke York,No Control,Daylight,Dry,Pedestrian,Pedestrian Collisions,85 to 89,2017,15,43.688971,-79.522189,4,2,1,0,1,0,0,0,0,0,0
"Truck - Closed (Blazer, etc)",Local,Intersection,Scarborough,No Control,Daylight,Wet,Passenger,Other,55 to 59,2017,14,43.701213,-79.251239,4,3,0,0,0,1,0,1,0,0,1
"Truck - Closed (Blazer, etc)",Local,Intersection,Scarborough,No Control,Daylight,Wet,Truck Driver,Other,50 to 54,2017,14,43.701213,-79.251239,4,3,0,0,0,1,0,1,0,0,1
"Automobile, Station Wagon",Major Arterial,Intersection,Toronto and East York,Traffic Signal,Daylight,Wet,Pedestrian,Pedestrian Collisions,75 to 79,2017,16,43.654212,-79.406795,4,3,1,0,1,0,0,1,0,1,0
"Automobile, Station Wagon",Major Arterial,Intersection,Toronto and East York,Traffic Signal,Daylight,Wet,Passenger,Pedestrian Collisions,40 to 44,2017,16,43.654212,-79.406795,4,3,1,0,1,0,0,1,0,1,0
"Automobile, Station Wagon",Major Arterial,Intersection,Toronto and East York,Traffic Signal,Daylight,Wet,Driver,Pedestrian Collisions,50 to 54,2017,16,43.654212,-79.406795,4,3,1,0,1,0,0,1,0,1,0
"Automobile, Station Wagon",Major Arterial,Intersection,Scarborough,Traffic Signal,"Dark, artificial",Wet,Driver,Pedestrian Collisions,25 to 29,2017,23,43.767493,-79.22832,4,3,1,0,1,0,0,0,0,0,0
"Automobile, Station Wagon",Major Arterial,Intersection,Scarborough,Traffic Signal,"Dark, artificial",Wet,Pedestrian,Pedestrian Collisions,25 to 29,2017,23,43.767493,-79.22832,4,3,1,0,1,0,0,0,0,0,0
Passenger Van,Major Arterial,Intersection,Etobicoke York,No Control,Daylight,Wet,Driver,Turning Movement,45 to 49,2017,16,43.695151,-79.572528,4,0,0,0,1,0,0,0,1,1,0
"Automobile, Station Wagon",Major Arterial,Intersection,Etobicoke York,No Control,Daylight,Wet,Driver,Turning Movement,20 to 24,2017,16,43.695151,-79.572528,4,0,0,0,1,0,0,0,1,1,0
"Automobile, Station Wagon",Major Arterial,Mid-Block,Etobicoke York,No Control,Dark,Wet,Driver,Pedestrian Collisions,35 to 39,2017,22,43.671408,-79.472408,4,0,1,0,1,0,0,0,0,1,0
"Automobile, Station Wagon",Major Arterial,Mid-Block,Etobicoke York,No Control,Dark,Wet,Pedestrian,Pedestrian Collisions,50 to 54,2017,22,43.671408,-79.472408,4,0,1,0,1,0,0,0,0,1,0
"Truck - Closed (Blazer, etc)",Major Arterial,Intersection,North York,Traffic Signal,Daylight,Dry,Pedestrian,Pedestrian Collisions,50 to 54,2017,11,43.73202,-79.458873,4,1,1,0,0,1,0,0,0,1,1
"Truck - Closed (Blazer, etc)",Major Arterial,Intersection,North York,Traffic Signal,Daylight,Dry,Truck Driver,Pedestrian Collisions,60 to 64,2017,11,43.73202,-79.458873,4,1,1,0,0,1,0,0,0,1,1
"Automobile, Station Wagon",Minor Arterial,Mid-Block,Toronto and East York,No Control,Daylight,Dry,Driver,Pedestrian Collisions,40 to 44,2017,19,43.66265,-79.363513,4,1,1,0,1,0,0,0,0,0,0
"Automobile, Station Wagon",Minor Arterial,Mid-Block,Toronto and East York,No Control,Daylight,Dry,Pedestrian,Pedestrian Collisions,40 to 44,2017,19,43.66265,-79.363513,4,1,1,0,1,0,0,0,0,0,0
"Automobile, Station Wagon",Major Arterial,Intersection,Scarborough,Traffic Signal,Daylight,Wet,Pedestrian,Pedestrian Collisions,65 to 69,2017,20,43.798484,-79.241008,5,3,1,0,1,0,0,0,0,1,0
"Automobile, Station Wagon",Minor Arterial,Intersection,Toronto and East York,Traffic Signal,"Dark, artificial",Dry,Passenger,Turning Movement,30 to 34,2016,1,43.650614,-79.442981,9,4,0,0,1,0,0,1,0,1,0
"Automobile, Station Wagon",Collector,Mid-Block,North York,No Control,"Dark, artificial",Dry,Passenger,SMV Other,25 to 29,2017,2,43.795336,-79.380786,4,3,0,0,1,0,0,1,1,1,1
"Automobile, Station Wagon",Collector,Mid-Block,North York,No Control,"Dark, artificial",Dry,Driver,SMV Other,25 to 29,2017,2,43.795336,-79.380786,4,3,0,0,1,0,0,1,1,1,1
Street Car,Major Arterial,Mid-Block,Toronto and East York,No Control,Daylight,Dry,Pedestrian,Pedestrian Collisions,65 to 69,2017,18,43.651316,-79.397403,4,4,1,0,0,0,1,0,0,0,1
Street Car,Major Arterial,Mid-Block,Toronto and East York,No Control,Daylight,Dry,Driver,Pedestrian Collisions,40 to 44,2017,18,43.651316,-79.397403,4,4,1,0,0,0,1,0,0,0,1
"Automobile, Station Wagon",Local,Mid-Block,Etobicoke York,No Control,"Dark, artificial",Dry,Driver,Approaching,20 to 24,2017,20,43.756457,-79.508296,4,5,0,0,1,0,0,1,1,1,0
"Automobile, Station Wagon",Local,Mid-Block,Etobicoke York,No Control,"Dark, artificial",Dry,Driver,Approaching,30 to 34,2017,20,43.756457,-79.508296,4,5,0,0,1,0,0,1,1,1,0
"Automobile, Station Wagon",Local,Mid-Block,Etobicoke York,No Control,"Dark, artificial",Dry,Passenger,Approaching,35 to 39,2017,20,43.756457,-79.508296,4,5,0,0,1,0,0,1,1,1,0
"Automobile, Station Wagon",Local,Mid-Block,Etobicoke York,No Control,"Dark, artificial",Dry,Passenger,Approaching,5 to 9,2017,20,43.756457,-79.508296,4,5,0,0,1,0,0,1,1,1,0
"Automobile, Station Wagon",Local,Mid-Block,Etobicoke York,No Control,"Dark, artificial",Dry,Passenger,Approaching,5 to 9,2017,20,43.756457,-79.508296,4,5,0,0,1,0,0,1,1,1,0
"Automobile, Station Wagon",Local,Mid-Block,Etobicoke York,No Control,"Dark, artificial",Dry,Passenger,Approaching,0 to 4,2017,20,43.756457,-79.508296,4,5,0,0,1,0,0,1,1,1,0
"Automobile, Station Wagon",Local,Mid-Block,Etobicoke York,No Control,"Dark, artificial",Dry,Passenger,Approaching,25 to 29,2017,20,43.756457,-79.508296,4,5,0,0,1,0,0,1,1,1,0
"Bus (Other) (Go Bus, Gray Coach)",Minor Arterial,Mid-Block,Toronto and East York,No Control,Daylight,Dry,Driver,Pedestrian Collisions,50 to 54,2017,17,43.639735,-79.380924,4,6,1,0,0,0,1,0,0,0,0
"Bus (Other) (Go Bus, Gray Coach)",Minor Arterial,Mid-Block,Toronto and East York,No Control,Daylight,Dry,Pedestrian,Pedestrian Collisions,35 to 39,2017,17,43.639735,-79.380924,4,6,1,0,0,0,1,0,0,0,0
Tow Truck,Major Arterial,Intersection,Etobicoke York,No Control,Daylight,Dry,Truck Driver,Rear End,25 to 29,2017,17,43.686537,-79.568591,4,6,0,0,1,0,0,0,0,1,0
Pick Up Truck,Major Arterial,Intersection,Etobicoke York,No Control,Daylight,Dry,Driver,Rear End,40 to 44,2017,17,43.686537,-79.568591,4,6,0,0,1,0,0,0,0,1,0
Motorcycle,Collector,Mid-Block,Etobicoke York,No Control,Daylight,Dry,Motorcycle Driver,SMV Other,15 to 19,2017,19,43.654845,-79.551708,4,0,0,0,0,0,0,0,0,0,0
"Automobile, Station Wagon",Collector,Intersection,North York,No Control,"Dark, artificial",Dry,Driver,Pedestrian Collisions,85 to 89,2017,22,43.752844,-79.457706,4,0,1,0,1,0,0,0,0,0,0
"Automobile, Station Wagon",Collector,Intersection,North York,No Control,"Dark, artificial",Dry,Pedestrian,Pedestrian Collisions,60 to 64,2017,22,43.752844,-79.457706,4,0,1,0,1,0,0,0,0,0,0
"Automobile, Station Wagon",Major Arterial,Intersection,North York,No Control,Daylight,Dry,Driver,Cyclist Collisions,55 to 59,2017,15,43.755385,-79.438442,4,1,0,1,1,0,0,0,0,1,0
Bicycle,Major Arterial,Intersection,North York,No Control,Daylight,Dry,Cyclist,Cyclist Collisions,55 to 59,2017,15,43.755385,-79.438442,4,1,0,1,1,0,0,0,0,1,0
"Automobile, Station Wagon",Major Arterial,Intersection,Scarborough,No Control,"Dark, artificial",Dry,Driver,Pedestrian Collisions,65 to 69,2017,21,43.734736,-79.256801,4,2,1,0,1,0,0,0,0,0,0
"Automobile, Station Wagon",Major Arterial,Intersection,Scarborough,No Control,"Dark, artificial",Dry,Pedestrian,Pedestrian Collisions,45 to 49,2017,21,43.734736,-79.256801,4,2,1,0,1,0,0,0,0,0,0
"Automobile, Station Wagon",Major Arterial,Intersection,Toronto and East York,Streetcar (Stop for),"Dark, artificial",Dry,Driver,Pedestrian Collisions,35 to 39,2017,22,43.659129,-79.393443,4,2,1,0,1,0,0,1,0,1,0
"Automobile, Station Wagon",Major Arterial,Intersection,Toronto and East York,Streetcar (Stop for),"Dark, artificial",Dry,Passenger,Pedestrian Collisions,20 to 24,2017,22,43.659129,-79.393443,4,2,1,0,1,0,0,1,0,1,0
"Automobile, Station Wagon",Major Arterial,Intersection,Toronto and East York,Streetcar (Stop for),"Dark, artificial",Dry,Pedestrian,Pedestrian Collisions,25 to 29,2017,22,43.659129,-79.393443,4,2,1,0,1,0,0,1,0,1,0
"Automobile, Station Wagon",Major Arterial,Mid-Block,Toronto and East York,No Control,"Dark, artificial",Wet,Driver,SMV Other,60 to 64,2017,6,43.636943,-79.445483,4,4,0,0,1,0,0,0,1,1,0
"Automobile, Station Wagon",Collector,Intersection,Scarborough,No Control,"Daylight, artificial",Dry,Pedestrian,Pedestrian Collisions,5 to 9,2017,15,43.793753,-79.17908,4,4,1,0,1,0,0,0,0,0,1
"Automobile, Station Wagon",Collector,Intersection,Scarborough,No Control,"Daylight, artificial",Dry,Driver,Pedestrian Collisions,50 to 54,2017,15,43.793753,-79.17908,4,4,1,0,1,0,0,0,0,0,1
Pick Up Truck,Major Arterial,Intersection,North York,Traffic Controller,Dusk,Dry,Driver,Turning Movement,25 to 29,2017,21,43.711005,-79.399272,4,6,0,0,1,0,0,1,0,1,0
Motorcycle,Major Arterial,Intersection,North York,Traffic Controller,Dusk,Dry,Motorcycle Driver,Turning Movement,50 to 54,2017,21,43.711005,-79.399272,4,6,0,0,1,0,0,1,0,1,0
Motorcycle,Major Arterial,Intersection,North York,Traffic Controller,Dusk,Dry,Motorcycle Passenger,Turning Movement,15 to 19,2017,21,43.711005,-79.399272,4,6,0,0,1,0,0,1,0,1,0
Motorcycle,Major Arterial,Intersection,North York,No Control,Daylight,Dry,Motorcycle Driver,Angle,30 to 34,2017,19,43.781909,-79.366107,4,2,0,0,1,0,0,0,0,1,1
"Automobile, Station Wagon",Major Arterial,Intersection,North York,No Control,Daylight,Dry,Driver,Angle,45 to 49,2017,19,43.781909,-79.366107,4,2,0,0,1,0,0,0,0,1,1
"Automobile, Station Wagon",Major Arterial,Mid-Block,Etobicoke York,No Control,"Dark, artificial",Dry,Driver,Approaching,20 to 24,2017,2,43.745127,-79.582996,4,5,0,0,1,0,0,1,0,1,0
"Automobile, Station Wagon",Major Arterial,Mid-Block,Etobicoke York,No Control,"Dark, artificial",Dry,Driver,Approaching,50 to 54,2017,2,43.745127,-79.582996,4,5,0,0,1,0,0,1,0,1,0
"Automobile, Station Wagon",Major Arterial,Mid-Block,Etobicoke York,No Control,"Dark, artificial",Dry,Passenger,Approaching,35 to 39,2017,2,43.745127,-79.582996,4,5,0,0,1,0,0,1,0,1,0
"Automobile, Station Wagon",Major Arterial,Mid-Block,Etobicoke York,No Control,"Dark, artificial",Dry,Passenger,Approaching,25 to 29,2017,2,43.745127,-79.582996,4,5,0,0,1,0,0,1,0,1,0
"Automobile, Station Wagon",Major Arterial,Intersection,Toronto and East York,Traffic Signal,"Dark, artificial",Dry,Driver,Pedestrian Collisions,70 to 74,2017,3,43.676657,-79.415744,4,5,1,0,1,0,0,0,0,0,0
"Automobile, Station Wagon",Major Arterial,Intersection,Toronto and East York,Traffic Signal,"Dark, artificial",Dry,Pedestrian,Pedestrian Collisions,30 to 34,2017,3,43.676657,-79.415744,4,5,1,0,1,0,0,0,0,0,0
"Automobile, Station Wagon",Major Arterial,Intersection,Etobicoke York,Traffic Signal,"Dawn, artificial",Dry,Driver,Cyclist Collisions,45 to 49,2017,7,43.728068,-79.574611,5,1,0,1,1,0,0,0,0,0,0
Bicycle,Major Arterial,Intersection,Etobicoke York,Traffic Signal,"Dawn, artificial",Dry,Cyclist,Cyclist Collisions,60 to 64,2017,7,43.728068,-79.574611,5,1,0,1,1,0,0,0,0,0,0