VEHTYPE,ROAD_CLASS,LOCCOORD,DISTRICT,TRAFFCTL,LIGHT,RDSFCOND,INVTYPE,IMPACTYPE,INVAGE,YEAR,TIME,LATITUDE,LONGITUDE,MONTH,DAY,PEDESTRIAN,CYCLIST,AUTOMOBILE,TRUCK,TRSN_CITY_VEH,PASSENGER,SPEEDING,AG_DRIV,ACCLASS
"Automobile, Station Wagon",Minor Arterial,Intersection,Toronto and East York,No Control,Daylight,Dry,Driver,Cyclist Collisions,40 to 44,2017,16,43.674288,-79.434612,10,6,0,1,1,0,0,0,0,0,0
Bicycle,Minor Arterial,Intersection,Toronto and East York,No Control,Daylight,Dry,Cyclist,Cyclist Collisions,45 to 49,2017,16,43.674288,-79.434612,10,6,0,1,1,0,0,0,0,0,0
Bicycle,Major Arterial,Intersection,Toronto and East York,Traffic Signal,Daylight,Dry,Cyclist,Cyclist Collisions,20 to 24,2017,18,43.666583,-79.403827,10,6,0,1,0,1,0,1,0,0,0
Truck - Open,Major Arterial,Intersection,Toronto and East York,Traffic Signal,Daylight,Dry,Truck Driver,Cyclist Collisions,25 to 29,2017,18,43.666583,-79.403827,10,6,0,1,0,1,0,1,0,0,0
Truck - Open,Major Arterial,Intersection,Toronto and East York,Traffic Signal,Daylight,Dry,Passenger,Cyclist Collisions,20 to 24,2017,18,43.666583,-79.403827,10,6,0,1,0,1,0,1,0,0,0
Truck - Open,Major Arterial,Intersection,Toronto and East York,Traffic Signal,Daylight,Dry,Passenger,Cyclist Collisions,20 to 24,2017,18,43.666583,-79.403827,10,6,0,1,0,1,0,1,0,0,0
"Automobile, Station Wagon",Major Arterial,Intersection,North York,Traffic Signal,Daylight,Dry,Driver,Pedestrian Collisions,35 to 39,2017,7,43.697844,-79.451099,10,0,1,0,1,0,0,0,1,1,0
"Automobile, Station Wagon",Major Arterial,Intersection,North York,Traffic Signal,Daylight,Dry,Pedestrian,Pedestrian Collisions,35 to 39,2017,7,43.697844,-79.451099,10,0,1,0,1,0,0,0,1,1,0
"Automobile, Station Wagon",Minor Arterial,Intersection,Scarborough,Stop Sign,Daylight,Dry,Driver,Turning Movement,35 to 39,2017,13,43.846129,-79.209255,10,0,0,0,1,0,0,0,0,1,0
"Automobile, Station Wagon",Minor Arterial,Intersection,Scarborough,Stop Sign,Daylight,Dry,Driver,Turning Movement,25 to 29,2017,13,43.846129,-79.209255,10,0,0,0,1,0,0,0,0,1,0
"Automobile, Station Wagon",Major Arterial,Mid-Block,Toronto and East York,No Control,"Dark, artificial",Dry,Driver,SMV Unattended Vehicle,25 to 29,2017,19,43.658805,-79.349811,10,0,0,0,1,0,0,0,0,0,0
"Automobile, Station Wagon",Major Arterial,Intersection,North York,Traffic Signal,"Dark, artificial",Dry,Driver,Pedestrian Collisions,Over 95,2017,19,43.805499,-79.385745,10,0,1,0,1,0,0,1,0,0,0
"Automobile, Station Wagon",Major Arterial,Mid-Block,North York,No Control,Daylight,Dry,Driver,Turning Movement,65 to 69,2017,13,43.71353,-79.457065,5,1,0,0,1,0,0,1,0,1,0
Delivery Van,Major Arterial,Mid-Block,North York,No Control,Daylight,Dry,Driver,Turning Movement,50 to 54,2017,13,43.71353,-79.457065,5,1,0,0,1,0,0,1,0,1,0
"Automobile, Station Wagon",Major Arterial,Intersection,Toronto and East York,Traffic Signal,Daylight,Packed Snow,Passenger,Pedestrian Collisions,40 to 44,2017,10,43.652632,-79.372791,2,6,1,0,1,0,0,1,1,1,0
"Automobile, Station Wagon",Major Arterial,Intersection,Toronto and East York,No Control,"Daylight, artificial",Dry,Driver,Approaching,40 to 44,2017,6,43.657664,-79.354923,5,6,0,0,1,0,0,1,1,1,0
Delivery Van,Major Arterial,Mid-Block,North York,No Control,Daylight,Dry,Passenger,Turning Movement,60 to 64,2017,13,43.71353,-79.457065,5,1,0,0,1,0,0,1,0,1,0
Delivery Van,Major Arterial,Mid-Block,North York,No Control,Daylight,Dry,Passenger,Turning Movement,80 to 84,2017,13,43.71353,-79.457065,5,1,0,0,1,0,0,1,0,1,0
Motorcycle,Major Arterial,Intersection,Toronto and East York,Traffic Signal,Daylight,Wet,Motorcycle Driver,SMV Other,30 to 34,2017,18,43.649378,-79.371425,5,1,0,0,0,0,0,0,1,1,0
"Automobile, Station Wagon",Major Arterial,Intersection,Scarborough,Traffic Signal,Daylight,Dry,Driver,Pedestrian Collisions,50 to 54,2017,9,43.774333,-79.241718,5,2,1,0,1,0,0,0,0,1,0
"Automobile, Station Wagon",Major Arterial,Intersection,Scarborough,Traffic Signal,Daylight,Dry,Driver,Pedestrian Collisions,80 to 84,2017,9,43.774333,-79.241718,5,2,1,0,1,0,0,0,0,1,0
"Automobile, Station Wagon",Major Arterial,Intersection,Scarborough,Traffic Signal,Daylight,Dry,Pedestrian,Pedestrian Collisions,20 to 24,2017,9,43.774333,-79.241718,5,2,1,0,1,0,0,0,0,1,0
"Automobile, Station Wagon",Major Arterial,Intersection,North York,No Control,Daylight,Dry,Driver,Pedestrian Collisions,40 to 44,2017,10,43.779303,-79.390872,5,2,1,0,1,0,0,0,0,0,1
"Automobile, Station Wagon",Major Arterial,Intersection,North York,No Control,Daylight,Dry,Pedestrian,Pedestrian Collisions,15 to 19,2017,10,43.779303,-79.390872,5,2,1,0,1,0,0,0,0,0,1
"Automobile, Station Wagon",Major Arterial,Intersection,North York,No Control,Daylight,Dry,Pedestrian,Pedestrian Collisions,15 to 19,2017,10,43.779303,-79.390872,5,2,1,0,1,0,0,0,0,0,1
Bicycle,Minor Arterial,Intersection,Scarborough,Traffic Signal,Daylight,Dry,Cyclist,Cyclist Collisions,15 to 19,2017,16,43.787841,-79.183223,5,2,0,1,1,0,0,0,0,0,0
"Automobile, Station Wagon",Minor Arterial,Intersection,Scarborough,Traffic Signal,Daylight,Dry,Driver,Cyclist Collisions,35 to 39,2017,16,43.787841,-79.183223,5,2,0,1,1,0,0,0,0,0,0
Pick Up Truck,Major Arterial,Intersection,Etobicoke York,Traffic Signal,Daylight,Dry,Driver,SMV Other,30 to 34,2017,18,43.731745,-79.511234,5,2,0,0,1,0,0,0,0,0,0
"Automobile, Station Wagon",Minor Arterial,Intersection,Toronto and East York,No Control,Daylight,Dry,Driver,Pedestrian Collisions,55 to 59,2017,15,43.66474,-79.355136,6,3,1,0,1,0,0,0,0,0,0
"Automobile, Station Wagon",Minor Arterial,Intersection,Toronto and East York,No Control,Daylight,Dry,Pedestrian,Pedestrian Collisions,60 to 64,2017,15,43.66474,-79.355136,6,3,1,0,1,0,0,0,0,0,0
"Automobile, Station Wagon",Major Arterial,Intersection,Toronto and East York,Traffic Signal,Daylight,Dry,Driver,Turning Movement,30 to 34,2017,20,43.670024,-79.428981,6,3,0,0,1,0,0,0,0,0,0
Motorcycle,Major Arterial,Intersection,Toronto and East York,Traffic Signal,Daylight,Dry,Motorcycle Driver,Turning Movement,25 to 29,2017,20,43.670024,-79.428981,6,3,0,0,1,0,0,0,0,0,0
Pick Up Truck,Major Arterial,Intersection,North York,Stop Sign,"Dark, artificial",Dry,Pedestrian,Pedestrian Collisions,20 to 24,2017,2,43.694552,-79.455058,6,5,1,0,1,0,0,0,0,1,0
Pick Up Truck,Major Arterial,Intersection,North York,Stop Sign,"Dark, artificial",Dry,Driver,Pedestrian Collisions,35 to 39,2017,2,43.694552,-79.455058,6,5,1,0,1,0,0,0,0,1,0
"Automobile, Station Wagon",Major Arterial,Intersection,Scarborough,Traffic Signal,Daylight,Dry,Driver,Pedestrian Collisions,55 to 59,2017,12,43.706267,-79.251254,6,5,1,0,1,0,0,0,0,1,1
"Automobile, Station Wagon",Major Arterial,Intersection,Scarborough,Traffic Signal,Daylight,Dry,Pedestrian,Pedestrian Collisions,70 to 74,2017,12,43.706267,-79.251254,6,5,1,0,1,0,0,0,0,1,1
"Automobile, Station Wagon",Major Arterial,Intersection,Toronto and East York,Traffic Signal,"Dark, artificial",Dry,Driver,Cyclist Collisions,unknown,2017,23,43.67528,-79.45473,6,5,0,1,1,0,0,0,0,1,0
Bicycle,Major Arterial,Intersection,Toronto and East York,Traffic Signal,"Dark, artificial",Dry,Cyclist,Cyclist Collisions,40 to 44,2017,23,43.67528,-79.45473,6,5,0,1,1,0,0,0,0,1,0
"Automobile, Station Wagon",Major Arterial,Intersection,Etobicoke York,Stop Sign,Daylight,Dry,Driver,Angle,30 to 34,2017,18,43.708155,-79.565051,6,0,0,0,1,0,0,1,0,1,0
Motorcycle,Major Arterial,Intersection,Etobicoke York,Stop Sign,Daylight,Dry,Motorcycle Driver,Angle,60 to 64,2017,18,43.708155,-79.565051,6,0,0,0,1,0,0,1,0,1,0
Motorcycle,Major Arterial,Intersection,Etobicoke York,Stop Sign,Daylight,Dry,Passenger,Angle,55 to 59,2017,18,43.708155,-79.565051,6,0,0,0,1,0,0,1,0,1,0
Motorcycle,Major Arterial,Mid-Block,North York,No Control,Daylight,Wet,Motorcycle Driver,SMV Other,25 to 29,2017,8,43.688643,-79.36375,6,1,0,0,0,0,0,0,0,0,0
"Automobile, Station Wagon",Major Arterial,Mid-Block,Scarborough,No Control,Daylight,Wet,Pedestrian,Pedestrian Collisions,20 to 24,2017,13,43.777068,-79.231982,6,1,1,0,1,0,0,0,0,0,0
"Automobile, Station Wagon",Major Arterial,Mid-Block,Scarborough,No Control,Daylight,Wet,Driver,Pedestrian Collisions,40 to 44,2017,13,43.777068,-79.231982,6,1,1,0,1,0,0,0,0,0,0
Pick Up Truck,Major Arterial,Intersection,Toronto and East York,Traffic Signal,Daylight,Dry,Driver,Cyclist Collisions,50 to 54,2017,7,43.652568,-79.432521,6,2,0,1,1,0,0,0,0,1,0
Bicycle,Major Arterial,Intersection,Toronto and East York,Traffic Signal,Daylight,Dry,Cyclist,Cyclist Collisions,65 to 69,2017,7,43.652568,-79.432521,6,2,0,1,1,0,0,0,0,1,0
"Automobile, Station Wagon",Major Arterial,Intersection,Toronto and East York,No Control,Daylight,Dry,Driver,Cyclist Collisions,55 to 59,2017,7,43.655352,-79.385181,6,2,0,1,1,0,0,0,0,1,0
Bicycle,Major Arterial,Intersection,Toronto and East York,No Control,Daylight,Dry,Cyclist,Cyclist Collisions,25 to 29,2017,7,43.655352,-79.385181,6,2,0,1,1,0,0,0,0,1,0
"Truck - Closed (Blazer, etc)",Major Arterial,Mid-Block,Toronto and East York,No Control,Daylight,Dry,Truck Driver,Cyclist Collisions,35 to 39,2017,10,43.674872,-79.395358,6,3,0,1,0,1,0,0,0,0,0
Bicycle,Major Arterial,Mid-Block,Toronto and East York,No Control,Daylight,Dry,Cyclist,Cyclist Collisions,20 to 24,2017,10,43.674872,-79.395358,6,3,0,1,0,1,0,0,0,0,0
"Automobile, Station Wagon",Collector,Mid-Block,Toronto and East York,No Control,"Dark, artificial",Dry,Driver,SMV Unattended Vehicle,20 to 24,2017,2,43.665156,-79.451022,6,4,0,0,1,0,0,0,0,1,0
Bicycle,Major Arterial,Intersection,Toronto and East York,Traffic Signal,Daylight,Dry,Cyclist,Cyclist Collisions,60 to 64,2017,16,43.683394,-79.323482,6,4,0,1,1,0,0,0,0,0,0
"Automobile, Station Wagon",Major Arterial,Intersection,Toronto and East York,Traffic Signal,Daylight,Dry,Driver,Cyclist Collisions,55 to 59,2017,16,43.683394,-79.323482,6,4,0,1,1,0,0,0,0,0,0
Municipal Transit Bus (TTC),Major Arterial,Mid-Block,Scarborough,No Control,Daylight,Dry,Driver,Other,30 to 34,2017,11,43.73878,-79.245494,6,5,0,0,0,0,1,1,0,0,0
Municipal Transit Bus (TTC),Major Arterial,Mid-Block,Scarborough,No Control,Daylight,Dry,Passenger,Other,80 to 84,2017,11,43.73878,-79.245494,6,5,0,0,0,0,1,1,0,0,0
Motorcycle,Major Arterial,Mid-Block,Scarborough,No Control,Daylight,Dry,Motorcycle Driver,Pedestrian Collisions,25 to 29,2017,14,43.794886,-79.323169,6,5,1,0,0,0,0,0,1,1,0
Motorcycle,Major Arterial,Mid-Block,Scarborough,No Control,Daylight,Dry,Pedestrian,Pedestrian Collisions,60 to 64,2017,14,43.794886,-79.323169,6,5,1,0,0,0,0,0,1,1,0
"Automobile, Station Wagon",Collector,Mid-Block,Etobicoke York,No Control,"Dark, artificial",Dry,Driver,SMV Other,45 to 49,2017,7,43.753699,-79.544574,6,6,0,0,1,0,0,0,1,1,0
Bicycle,Major Arterial,Intersection,Toronto and East York,No Control,Daylight,Dry,Cyclist,Cyclist Collisions,25 to 29,2017,16,43.715914,-79.304904,6,6,0,1,1,0,0,0,0,0,0
"Automobile, Station Wagon",Major Arterial,Intersection,Toronto and East York,No Control,Daylight,Dry,Driver,Cyclist Collisions,40 to 44,2017,16,43.715914,-79.304904,6,6,0,1,1,0,0,0,0,0,0
"Truck - Closed (Blazer, etc)",Major Arterial,Mid-Block,Toronto and East York,No Control,Daylight,Dry,Truck Driver,Sideswipe,25 to 29,2017,19,43.637885,-79.457416,6,6,0,0,0,1,0,0,0,1,0
Motorcycle,Major Arterial,Mid-Block,Toronto and East York,No Control,Daylight,Dry,Motorcycle Driver,Sideswipe,20 to 24,2017,19,43.637885,-79.457416,6,6,0,0,0,1,0,0,0,1,0
"Automobile, Station Wagon",Major Arterial,Intersection,North York,Stop Sign,Daylight,Dry,Passenger,Turning Movement,15 to 19,2017,9,43.752307,-79.437686,6,1,0,0,1,0,0,1,1,1,0
"Automobile, Station Wagon",Major Arterial,Intersection,North York,Stop Sign,Daylight,Dry,Driver,Turning Movement,75 to 79,2017,9,43.752307,-79.437686,6,1,0,0,1,0,0,1,1,1,0
"Automobile, Station Wagon",Major Arterial,Intersection,North York,Stop Sign,Daylight,Dry,Driver,Turning Movement,20 to 24,2017,9,43.752307,-79.437686,6,1,0,0,1,0,0,1,1,1,0
Delivery Van,Major Arterial,Intersection,North York,Stop Sign,Daylight,Dry,Driver,Turning Movement,45 to 49,2017,9,43.752307,-79.437686,6,1,0,0,1,0,0,1,1,1,0
"Automobile, Station Wagon",Major Arterial,Intersection,North York,Stop Sign,Daylight,Dry,Driver,Turning Movement,65 to 69,2017,9,43.752307,-79.437686,6,1,0,0,1,0,0,1,1,1,0
Motorcycle,Major Arterial,Mid-Block,Etobicoke York,No Control,Daylight,Dry,Motorcycle Driver,Rear End,20 to 24,2017,15,43.648734,-79.548938,6,1,0,0,1,0,0,1,0,0,0
"Automobile, Station Wagon",Major Arterial,Mid-Block,Etobicoke York,No Control,Daylight,Dry,Driver,Rear End,60 to 64,2017,15,43.648734,-79.548938,6,1,0,0,1,0,0,1,0,0,0
"Automobile, Station Wagon",Major Arterial,Mid-Block,Etobicoke York,No Control,Daylight,Dry,Passenger,Rear End,70 to 74,2017,15,43.648734,-79.548938,6,1,0,0,1,0,0,1,0,0,0
"Automobile, Station Wagon",Major Arterial,Mid-Block,Scarborough,No Control,Daylight,Dry,Driver,Turning Movement,25 to 29,2017,16,43.793505,-79.24007,6,1,0,0,1,0,0,1,0,0,1
"Automobile, Station Wagon",Major Arterial,Mid-Block,Scarborough,No Control,Daylight,Dry,Passenger,Turning Movement,40 to 44,2017,16,43.793505,-79.24007,6,1,0,0,1,0,0,1,0,0,1
"Automobile, Station Wagon",Major Arterial,Mid-Block,Scarborough,No Control,Daylight,Dry,Passenger,Turning Movement,0 to 4,2017,16,43.793505,-79.24007,6,1,0,0,1,0,0,1,0,0,1
"Automobile, Station Wagon",Major Arterial,Mid-Block,Scarborough,No Control,Daylight,Dry,Driver,Turning Movement,55 to 59,2017,16,43.793505,-79.24007,6,1,0,0,1,0,0,1,0,0,1
"Automobile, Station Wagon",Major Arterial,Intersection,North York,Traffic Controller,Daylight,Dry,Driver,Rear End,70 to 74,2017,17,43.775035,-79.347003,6,1,0,0,1,0,0,1,0,0,0
"Automobile, Station Wagon",Major Arterial,Intersection,North York,Traffic Controller,Daylight,Dry,Driver,Rear End,25 to 29,2017,17,43.775035,-79.347003,6,1,0,0,1,0,0,1,0,0,0
"Automobile, Station Wagon",Major Arterial,Intersection,North York,Traffic Controller,Daylight,Dry,Driver,Rear End,25 to 29,2017,17,43.775035,-79.347003,6,1,0,0,1,0,0,1,0,0,0
"Automobile, Station Wagon",Major Arterial,Intersection,North York,Traffic Controller,Daylight,Dry,Passenger,Rear End,25 to 29,2017,17,43.775035,-79.347003,6,1,0,0,1,0,0,1,0,0,0
Municipal Transit Bus (TTC),Local,Intersection,Scarborough,No Control,Daylight,Dry,Driver,Pedestrian Collisions,65 to 69,2017,12,43.818915,-79.200221,6,3,1,0,0,0,1,0,0,0,0
Municipal Transit Bus (TTC),Local,Intersection,Scarborough,No Control,Daylight,Dry,Pedestrian,Pedestrian Collisions,50 to 54,2017,12,43.818915,-79.200221,6,3,1,0,0,0,1,0,0,0,0
"Automobile, Station Wagon",Major Arterial,Intersection,Toronto and East York,Traffic Signal,"Dark, artificial",Dry,Driver,Turning Movement,35 to 39,2017,0,43.654887,-79.337398,6,4,0,0,1,0,0,1,0,0,0
Motorcycle,Major Arterial,Intersection,Toronto and East York,Traffic Signal,"Dark, artificial",Dry,Motorcycle Driver,Turning Movement,25 to 29,2017,0,43.654887,-79.337398,6,4,0,0,1,0,0,1,0,0,0
Motorcycle,Major Arterial,Intersection,Toronto and East York,Traffic Signal,"Dark, artificial",Dry,Motorcycle Passenger,Turning Movement,25 to 29,2017,0,43.654887,-79.337398,6,4,0,0,1,0,0,1,0,0,0
Pick Up Truck,Major Arterial,Mid-Block,Toronto and East York,No Control,Daylight,Dry,Driver,Rear End,55 to 59,2017,15,43.693637,-79.449458,6,4,0,0,1,0,0,1,0,1,0
"Automobile, Station Wagon",Major Arterial,Mid-Block,Toronto and East York,No Control,Daylight,Dry,Driver,Rear End,40 to 44,2017,15,43.693637,-79.449458,6,4,0,0,1,0,0,1,0,1,0
"Automobile, Station Wagon",Major Arterial,Mid-Block,Toronto and East York,No Control,Daylight,Dry,Passenger,Rear End,15 to 19,2017,15,43.693637,-79.449458,6,4,0,0,1,0,0,1,0,1,0
"Automobile, Station Wagon",Major Arterial,Intersection,Toronto and East York,No Control,Daylight,Dry,Driver,Sideswipe,30 to 34,2017,18,43.650336,-79.378429,6,4,0,0,1,1,0,0,0,0,0
"Truck - Closed (Blazer, etc)",Major Arterial,Intersection,Toronto and East York,No Control,Daylight,Dry,Truck Driver,Sideswipe,35 to 39,2017,18,43.650336,-79.378429,6,4,0,0,1,1,0,0,0,0,0
"Automobile, Station Wagon",Minor Arterial,Mid-Block,Etobicoke York,No Control,"Dark, artificial",Wet,Driver,Pedestrian Collisions,70 to 74,2017,21,43.750025,-79.598178,6,4,1,0,1,0,0,0,0,0,0
"Automobile, Station Wagon",Minor Arterial,Mid-Block,Etobicoke York,No Control,"Dark, artificial",Wet,Pedestrian,Pedestrian Collisions,10 to 14,2017,21,43.750025,-79.598178,6,4,1,0,1,0,0,0,0,0,0
Motorcycle,Major Arterial,Intersection,Scarborough,Traffic Signal,Daylight,Dry,Motorcycle Driver,Turning Movement,20 to 24,2017,16,43.781672,-79.233852,6,0,0,0,1,0,0,0,0,0,0
"Automobile, Station Wagon",Major Arterial,Intersection,Scarborough,Traffic Signal,Daylight,Dry,Driver,Turning Movement,55 to 59,2017,16,43.781672,-79.233852,6,0,0,0,1,0,0,0,0,0,0
"Automobile, Station Wagon",Major Arterial,Intersection,Scarborough,Traffic Signal,Daylight,Dry,Other,Turning Movement,unknown,2017,16,43.781672,-79.233852,6,0,0,0,1,0,0,0,0,0,0
"Automobile, Station Wagon",Major Arterial,Mid-Block,North York,Stop Sign,Daylight,Dry,Driver,Pedestrian Collisions,65 to 69,2017,12,43.784888,-79.416782,6,1,1,0,1,0,0,0,0,1,0
"Automobile, Station Wagon",Major Arterial,Mid-Block,North York,Stop Sign,Daylight,Dry,Pedestrian,Pedestrian Collisions,70 to 74,2017,12,43.784888,-79.416782,6,1,1,0,1,0,0,0,0,1,0
"Automobile, Station Wagon",Major Arterial,Intersection,Toronto and East York,No Control,Daylight,Dry,Driver,Pedestrian Collisions,50 to 54,2017,16,43.650595,-79.387454,6,1,1,0,1,0,0,0,0,0,0
"Automobile, Station Wagon",Major Arterial,Intersection,Toronto and East York,No Control,Daylight,Dry,Pedestrian,Pedestrian Collisions,55 to 59,2017,16,43.650595,-79.387454,6,1,1,0,1,0,0,0,0,0,0
"Automobile, Station Wagon",Major Arterial,Intersection,North York,No Control,Daylight,Dry,Driver,SMV Other,60 to 64,2017,17,43.721591,-79.41846,6,2,0,0,1,0,0,1,0,0,0
"Automobile, Station Wagon",Major Arterial,Intersection,North York,No Control,Daylight,Dry,Passenger,SMV Other,60 to 64,2017,17,43.721591,-79.41846,6,2,0,0,1,0,0,1,0,0,0
"Automobile, Station Wagon",Collector,Mid-Block,Toronto and East York,No Control,Daylight,Dry,Driver,Pedestrian Collisions,45 to 49,2017,15,43.671492,-79.389255,6,4,1,0,1,0,0,1,0,0,0
"Automobile, Station Wagon",Collector,Mid-Block,Toronto and East York,No Control,Daylight,Dry,Passenger,Pedestrian Collisions,10 to 14,2017,15,43.671492,-79.389255,6,4,1,0,1,0,0,1,0,0,0
"Automobile, Station Wagon",Collector,Mid-Block,Toronto and East York,No Control,Daylight,Dry,Pedestrian,Pedestrian Collisions,85 to 89,2017,15,43.671492,-79.389255,6,4,1,0,1,0,0,1,0,0,0
Truck-Tractor,Minor Arterial,Intersection,Toronto and East York,Traffic Signal,Daylight,Dry,Pedestrian,Pedestrian Collisions,70 to 74,2017,11,43.665648,-79.380916,6,0,1,0,0,1,0,0,0,1,0
Truck-Tractor,Minor Arterial,Intersection,Toronto and East York,Traffic Signal,Daylight,Dry,Truck Driver,Pedestrian Collisions,55 to 59,2017,11,43.665648,-79.380916,6,0,1,0,0,1,0,0,0,1,0
Street Car,Major Arterial,Mid-Block,North York,No Control,Daylight,Dry,Driver,Pedestrian Collisions,25 to 29,2017,12,43.686503,-79.401767,6,2,1,0,0,0,1,0,0,0,0
Street Car,Major Arterial,Mid-Block,North York,No Control,Daylight,Dry,Pedestrian,Pedestrian Collisions,75 to 79,2017,12,43.686503,-79.401767,6,2,1,0,0,0,1,0,0,0,0
"Automobile, Station Wagon",Minor Arterial,Intersection,Scarborough,No Control,Daylight,Dry,Driver,Pedestrian Collisions,65 to 69,2017,17,43.823207,-79.263141,6,2,1,0,1,0,0,0,0,0,0
"Automobile, Station Wagon",Major Arterial,Intersection,Toronto and East York,Traffic Signal,Daylight,Packed Snow,Pedestrian,Pedestrian Collisions,60 to 64,2017,10,43.652632,-79.372791,2,6,1,0,1,0,0,1,1,1,0
"Automobile, Station Wagon",Major Arterial,Intersection,Toronto and East York,No Control,"Daylight, artificial",Dry,Driver,Approaching,45 to 49,2017,6,43.657664,-79.354923,5,6,0,0,1,0,0,1,1,1,0
"Automobile, Station Wagon",Major Arterial,Intersection,North York,Traffic Signal,Daylight,Wet,Driver,Pedestrian Collisions,35 to 39,2017,15,43.779696,-79.415538,2,0,1,0,1,0,0,0,0,0,0
"Automobile, Station Wagon",Major Arterial,Intersection,Toronto and East York,No Control,"Daylight, artificial",Dry,Driver,Approaching,20 to 24,2017,6,43.657664,-79.354923,5,6,0,0,1,0,0,1,1,1,0
"Automobile, Station Wagon",Major Arterial,Intersection,North York,Traffic Signal,Daylight,Wet,Pedestrian,Pedestrian Collisions,50 to 54,2017,15,43.779696,-79.415538,2,0,1,0,1,0,0,0,0,0,0
"Automobile, Station Wagon",Major Arterial,Intersection,Toronto and East York,No Control,"Daylight, artificial",Dry,Passenger,Approaching,20 to 24,2017,6,43.657664,-79.354923,5,6,0,0,1,0,0,1,1,1,0
"Automobile, Station Wagon",Major Arterial,Intersection,Etobicoke York,Traffic Signal,Daylight,Dry,Driver,Turning Movement,55 to 59,2017,10,43.679766,-79.538974,2,1,0,0,1,0,0,0,0,0,0
"Automobile, Station Wagon",Major Arterial,Intersection,Etobicoke York,Traffic Signal,Daylight,Dry,Driver,Turning Movement,15 to 19,2017,10,43.679766,-79.538974,2,1,0,0,1,0,0,0,0,0,0
Pick Up Truck,Major Arterial,Mid-Block,Etobicoke York,No Control,"Dark, artificial",Dry,Passenger,SMV Other,30 to 34,2017,0,43.604773,-79.519672,2,5,0,0,1,0,0,1,1,1,1
Pick Up Truck,Major Arterial,Mid-Block,Etobicoke York,No Control,"Dark, artificial",Dry,Driver,SMV Other,30 to 34,2017,0,43.604773,-79.519672,2,5,0,0,1,0,0,1,1,1,1
"Automobile, Station Wagon",Major Arterial,Intersection,Toronto and East York,Traffic Signal,"Dark, artificial",Dry,Driver,Angle,30 to 34,2017,4,43.668391,-79.438991,2,5,0,0,1,0,1,1,1,1,0
"Automobile, Station Wagon",Major Arterial,Intersection,Toronto and East York,Traffic Signal,"Dark, artificial",Dry,Driver,Angle,45 to 49,2017,4,43.668391,-79.438991,2,5,0,0,1,0,1,1,1,1,0
Intercity Bus,Major Arterial,Intersection,Toronto and East York,Traffic Signal,"Dark, artificial",Dry,Driver,Angle,50 to 54,2017,4,43.668391,-79.438991,2,5,0,0,1,0,1,1,1,1,0
Intercity Bus,Major Arterial,Intersection,Toronto and East York,Traffic Signal,"Dark, artificial",Dry,Passenger,Angle,20 to 24,2017,4,43.668391,-79.438991,2,5,0,0,1,0,1,1,1,1,0
"Automobile, Station Wagon",Major Arterial,Intersection,Toronto and East York,Traffic Signal,"Dark, artificial",Dry,Driver,Pedestrian Collisions,30 to 34,2017,22,43.650778,-79.386592,2,5,1,0,1,0,0,0,0,0,0
"Automobile, Station Wagon",Major Arterial,Intersection,Toronto and East York,Traffic Signal,"Dark, artificial",Dry,Other,Pedestrian Collisions,unknown,2017,22,43.650778,-79.386592,2,5,1,0,1,0,0,0,0,0,0
"Automobile, Station Wagon",Major Arterial,Intersection,Toronto and East York,Traffic Signal,"Dark, artificial",Dry,Pedestrian,Pedestrian Collisions,35 to 39,2017,22,43.650778,-79.386592,2,5,1,0,1,0,0,0,0,0,0
"Automobile, Station Wagon",Major Arterial,Intersection,Toronto and East York,Traffic Signal,"Dark, artificial",Dry,Pedestrian,Pedestrian Collisions,35 to 39,2017,22,43.650778,-79.386592,2,5,1,0,1,0,0,0,0,0,0
"Automobile, Station Wagon",Major Arterial,Intersection,Etobicoke York,Traffic Signal,Daylight,Dry,Driver,Turning Movement,35 to 39,2017,11,43.61912,-79.525974,2,6,0,0,1,0,0,1,0,1,0
Motorcycle,Major Arterial,Intersection,Etobicoke York,Traffic Signal,Daylight,Dry,Motorcycle Driver,Turning Movement,45 to 49,2017,11,43.61912,-79.525974,2,6,0,0,1,0,0,1,0,1,0
Motorcycle,Major Arterial,Intersection,Etobicoke York,Traffic Signal,Daylight,Dry,Passenger,Turning Movement,10 to 14,2017,11,43.61912,-79.525974,2,6,0,0,1,0,0,1,0,1,0
"Automobile, Station Wagon",Minor Arterial,Mid-Block,Toronto and East York,No Control,Daylight,Dry,Driver,Pedestrian Collisions,20 to 24,2017,17,43.668463,-79.338725,2,6,1,0,1,0,0,0,0,0,0
"Automobile, Station Wagon",Minor Arterial,Mid-Block,Toronto and East York,No Control,Daylight,Dry,Pedestrian,Pedestrian Collisions,55 to 59,2017,17,43.668463,-79.338725,2,6,1,0,1,0,0,0,0,0,0
Pick Up Truck,Major Arterial,Intersection,Toronto and East York,Traffic Signal,"Daylight, artificial",Dry,Pedestrian,Pedestrian Collisions,75 to 79,2017,10,43.649821,-79.380771,2,3,1,0,1,0,0,0,0,1,1