VEHTYPE,ROAD_CLASS,LOCCOORD,DISTRICT,TRAFFCTL,LIGHT,RDSFCOND,INVTYPE,IMPACTYPE,INVAGE,YEAR,TIME,LATITUDE,LONGITUDE,MONTH,DAY,PEDESTRIAN,CYCLIST,AUTOMOBILE,TRUCK,TRSN_CITY_VEH,PASSENGER,SPEEDING,AG_DRIV,ACCLASS
"Automobile, Station Wagon",Major Arterial,Intersection,North York,Traffic Controller,Dawn,Dry,Driver,Angle,30 to 34,2017,6,43.72465,-79.302608,5,5,0,0,1,0,0,1,0,1,0
"Automobile, Station Wagon",Major Arterial,Intersection,North York,Traffic Controller,Dawn,Dry,Passenger,Angle,30 to 34,2017,6,43.72465,-79.302608,5,5,0,0,1,0,0,1,0,1,0
"Automobile, Station Wagon",Local,Mid-Block,North York,No Control,Daylight,Dry,Driver,SMV Unattended Vehicle,85 to 89,2017,10,43.771647,-79.524562,5,6,0,0,1,0,0,0,0,0,0
"Automobile, Station Wagon",Major Arterial,Intersection,North York,Traffic Signal,Daylight,Dry,Driver,Angle,40 to 44,2017,14,43.744078,-79.40668,5,6,0,0,1,0,0,1,0,1,0
Motorcycle,Major Arterial,Intersection,North York,Traffic Signal,Daylight,Dry,Motorcycle Driver,Angle,30 to 34,2017,14,43.744078,-79.40668,5,6,0,0,1,0,0,1,0,1,0
"Automobile, Station Wagon",Major Arterial,Intersection,North York,Traffic Signal,Daylight,Dry,Driver,Angle,65 to 69,2017,14,43.744078,-79.40668,5,6,0,0,1,0,0,1,0,1,0
"Automobile, Station Wagon",Major Arterial,Intersection,North York,Traffic Signal,Daylight,Dry,Driver,Angle,55 to 59,2017,14,43.744078,-79.40668,5,6,0,0,1,0,0,1,0,1,0
"Automobile, Station Wagon",Major Arterial,Intersection,North York,Traffic Signal,Daylight,Dry,Passenger,Angle,65 to 69,2017,14,43.744078,-79.40668,5,6,0,0,1,0,0,1,0,1,0
"Automobile, Station Wagon",Major Arterial,Intersection,Scarborough,Stop Sign,"Dark, artificial",Wet,Driver,Pedestrian Collisions,60 to 64,2016,20,43.793257,-79.303493,12,2,1,0,1,0,0,0,0,0,0
"Automobile, Station Wagon",Major Arterial,Intersection,Scarborough,Stop Sign,"Dark, artificial",Wet,Pedestrian,Pedestrian Collisions,55 to 59,2016,20,43.793257,-79.303493,12,2,1,0,1,0,0,0,0,0,0
"Automobile, Station Wagon",Major Arterial,Intersection,North York,Traffic Signal,"Dark, artificial",Slush,Driver,SMV Other,25 to 29,2016,4,43.780772,-79.469775,12,5,0,0,1,0,0,0,1,1,0
"Automobile, Station Wagon",Minor Arterial,Mid-Block,Toronto and East York,No Control,"Dark, artificial",Dry,Driver,Pedestrian Collisions,25 to 29,2016,7,43.674994,-79.390941,12,6,1,0,1,0,0,0,0,0,0
"Automobile, Station Wagon",Minor Arterial,Mid-Block,Toronto and East York,No Control,"Dark, artificial",Dry,Pedestrian,Pedestrian Collisions,65 to 69,2016,7,43.674994,-79.390941,12,6,1,0,1,0,0,0,0,0,0
"Automobile, Station Wagon",Major Arterial,Intersection,North York,Traffic Signal,"Dark, artificial",Dry,Driver,Pedestrian Collisions,30 to 34,2016,22,43.767161,-79.36362,12,6,1,0,1,0,0,0,0,1,0
"Automobile, Station Wagon",Major Arterial,Intersection,North York,Traffic Signal,"Dark, artificial",Dry,Pedestrian,Pedestrian Collisions,75 to 79,2016,22,43.767161,-79.36362,12,6,1,0,1,0,0,0,0,1,0
"Automobile, Station Wagon",Minor Arterial,Intersection,Scarborough,Stop Sign,"Dark, artificial",Dry,Driver,SMV Other,20 to 24,2016,2,43.831568,-79.2457,12,1,0,0,1,0,0,1,0,0,0
"Automobile, Station Wagon",Minor Arterial,Intersection,Scarborough,Stop Sign,"Dark, artificial",Dry,Passenger,SMV Other,20 to 24,2016,2,43.831568,-79.2457,12,1,0,0,1,0,0,1,0,0,0
"Automobile, Station Wagon",Major Arterial,Intersection,North York,Traffic Signal,"Dark, artificial",Dry,Driver,Pedestrian Collisions,unknown,2016,19,43.692958,-79.462169,12,2,1,0,1,0,0,0,0,1,0
"Automobile, Station Wagon",Major Arterial,Intersection,North York,Traffic Signal,"Dark, artificial",Dry,Pedestrian,Pedestrian Collisions,25 to 29,2016,19,43.692958,-79.462169,12,2,1,0,1,0,0,0,0,1,0
"Automobile, Station Wagon",Major Arterial,Intersection,North York,Traffic Signal,"Dark, artificial",Wet,Driver,Turning Movement,25 to 29,2016,20,43.725951,-79.313487,12,5,0,0,1,0,0,1,0,0,0
"Automobile, Station Wagon",Major Arterial,Intersection,North York,Traffic Signal,"Dark, artificial",Wet,Driver,Turning Movement,50 to 54,2016,20,43.725951,-79.313487,12,5,0,0,1,0,0,1,0,0,0
"Automobile, Station Wagon",Major Arterial,Intersection,North York,Traffic Signal,"Dark, artificial",Wet,Passenger,Turning Movement,25 to 29,2016,20,43.725951,-79.313487,12,5,0,0,1,0,0,1,0,0,0
"Automobile, Station Wagon",Major Arterial,Intersection,North York,Traffic Signal,"Dark, artificial",Wet,Passenger,Turning Movement,20 to 24,2016,20,43.725951,-79.313487,12,5,0,0,1,0,0,1,0,0,0
"Automobile, Station Wagon",Major Arterial,Intersection,North York,Traffic Signal,"Dark, artificial",Wet,Passenger,Turning Movement,15 to 19,2016,20,43.725951,-79.313487,12,5,0,0,1,0,0,1,0,0,0
"Automobile, Station Wagon",Major Arterial,Intersection,North York,Traffic Signal,"Dark, artificial",Wet,Passenger,Turning Movement,50 to 54,2016,20,43.725951,-79.313487,12,5,0,0,1,0,0,1,0,0,0
"Automobile, Station Wagon",Local,Mid-Block,Etobicoke York,No Control,Daylight,Other,Driver,SMV Other,85 to 89,2017,14,43.766555,-79.526157,1,6,0,0,1,0,0,0,0,0,0
"Automobile, Station Wagon",Minor Arterial,Intersection,Toronto and East York,Traffic Signal,Dark,Wet,Driver,Pedestrian Collisions,35 to 39,2017,7,43.648974,-79.367259,1,1,1,0,1,0,0,0,0,0,1
"Automobile, Station Wagon",Minor Arterial,Intersection,Toronto and East York,Traffic Signal,Dark,Wet,Pedestrian,Pedestrian Collisions,80 to 84,2017,7,43.648974,-79.367259,1,1,1,0,1,0,0,0,0,0,1
"Automobile, Station Wagon",Major Arterial,Intersection,North York,Traffic Signal,"Dark, artificial",Dry,Driver,Angle,20 to 24,2017,0,43.787211,-79.470042,1,5,0,0,1,0,0,0,1,1,0
Pick Up Truck,Major Arterial,Intersection,North York,Traffic Signal,"Dark, artificial",Dry,Driver,Angle,65 to 69,2017,0,43.787211,-79.470042,1,5,0,0,1,0,0,0,1,1,0
"Automobile, Station Wagon",Major Arterial,Intersection,North York,Traffic Signal,"Dark, artificial",Dry,Driver,Angle,35 to 39,2017,0,43.787211,-79.470042,1,5,0,0,1,0,0,0,1,1,0
"Automobile, Station Wagon",Major Arterial,Intersection,Etobicoke York,No Control,"Dark, artificial",Dry,Driver,Rear End,20 to 24,2017,22,43.645438,-79.523776,1,5,0,0,1,0,0,1,0,1,0
Pick Up Truck,Major Arterial,Intersection,Etobicoke York,No Control,"Dark, artificial",Dry,Driver,Rear End,60 to 64,2017,22,43.645438,-79.523776,1,5,0,0,1,0,0,1,0,1,0
Pick Up Truck,Major Arterial,Intersection,Etobicoke York,No Control,"Dark, artificial",Dry,Passenger,Rear End,20 to 24,2017,22,43.645438,-79.523776,1,5,0,0,1,0,0,1,0,1,0
Pick Up Truck,Major Arterial,Intersection,Etobicoke York,No Control,"Dark, artificial",Dry,Passenger,Rear End,60 to 64,2017,22,43.645438,-79.523776,1,5,0,0,1,0,0,1,0,1,0
"Automobile, Station Wagon",Major Arterial,Intersection,Toronto and East York,Traffic Signal,Daylight,Dry,Driver,Pedestrian Collisions,55 to 59,2017,13,43.679816,-79.416942,1,6,1,0,1,0,0,0,0,1,0
"Automobile, Station Wagon",Major Arterial,Intersection,Toronto and East York,Traffic Signal,Daylight,Dry,Pedestrian,Pedestrian Collisions,65 to 69,2017,13,43.679816,-79.416942,1,6,1,0,1,0,0,0,0,1,0
"Automobile, Station Wagon",Major Arterial,Intersection,Toronto and East York,Traffic Signal,Daylight,Dry,Pedestrian,Pedestrian Collisions,55 to 59,2017,13,43.679816,-79.416942,1,6,1,0,1,0,0,0,0,1,0
"Automobile, Station Wagon",Major Arterial,Intersection,Scarborough,Traffic Signal,"Dark, artificial",Dry,Driver,Pedestrian Collisions,25 to 29,2017,18,43.764189,-79.287677,1,6,1,0,1,0,0,0,0,0,1
"Automobile, Station Wagon",Major Arterial,Intersection,Scarborough,Traffic Signal,"Dark, artificial",Dry,Pedestrian,Pedestrian Collisions,75 to 79,2017,18,43.764189,-79.287677,1,6,1,0,1,0,0,0,0,0,1
"Automobile, Station Wagon",Major Arterial,Intersection,Toronto and East York,Traffic Signal,"Dark, artificial",Wet,Driver,Pedestrian Collisions,55 to 59,2017,20,43.651179,-79.374912,1,1,1,0,1,0,0,1,0,0,0
"Automobile, Station Wagon",Major Arterial,Intersection,Toronto and East York,Traffic Signal,"Dark, artificial",Wet,Pedestrian,Pedestrian Collisions,50 to 54,2017,20,43.651179,-79.374912,1,1,1,0,1,0,0,1,0,0,0
"Automobile, Station Wagon",Major Arterial,Intersection,Toronto and East York,Traffic Signal,"Dark, artificial",Wet,Passenger,Pedestrian Collisions,15 to 19,2017,20,43.651179,-79.374912,1,1,1,0,1,0,0,1,0,0,0
"Truck - Closed (Blazer, etc)",Major Arterial,Mid-Block,Etobicoke York,No Control,"Dark, artificial",Dry,Truck Driver,SMV Other,55 to 59,2017,23,43.736796,-79.538928,1,3,0,0,0,1,0,0,0,0,0
"Automobile, Station Wagon",Minor Arterial,Intersection,Scarborough,Traffic Signal,"Dark, artificial",Dry,Passenger,Turning Movement,10 to 14,2017,19,43.812148,-79.225711,1,5,0,0,1,0,0,1,0,0,0
"Automobile, Station Wagon",Minor Arterial,Intersection,Scarborough,Traffic Signal,"Dark, artificial",Dry,Passenger,Turning Movement,5 to 9,2017,19,43.812148,-79.225711,1,5,0,0,1,0,0,1,0,0,0
"Automobile, Station Wagon",Minor Arterial,Intersection,Scarborough,Traffic Signal,"Dark, artificial",Dry,Passenger,Turning Movement,10 to 14,2017,19,43.812148,-79.225711,1,5,0,0,1,0,0,1,0,0,0
"Automobile, Station Wagon",Minor Arterial,Intersection,Scarborough,Traffic Signal,"Dark, artificial",Dry,Passenger,Turning Movement,15 to 19,2017,19,43.812148,-79.225711,1,5,0,0,1,0,0,1,0,0,0
"Automobile, Station Wagon",Minor Arterial,Intersection,Scarborough,Traffic Signal,"Dark, artificial",Dry,Driver,Turning Movement,20 to 24,2017,19,43.812148,-79.225711,1,5,0,0,1,0,0,1,0,0,0
Pick Up Truck,Minor Arterial,Intersection,Scarborough,Traffic Signal,"Dark, artificial",Dry,Driver,Turning Movement,75 to 79,2017,19,43.812148,-79.225711,1,5,0,0,1,0,0,1,0,0,0
"Automobile, Station Wagon",Major Arterial,Intersection,North York,No Control,"Dark, artificial",Dry,Pedestrian,Pedestrian Collisions,45 to 49,2017,21,43.714495,-79.399997,1,6,1,0,1,0,0,0,0,0,0
"Automobile, Station Wagon",Major Arterial,Intersection,North York,No Control,"Dark, artificial",Dry,Driver,Pedestrian Collisions,55 to 59,2017,21,43.714495,-79.399997,1,6,1,0,1,0,0,0,0,0,0
"Truck - Closed (Blazer, etc)",Major Arterial,Intersection,Toronto and East York,Traffic Signal,"Dark, artificial",Dry,Truck Driver,Pedestrian Collisions,60 to 64,2017,6,43.648577,-79.380237,1,3,1,0,0,1,0,0,0,0,0
"Truck - Closed (Blazer, etc)",Major Arterial,Intersection,Toronto and East York,Traffic Signal,"Dark, artificial",Dry,Pedestrian,Pedestrian Collisions,40 to 44,2017,6,43.648577,-79.380237,1,3,1,0,0,1,0,0,0,0,0
"Automobile, Station Wagon",Collector,Mid-Block,Scarborough,No Control,"Dark, artificial",Dry,Driver,Pedestrian Collisions,65 to 69,2017,18,43.769919,-79.183154,1,3,1,0,1,0,0,0,0,0,0
"Automobile, Station Wagon",Collector,Mid-Block,Scarborough,No Control,"Dark, artificial",Dry,Pedestrian,Pedestrian Collisions,55 to 59,2017,18,43.769919,-79.183154,1,3,1,0,1,0,0,0,0,0,0
"Automobile, Station Wagon",Major Arterial,Intersection,Scarborough,Traffic Controller,"Dark, artificial",Wet,Driver,Rear End,20 to 24,2017,18,43.727336,-79.26588,1,3,0,0,1,0,0,0,1,1,0
"Automobile, Station Wagon",Major Arterial,Intersection,Scarborough,Traffic Controller,"Dark, artificial",Wet,Driver,Rear End,20 to 24,2017,18,43.727336,-79.26588,1,3,0,0,1,0,0,0,1,1,0
Other,Minor Arterial,Intersection,North York,Traffic Signal,"Dark, artificial",Dry,Driver,Angle,50 to 54,2017,5,43.698371,-79.463481,1,4,0,0,1,0,0,0,0,1,0
"Automobile, Station Wagon",Minor Arterial,Intersection,North York,Traffic Signal,"Dark, artificial",Dry,Driver,Angle,30 to 34,2017,5,43.698371,-79.463481,1,4,0,0,1,0,0,0,0,1,0
Delivery Van,Major Arterial,Mid-Block,Etobicoke York,No Control,"Dark, artificial",Wet,Driver,SMV Other,20 to 24,2017,1,43.592673,-79.542079,1,5,0,0,1,0,0,0,1,1,1
"Automobile, Station Wagon",Collector,Mid-Block,Toronto and East York,No Control,Daylight,Wet,Pedestrian,Pedestrian Collisions,35 to 39,2017,17,43.706874,-79.392413,1,1,1,0,1,0,0,0,0,0,0
"Automobile, Station Wagon",Collector,Mid-Block,Toronto and East York,No Control,Daylight,Wet,Driver,Pedestrian Collisions,60 to 64,2017,17,43.706874,-79.392413,1,1,1,0,1,0,0,0,0,0,0
Truck - Dump,Major Arterial,Intersection,Etobicoke York,Traffic Signal,Daylight,Wet,Truck Driver,Angle,55 to 59,2017,15,43.752017,-79.542331,1,2,0,0,1,1,0,0,0,1,1
"Automobile, Station Wagon",Major Arterial,Intersection,Etobicoke York,Traffic Signal,Daylight,Wet,Driver,Angle,85 to 89,2017,15,43.752017,-79.542331,1,2,0,0,1,1,0,0,0,1,1
"Automobile, Station Wagon",Major Arterial,Intersection,Etobicoke York,Traffic Signal,Daylight,Wet,Driver,Angle,40 to 44,2017,15,43.752017,-79.542331,1,2,0,0,1,1,0,0,0,1,1
Passenger Van,Major Arterial,Intersection,Etobicoke York,Traffic Signal,Daylight,Wet,Driver,Angle,50 to 54,2017,15,43.752017,-79.542331,1,2,0,0,1,1,0,0,0,1,1
"Automobile, Station Wagon",Major Arterial,Intersection,Toronto and East York,Traffic Signal,"Dark, artificial",Wet,Driver,Pedestrian Collisions,unknown,2017,20,43.663756,-79.410678,1,2,1,0,1,0,0,0,0,1,0
"Automobile, Station Wagon",Major Arterial,Intersection,Toronto and East York,Traffic Signal,"Dark, artificial",Wet,Pedestrian,Pedestrian Collisions,50 to 54,2017,20,43.663756,-79.410678,1,2,1,0,1,0,0,0,0,1,0
"Automobile, Station Wagon",Minor Arterial,Mid-Block,Toronto and East York,No Control,Daylight,Dry,Driver,Cyclist Collisions,45 to 49,2017,15,43.646239,-79.377826,1,4,0,1,1,0,0,0,0,0,0
Bicycle,Minor Arterial,Mid-Block,Toronto and East York,No Control,Daylight,Dry,Cyclist,Cyclist Collisions,35 to 39,2017,15,43.646239,-79.377826,1,4,0,1,1,0,0,0,0,0,0
"Automobile, Station Wagon",Minor Arterial,Mid-Block,Toronto and East York,No Control,Daylight,Dry,Driver,Cyclist Collisions,50 to 54,2017,15,43.646239,-79.377826,1,4,0,1,1,0,0,0,0,0,0
"Automobile, Station Wagon",Major Arterial,Mid-Block,Toronto and East York,No Control,Dark,Dry,Driver,Pedestrian Collisions,20 to 24,2017,1,43.637957,-79.395633,1,6,1,0,1,0,0,0,0,0,1
"Automobile, Station Wagon",Major Arterial,Mid-Block,Toronto and East York,No Control,Dark,Dry,Pedestrian,Pedestrian Collisions,15 to 19,2017,1,43.637957,-79.395633,1,6,1,0,1,0,0,0,0,0,1
Pick Up Truck,Major Arterial,Mid-Block,Toronto and East York,No Control,"Dark, artificial",Dry,Driver,Rear End,40 to 44,2017,4,43.633498,-79.472667,1,6,0,0,1,0,0,0,1,1,1
"Automobile, Station Wagon",Major Arterial,Mid-Block,Toronto and East York,No Control,"Dark, artificial",Dry,Driver,Rear End,20 to 24,2017,4,43.633498,-79.472667,1,6,0,0,1,0,0,0,1,1,1
"Automobile, Station Wagon",Major Arterial,Intersection,Scarborough,Traffic Signal,Daylight,Dry,Driver,Pedestrian Collisions,45 to 49,2017,14,43.794795,-79.196475,2,2,1,0,1,0,0,0,0,1,0
"Automobile, Station Wagon",Major Arterial,Intersection,Scarborough,Traffic Signal,Daylight,Dry,Pedestrian,Pedestrian Collisions,20 to 24,2017,14,43.794795,-79.196475,2,2,1,0,1,0,0,0,0,1,0
"Automobile, Station Wagon",Major Arterial,Intersection,Scarborough,Stop Sign,Dark,Wet,Driver,Turning Movement,25 to 29,2017,2,43.741065,-79.250186,2,3,0,0,1,0,0,0,1,1,1
"Automobile, Station Wagon",Minor Arterial,Intersection,Etobicoke York,No Control,"Dark, artificial",Dry,Driver,Cyclist Collisions,60 to 64,2017,19,43.692324,-79.477252,11,2,0,1,1,0,0,0,0,1,0
"Automobile, Station Wagon",Major Arterial,Intersection,Etobicoke York,Traffic Signal,"Dark, artificial",Dry,Driver,Turning Movement,55 to 59,2017,20,43.781508,-79.494464,11,2,0,0,1,0,0,0,0,1,0
"Automobile, Station Wagon",Major Arterial,Intersection,North York,Traffic Signal,"Dark, artificial",Dry,Passenger,Pedestrian Collisions,Over 95,2017,19,43.805499,-79.385745,10,0,1,0,1,0,0,1,0,0,0
"Automobile, Station Wagon",Major Arterial,Intersection,Toronto and East York,Traffic Signal,"Dark, artificial",Slush,Pedestrian,Pedestrian Collisions,15 to 19,2018,3,43.648692,-79.396343,2,3,1,0,1,0,0,1,0,1,0
"Automobile, Station Wagon",Major Arterial,Intersection,Etobicoke York,Traffic Signal,"Dark, artificial",Dry,Driver,Turning Movement,20 to 24,2017,20,43.781508,-79.494464,11,2,0,0,1,0,0,0,0,1,0
"Automobile, Station Wagon",Major Arterial,Intersection,Toronto and East York,Traffic Signal,"Dark, artificial",Slush,Pedestrian,Pedestrian Collisions,20 to 24,2018,3,43.648692,-79.396343,2,3,1,0,1,0,0,1,0,1,0
"Automobile, Station Wagon",Major Arterial,Intersection,North York,Traffic Signal,Daylight,Wet,Driver,Pedestrian Collisions,25 to 29,2017,9,43.773707,-79.413989,11,4,1,0,1,0,0,1,0,0,0
"Automobile, Station Wagon",Major Arterial,Mid-Block,Etobicoke York,No Control,"Dark, artificial",Dry,Pedestrian,Pedestrian Collisions,20 to 24,2018,23,43.779681,-79.502116,3,3,1,0,1,0,0,0,0,1,0
"Automobile, Station Wagon",Major Arterial,Intersection,North York,Traffic Signal,"Dark, artificial",Dry,Pedestrian,Pedestrian Collisions,55 to 59,2017,19,43.805499,-79.385745,10,0,1,0,1,0,0,1,0,0,0
"Automobile, Station Wagon",Major Arterial,Intersection,Toronto and East York,Traffic Signal,"Dark, artificial",Slush,Passenger,Pedestrian Collisions,35 to 39,2018,3,43.648692,-79.396343,2,3,1,0,1,0,0,1,0,1,0
"Automobile, Station Wagon",Major Arterial,Intersection,North York,Traffic Signal,Daylight,Wet,Driver,Pedestrian Collisions,35 to 39,2017,9,43.773707,-79.413989,11,4,1,0,1,0,0,1,0,0,0
"Automobile, Station Wagon",Minor Arterial,Intersection,Etobicoke York,No Control,Daylight,Dry,Pedestrian,Pedestrian Collisions,20 to 24,2017,16,43.768195,-79.501659,10,1,1,0,1,0,0,0,0,0,1
"Automobile, Station Wagon",Major Arterial,Mid-Block,Etobicoke York,No Control,"Dark, artificial",Dry,Driver,Pedestrian Collisions,20 to 24,2018,23,43.779681,-79.502116,3,3,1,0,1,0,0,0,0,1,0
Motorcycle,Major Arterial,Mid-Block,Scarborough,No Control,Daylight,Dry,Motorcycle Driver,Rear End,20 to 24,2018,13,43.79534,-79.231105,6,6,0,0,1,0,0,1,0,1,0
"Automobile, Station Wagon",Major Arterial,Intersection,Etobicoke York,Traffic Signal,Daylight,Dry,Passenger,Pedestrian Collisions,0 to 4,2018,14,43.68389,-79.511417,8,5,1,0,1,0,0,1,0,1,0
"Automobile, Station Wagon",Major Arterial,Intersection,Toronto and East York,Traffic Signal,"Dark, artificial",Slush,Passenger,Pedestrian Collisions,25 to 29,2018,3,43.648692,-79.396343,2,3,1,0,1,0,0,1,0,1,0
"Automobile, Station Wagon",Major Arterial,Intersection,North York,Traffic Signal,Daylight,Wet,Driver,Pedestrian Collisions,45 to 49,2017,9,43.773707,-79.413989,11,4,1,0,1,0,0,1,0,0,0
"Automobile, Station Wagon",Minor Arterial,Intersection,Etobicoke York,No Control,Daylight,Dry,Driver,Pedestrian Collisions,20 to 24,2017,16,43.768195,-79.501659,10,1,1,0,1,0,0,0,0,0,1
"Automobile, Station Wagon",Minor Arterial,Intersection,Etobicoke York,Traffic Signal,Daylight,Dry,Driver,Turning Movement,20 to 24,2018,18,43.696166,-79.508159,3,4,0,0,1,0,0,0,0,0,0
"Automobile, Station Wagon",Major Arterial,Mid-Block,Scarborough,No Control,Daylight,Dry,Driver,Rear End,50 to 54,2018,13,43.79534,-79.231105,6,6,0,0,1,0,0,1,0,1,0
"Automobile, Station Wagon",Major Arterial,Mid-Block,Etobicoke York,No Control,"Dark, artificial",Dry,Passenger,Angle,20 to 24,2018,22,43.747855,-79.56158,9,2,0,0,1,0,0,1,0,1,0
"Automobile, Station Wagon",Major Arterial,Intersection,Etobicoke York,Traffic Signal,Daylight,Dry,Passenger,Pedestrian Collisions,0 to 4,2018,14,43.68389,-79.511417,8,5,1,0,1,0,0,1,0,1,0
"Automobile, Station Wagon",Minor Arterial,Mid-Block,Etobicoke York,No Control,Daylight,Dry,Driver,Pedestrian Collisions,55 to 59,2018,8,43.701152,-79.520068,7,3,1,0,1,0,0,0,0,0,0
"Automobile, Station Wagon",Major Arterial,Intersection,Toronto and East York,Traffic Signal,"Dark, artificial",Slush,Driver,Pedestrian Collisions,40 to 44,2018,3,43.648692,-79.396343,2,3,1,0,1,0,0,1,0,1,0
"Automobile, Station Wagon",Minor Arterial,Intersection,Toronto and East York,Traffic Signal,Daylight,Wet,Pedestrian,Pedestrian Collisions,25 to 29,2018,10,43.66788,-79.428111,2,3,1,0,1,0,0,0,0,1,0
"Automobile, Station Wagon",Minor Arterial,Intersection,Toronto and East York,Traffic Signal,Daylight,Wet,Driver,Pedestrian Collisions,60 to 64,2018,10,43.66788,-79.428111,2,3,1,0,1,0,0,0,0,1,0
"Automobile, Station Wagon",Major Arterial,Mid-Block,Toronto and East York,No Control,Daylight,Loose Snow,Pedestrian,Pedestrian Collisions,75 to 79,2018,11,43.648657,-79.37112,2,4,1,0,1,0,0,0,0,0,0
"Automobile, Station Wagon",Major Arterial,Mid-Block,Toronto and East York,No Control,Daylight,Loose Snow,Driver,Pedestrian Collisions,25 to 29,2018,11,43.648657,-79.37112,2,4,1,0,1,0,0,0,0,0,0
"Automobile, Station Wagon",Major Arterial,Intersection,Toronto and East York,No Control,"Dark, artificial",Wet,Pedestrian,Pedestrian Collisions,40 to 44,2018,1,43.652239,-79.405978,2,5,1,0,1,0,0,0,1,1,0
"Automobile, Station Wagon",Major Arterial,Intersection,Toronto and East York,No Control,"Dark, artificial",Wet,Driver,Pedestrian Collisions,30 to 34,2018,1,43.652239,-79.405978,2,5,1,0,1,0,0,0,1,1,0
Municipal Transit Bus (TTC),Major Arterial,Intersection,Etobicoke York,Traffic Signal,Daylight,Wet,Driver,Other,55 to 59,2018,12,43.706576,-79.504787,2,6,0,0,0,0,1,1,0,0,0
Municipal Transit Bus (TTC),Major Arterial,Intersection,Etobicoke York,Traffic Signal,Daylight,Wet,Passenger,Other,55 to 59,2018,12,43.706576,-79.504787,2,6,0,0,0,0,1,1,0,0,0
"Automobile, Station Wagon",Major Arterial,Intersection,North York,No Control,Daylight,Slush,Driver,SMV Other,40 to 44,2018,13,43.741786,-79.406207,2,6,0,0,1,0,0,1,0,0,0
"Automobile, Station Wagon",Major Arterial,Intersection,North York,No Control,Daylight,Slush,Passenger,SMV Other,40 to 44,2018,13,43.741786,-79.406207,2,6,0,0,1,0,0,1,0,0,0
"Automobile, Station Wagon",Major Arterial,Intersection,North York,No Control,Daylight,Slush,Passenger,SMV Other,10 to 14,2018,13,43.741786,-79.406207,2,6,0,0,1,0,0,1,0,0,0
"Automobile, Station Wagon",Major Arterial,Intersection,North York,No Control,Daylight,Slush,Passenger,SMV Other,5 to 9,2018,13,43.741786,-79.406207,2,6,0,0,1,0,0,1,0,0,0
"Automobile, Station Wagon",Major Arterial,Intersection,North York,No Control,Daylight,Slush,Passenger,SMV Other,0 to 4,2018,13,43.741786,-79.406207,2,6,0,0,1,0,0,1,0,0,0
"Automobile, Station Wagon",Minor Arterial,Intersection,Toronto and East York,No Control,"Dark, artificial",Dry,Driver,SMV Unattended Vehicle,50 to 54,2018,3,43.647639,-79.430675,2,1,0,0,1,0,0,0,1,1,0
"Automobile, Station Wagon",Minor Arterial,Intersection,Toronto and East York,No Control,"Dark, artificial",Dry,Driver,SMV Unattended Vehicle,20 to 24,2018,3,43.647639,-79.430675,2,1,0,0,1,0,0,0,1,1,0
"Automobile, Station Wagon",Minor Arterial,Intersection,Toronto and East York,No Control,"Dark, artificial",Dry,Other,SMV Unattended Vehicle,unknown,2018,3,43.647639,-79.430675,2,1,0,0,1,0,0,0,1,1,0
Pick Up Truck,Major Arterial,Intersection,Etobicoke York,Traffic Signal,Daylight,Dry,Pedestrian,Pedestrian Collisions,85 to 89,2018,16,43.746745,-79.583759,2,2,1,0,1,0,0,0,0,1,0
Pick Up Truck,Major Arterial,Intersection,Etobicoke York,Traffic Signal,Daylight,Dry,Driver,Pedestrian Collisions,75 to 79,2018,16,43.746745,-79.583759,2,2,1,0,1,0,0,0,0,1,0
"Automobile, Station Wagon",Major Arterial,Intersection,North York,Traffic Signal,"Dark, artificial",Dry,Passenger,Turning Movement,35 to 39,2018,18,43.727584,-79.340823,2,4,0,0,1,0,0,1,0,1,0
"Automobile, Station Wagon",Major Arterial,Intersection,North York,Traffic Signal,"Dark, artificial",Dry,Passenger,Turning Movement,35 to 39,2018,18,43.727584,-79.340823,2,4,0,0,1,0,0,1,0,1,0
"Automobile, Station Wagon",Major Arterial,Intersection,North York,Traffic Signal,"Dark, artificial",Dry,Driver,Turning Movement,35 to 39,2018,18,43.727584,-79.340823,2,4,0,0,1,0,0,1,0,1,0
"Automobile, Station Wagon",Major Arterial,Intersection,North York,Traffic Signal,"Dark, artificial",Dry,Driver,Turning Movement,50 to 54,2018,18,43.727584,-79.340823,2,4,0,0,1,0,0,1,0,1,0
"Automobile, Station Wagon",Major Arterial,Mid-Block,Etobicoke York,No Control,"Dark, artificial",Dry,Driver,SMV Other,50 to 54,2018,21,43.603579,-79.493121,2,4,0,0,1,0,0,1,0,0,0
"Automobile, Station Wagon",Major Arterial,Mid-Block,Etobicoke York,No Control,"Dark, artificial",Dry,Passenger,SMV Other,50 to 54,2018,21,43.603579,-79.493121,2,4,0,0,1,0,0,1,0,0,0