VEHTYPE,ROAD_CLASS,LOCCOORD,DISTRICT,TRAFFCTL,LIGHT,RDSFCOND,INVTYPE,IMPACTYPE,INVAGE,YEAR,TIME,LATITUDE,LONGITUDE,MONTH,DAY,PEDESTRIAN,CYCLIST,AUTOMOBILE,TRUCK,TRSN_CITY_VEH,PASSENGER,SPEEDING,AG_DRIV,ACCLASS
"Automobile, Station Wagon",Collector,Intersection,Scarborough,No Control,"Dusk, artificial",Dry,Pedestrian,Pedestrian Collisions,80 to 84,2018,21,43.818057,-79.322177,5,6,1,0,1,0,0,0,0,1,0
"Automobile, Station Wagon",Collector,Intersection,Scarborough,No Control,"Dusk, artificial",Dry,Pedestrian,Pedestrian Collisions,75 to 79,2018,21,43.818057,-79.322177,5,6,1,0,1,0,0,0,0,1,0
"Automobile, Station Wagon",Collector,Intersection,Scarborough,No Control,"Dusk, artificial",Dry,Driver,Pedestrian Collisions,50 to 54,2018,21,43.818057,-79.322177,5,6,1,0,1,0,0,0,0,1,0
"Automobile, Station Wagon",Major Arterial,Mid-Block,Etobicoke York,No Control,"Dark, artificial",Dry,Driver,Approaching,40 to 44,2018,23,43.736342,-79.438586,5,6,0,0,1,0,0,1,1,1,1
"Automobile, Station Wagon",Major Arterial,Mid-Block,Etobicoke York,No Control,"Dark, artificial",Dry,Driver,Approaching,40 to 44,2018,23,43.736342,-79.438586,5,6,0,0,1,0,0,1,1,1,1
"Automobile, Station Wagon",Major Arterial,Mid-Block,Etobicoke York,No Control,"Dark, artificial",Dry,Passenger,Approaching,35 to 39,2018,23,43.736342,-79.438586,5,6,0,0,1,0,0,1,1,1,1
"Automobile, Station Wagon",Major Arterial,Mid-Block,Etobicoke York,No Control,"Dark, artificial",Dry,Passenger,Approaching,10 to 14,2018,23,43.736342,-79.438586,5,6,0,0,1,0,0,1,1,1,1
"Automobile, Station Wagon",Major Arterial,Mid-Block,Etobicoke York,No Control,"Dark, artificial",Dry,Passenger,Approaching,10 to 14,2018,23,43.736342,-79.438586,5,6,0,0,1,0,0,1,1,1,1
"Automobile, Station Wagon",Major Arterial,Mid-Block,North York,No Control,"Dark, artificial",Dry,Passenger,Rear End,20 to 24,2018,20,43.755068,-79.61552,5,0,0,0,1,0,0,1,1,1,0
"Automobile, Station Wagon",Major Arterial,Mid-Block,North York,No Control,"Dark, artificial",Dry,Passenger,Rear End,20 to 24,2018,20,43.755068,-79.61552,5,0,0,0,1,0,0,1,1,1,0
"Automobile, Station Wagon",Major Arterial,Mid-Block,North York,No Control,"Dark, artificial",Dry,Passenger,Rear End,40 to 44,2018,20,43.755068,-79.61552,5,0,0,0,1,0,0,1,1,1,0
"Automobile, Station Wagon",Major Arterial,Mid-Block,North York,No Control,"Dark, artificial",Dry,Passenger,Rear End,15 to 19,2018,20,43.755068,-79.61552,5,0,0,0,1,0,0,1,1,1,0
"Automobile, Station Wagon",Major Arterial,Mid-Block,North York,No Control,"Dark, artificial",Dry,Passenger,Rear End,15 to 19,2018,20,43.755068,-79.61552,5,0,0,0,1,0,0,1,1,1,0
"Automobile, Station Wagon",Major Arterial,Mid-Block,North York,No Control,"Dark, artificial",Dry,Driver,Rear End,45 to 49,2018,20,43.755068,-79.61552,5,0,0,0,1,0,0,1,1,1,0
"Automobile, Station Wagon",Major Arterial,Mid-Block,North York,No Control,"Dark, artificial",Dry,Driver,Rear End,25 to 29,2018,20,43.755068,-79.61552,5,0,0,0,1,0,0,1,1,1,0
"Automobile, Station Wagon",Major Arterial,Mid-Block,North York,No Control,"Dark, artificial",Dry,Driver,Rear End,30 to 34,2018,20,43.755068,-79.61552,5,0,0,0,1,0,0,1,1,1,0
"Automobile, Station Wagon",Major Arterial,Mid-Block,North York,No Control,"Daylight, artificial",Dry,Pedestrian,Pedestrian Collisions,50 to 54,2018,13,43.779692,-79.365611,5,1,1,0,1,0,0,1,0,0,0
"Automobile, Station Wagon",Major Arterial,Mid-Block,North York,No Control,"Daylight, artificial",Dry,Passenger,Pedestrian Collisions,65 to 69,2018,13,43.779692,-79.365611,5,1,1,0,1,0,0,1,0,0,0
"Automobile, Station Wagon",Major Arterial,Mid-Block,North York,No Control,"Daylight, artificial",Dry,Driver,Pedestrian Collisions,70 to 74,2018,13,43.779692,-79.365611,5,1,1,0,1,0,0,1,0,0,0
"Automobile, Station Wagon",Minor Arterial,Mid-Block,Toronto and East York,No Control,Daylight,Dry,Passenger,Cyclist Collisions,65 to 69,2018,16,43.658751,-79.453182,5,1,0,1,1,0,0,1,0,0,0
"Automobile, Station Wagon",Minor Arterial,Mid-Block,Toronto and East York,No Control,Daylight,Dry,Driver,Cyclist Collisions,60 to 64,2018,16,43.658751,-79.453182,5,1,0,1,1,0,0,1,0,0,0
Bicycle,Minor Arterial,Mid-Block,Toronto and East York,No Control,Daylight,Dry,Cyclist,Cyclist Collisions,50 to 54,2018,16,43.658751,-79.453182,5,1,0,1,1,0,0,1,0,0,0
Motorcycle,Major Arterial,Mid-Block,Scarborough,No Control,"Dark, artificial",Dry,Motorcycle Driver,SMV Other,25 to 29,2018,23,43.702361,-79.254146,5,2,0,0,0,0,0,0,0,0,0
"Automobile, Station Wagon",Minor Arterial,Intersection,Toronto and East York,No Control,Daylight,Dry,Driver,Pedestrian Collisions,55 to 59,2018,10,43.680037,-79.425021,5,6,1,0,1,0,0,0,0,0,0
"Automobile, Station Wagon",Minor Arterial,Intersection,Toronto and East York,No Control,Daylight,Dry,Pedestrian,Pedestrian Collisions,85 to 89,2018,10,43.680037,-79.425021,5,6,1,0,1,0,0,0,0,0,0
"Automobile, Station Wagon",Major Arterial,Intersection,Toronto and East York,No Control,Daylight,Dry,Driver,Turning Movement,50 to 54,2018,17,43.667491,-79.385654,5,6,0,0,1,0,0,0,0,1,0
Motorcycle,Major Arterial,Intersection,Toronto and East York,No Control,Daylight,Dry,Motorcycle Driver,Turning Movement,30 to 34,2018,17,43.667491,-79.385654,5,6,0,0,1,0,0,0,0,1,0
"Automobile, Station Wagon",Local,Intersection,Scarborough,Stop Sign,Daylight,Dry,Driver,Pedestrian Collisions,20 to 24,2018,19,43.834822,-79.229938,5,6,1,0,1,0,0,0,0,1,0
"Automobile, Station Wagon",Local,Intersection,Scarborough,Stop Sign,Daylight,Dry,Pedestrian,Pedestrian Collisions,65 to 69,2018,19,43.834822,-79.229938,5,6,1,0,1,0,0,0,0,1,0
Municipal Transit Bus (TTC),Major Arterial,Intersection,Scarborough,No Control,Daylight,Dry,Passenger,Other,80 to 84,2018,10,43.823569,-79.307048,5,1,0,0,0,0,1,1,0,0,1
Municipal Transit Bus (TTC),Major Arterial,Intersection,Scarborough,No Control,Daylight,Dry,Driver,Other,45 to 49,2018,10,43.823569,-79.307048,5,1,0,0,0,0,1,1,0,0,1
"Automobile, Station Wagon",Minor Arterial,Intersection,Toronto and East York,Traffic Signal,Daylight,Dry,Driver,Cyclist Collisions,35 to 39,2018,17,43.645056,-79.365421,5,1,0,1,1,0,0,0,0,1,0
Bicycle,Minor Arterial,Intersection,Toronto and East York,Traffic Signal,Daylight,Dry,Cyclist,Cyclist Collisions,25 to 29,2018,17,43.645056,-79.365421,5,1,0,1,1,0,0,0,0,1,0
Bicycle,Major Arterial,Intersection,Toronto and East York,No Control,"Dark, artificial",Dry,Cyclist,Cyclist Collisions,20 to 24,2018,21,43.683352,-79.311801,5,2,0,1,1,0,0,0,0,0,0
"Automobile, Station Wagon",Major Arterial,Intersection,Toronto and East York,No Control,"Dark, artificial",Dry,Driver,Cyclist Collisions,30 to 34,2018,21,43.683352,-79.311801,5,2,0,1,1,0,0,0,0,0,0
Truck - Dump,Major Arterial,Intersection,Etobicoke York,Traffic Signal,Daylight,Dry,Truck Driver,Pedestrian Collisions,20 to 24,2018,8,43.648242,-79.485713,5,3,1,0,0,1,0,0,0,0,0
Truck - Dump,Major Arterial,Intersection,Etobicoke York,Traffic Signal,Daylight,Dry,Pedestrian,Pedestrian Collisions,35 to 39,2018,8,43.648242,-79.485713,5,3,1,0,0,1,0,0,0,0,0
"Automobile, Station Wagon",Minor Arterial,Intersection,Scarborough,No Control,Daylight,Wet,Driver,Pedestrian Collisions,35 to 39,2018,21,43.768336,-79.186191,5,3,1,0,1,0,0,1,0,0,0
"Automobile, Station Wagon",Minor Arterial,Intersection,Scarborough,No Control,Daylight,Wet,Pedestrian,Pedestrian Collisions,35 to 39,2018,21,43.768336,-79.186191,5,3,1,0,1,0,0,1,0,0,0
"Automobile, Station Wagon",Minor Arterial,Intersection,Scarborough,No Control,Daylight,Wet,Passenger,Pedestrian Collisions,40 to 44,2018,21,43.768336,-79.186191,5,3,1,0,1,0,0,1,0,0,0
"Automobile, Station Wagon",Minor Arterial,Intersection,Scarborough,No Control,Daylight,Wet,Passenger,Pedestrian Collisions,0 to 4,2018,21,43.768336,-79.186191,5,3,1,0,1,0,0,1,0,0,0
"Automobile, Station Wagon",Local,Intersection,North York,Stop Sign,Daylight,Dry,Driver,Pedestrian Collisions,55 to 59,2018,19,43.649581,-79.422855,6,5,1,0,1,0,0,0,0,1,0
"Automobile, Station Wagon",Local,Intersection,North York,Stop Sign,Daylight,Dry,Pedestrian,Pedestrian Collisions,0 to 4,2018,19,43.649581,-79.422855,6,5,1,0,1,0,0,0,0,1,0
Motorcycle,Major Arterial,Mid-Block,North York,No Control,Daylight,Dry,Motorcycle Driver,Approaching,50 to 54,2018,19,43.630515,-79.427158,6,5,0,0,1,0,0,0,0,0,1
"Automobile, Station Wagon",Major Arterial,Mid-Block,North York,No Control,Daylight,Dry,Driver,Approaching,30 to 34,2018,19,43.630515,-79.427158,6,5,0,0,1,0,0,0,0,0,1
"Automobile, Station Wagon",Major Arterial,Mid-Block,North York,No Control,Daylight,Dry,Driver,Approaching,30 to 34,2018,19,43.630515,-79.427158,6,5,0,0,1,0,0,0,0,0,1
"Automobile, Station Wagon",Major Arterial,Mid-Block,North York,No Control,Daylight,Dry,Driver,Approaching,55 to 59,2018,19,43.630515,-79.427158,6,5,0,0,1,0,0,0,0,0,1
"Automobile, Station Wagon",Major Arterial,Mid-Block,Scarborough,No Control,Daylight,Dry,Pedestrian,Pedestrian Collisions,30 to 34,2018,20,43.766261,-79.19559,6,1,1,0,1,0,0,0,0,0,0
"Automobile, Station Wagon",Major Arterial,Mid-Block,Scarborough,No Control,Daylight,Dry,Pedestrian,Pedestrian Collisions,70 to 74,2018,18,43.825041,-79.248309,9,6,1,0,1,0,0,0,0,0,0
"Automobile, Station Wagon",Major Arterial,Intersection,North York,Traffic Signal,Daylight,Dry,Passenger,Pedestrian Collisions,70 to 74,2017,18,43.770285,-79.371227,10,4,1,0,1,0,0,1,0,1,0
"Automobile, Station Wagon",Minor Arterial,Intersection,Etobicoke York,Traffic Signal,Daylight,Dry,Driver,Turning Movement,45 to 49,2018,17,43.651335,-79.579456,7,2,0,0,1,0,0,0,0,1,0
"Automobile, Station Wagon",Major Arterial,Intersection,Scarborough,Traffic Signal,"Dark, artificial",Wet,Driver,Turning Movement,30 to 34,2017,2,43.78385,-79.234683,11,6,0,0,1,0,0,0,0,1,0
Municipal Transit Bus (TTC),Major Arterial,Mid-Block,Toronto and East York,No Control,Daylight,Dry,Driver,Other,45 to 49,2018,13,43.678218,-79.38055,6,2,0,0,0,0,1,1,0,0,0
Motorcycle,Minor Arterial,Intersection,Etobicoke York,Traffic Signal,Daylight,Dry,Motorcycle Driver,Turning Movement,40 to 44,2018,17,43.651335,-79.579456,7,2,0,0,1,0,0,0,0,1,0
Motorcycle,Major Arterial,Intersection,North York,Traffic Signal,Daylight,Dry,Passenger,Pedestrian Collisions,75 to 79,2017,18,43.770285,-79.371227,10,4,1,0,1,0,0,1,0,1,0
Motorcycle,Major Arterial,Intersection,North York,Traffic Signal,Daylight,Dry,Motorcycle Driver,Pedestrian Collisions,55 to 59,2018,18,43.739798,-79.421603,7,2,1,0,0,0,0,0,0,0,0
Municipal Transit Bus (TTC),Major Arterial,Mid-Block,Toronto and East York,No Control,Daylight,Dry,Passenger,Other,85 to 89,2018,13,43.678218,-79.38055,6,2,0,0,0,0,1,1,0,0,0
"Automobile, Station Wagon",Major Arterial,Intersection,Scarborough,Traffic Signal,"Dark, artificial",Wet,Driver,Turning Movement,30 to 34,2017,2,43.78385,-79.234683,11,6,0,0,1,0,0,0,0,1,0
"Automobile, Station Wagon",Major Arterial,Intersection,North York,Traffic Signal,Daylight,Dry,Driver,Pedestrian Collisions,30 to 34,2017,18,43.770285,-79.371227,10,4,1,0,1,0,0,1,0,1,0
Motorcycle,Major Arterial,Intersection,North York,Traffic Signal,Daylight,Dry,Pedestrian,Pedestrian Collisions,55 to 59,2018,18,43.739798,-79.421603,7,2,1,0,0,0,0,0,0,0,0
"Automobile, Station Wagon",Major Arterial,Intersection,Etobicoke York,Stop Sign,Daylight,Wet,Driver,Pedestrian Collisions,40 to 44,2018,15,43.624903,-79.508815,9,0,1,0,1,0,0,0,0,1,0
Municipal Transit Bus (TTC),Minor Arterial,Intersection,Etobicoke York,No Control,"Dark, artificial",Dry,Driver,Pedestrian Collisions,55 to 59,2018,2,43.620658,-79.500232,6,3,1,0,0,0,1,0,0,0,0
"Automobile, Station Wagon",Major Arterial,Intersection,North York,Traffic Signal,Daylight,Dry,Driver,Pedestrian Collisions,20 to 24,2017,18,43.770285,-79.371227,10,4,1,0,1,0,0,1,0,1,0
"Automobile, Station Wagon",Major Arterial,Intersection,Scarborough,Traffic Signal,"Dark, artificial",Wet,Driver,Turning Movement,35 to 39,2017,2,43.78385,-79.234683,11,6,0,0,1,0,0,0,0,1,0
"Automobile, Station Wagon",Local,Mid-Block,Etobicoke York,No Control,Daylight,Dry,Driver,Pedestrian Collisions,75 to 79,2018,8,43.746199,-79.515704,7,4,1,0,1,0,0,0,0,0,0
Intercity Bus,Major Arterial,Intersection,Scarborough,Traffic Signal,Daylight,Loose Snow,Driver,Other,45 to 49,2017,15,43.716452,-79.261302,12,4,0,0,0,0,1,1,0,1,0
Municipal Transit Bus (TTC),Minor Arterial,Intersection,Etobicoke York,No Control,"Dark, artificial",Dry,Pedestrian,Pedestrian Collisions,20 to 24,2018,2,43.620658,-79.500232,6,3,1,0,0,0,1,0,0,0,0
Motorcycle,Major Arterial,Intersection,Scarborough,Traffic Signal,Daylight,Dry,Motorcycle Driver,Turning Movement,55 to 59,2018,6,43.716773,-79.259883,6,3,0,0,1,0,0,0,0,1,1
"Automobile, Station Wagon",Major Arterial,Intersection,Scarborough,Traffic Signal,Daylight,Dry,Driver,Turning Movement,unknown,2018,6,43.716773,-79.259883,6,3,0,0,1,0,0,0,0,1,1
"Automobile, Station Wagon",Major Arterial,Intersection,North York,Stop Sign,Daylight,Dry,Driver,Pedestrian Collisions,50 to 54,2018,9,43.757266,-79.409839,6,3,1,0,1,0,0,0,0,1,0
"Automobile, Station Wagon",Major Arterial,Intersection,North York,Stop Sign,Daylight,Dry,Pedestrian,Pedestrian Collisions,45 to 49,2018,9,43.757266,-79.409839,6,3,1,0,1,0,0,0,0,1,0
Motorcycle,Major Arterial,Intersection,Etobicoke York,Traffic Signal,Daylight,Dry,Motorcycle Driver,Turning Movement,25 to 29,2018,17,43.684405,-79.498782,6,3,0,0,1,0,0,0,0,1,0
"Automobile, Station Wagon",Major Arterial,Intersection,Etobicoke York,Traffic Signal,Daylight,Dry,Driver,Turning Movement,50 to 54,2018,17,43.684405,-79.498782,6,3,0,0,1,0,0,0,0,1,0
"Automobile, Station Wagon",Major Arterial,Intersection,Scarborough,Traffic Signal,Daylight,Dry,Driver,Pedestrian Collisions,20 to 24,2018,19,43.835181,-79.25706,6,4,1,0,1,0,0,0,0,1,0
"Automobile, Station Wagon",Major Arterial,Intersection,Scarborough,Traffic Signal,Daylight,Dry,Pedestrian,Pedestrian Collisions,40 to 44,2018,19,43.835181,-79.25706,6,4,1,0,1,0,0,0,0,1,0
Bicycle,Major Arterial,Intersection,North York,No Control,Daylight,Dry,Cyclist,Cyclist Collisions,20 to 24,2018,16,43.706046,-79.361781,6,5,0,1,1,0,0,0,0,0,0
"Automobile, Station Wagon",Major Arterial,Intersection,North York,No Control,Daylight,Dry,Driver,Cyclist Collisions,20 to 24,2018,16,43.706046,-79.361781,6,5,0,1,1,0,0,0,0,0,0
"Automobile, Station Wagon",Minor Arterial,Mid-Block,Etobicoke York,No Control,Daylight,Dry,Driver,Turning Movement,45 to 49,2018,18,43.684481,-79.437656,6,6,0,0,1,0,0,1,0,0,0
Motorcycle,Minor Arterial,Mid-Block,Etobicoke York,No Control,Daylight,Dry,Motorcycle Driver,Turning Movement,35 to 39,2018,18,43.684481,-79.437656,6,6,0,0,1,0,0,1,0,0,0
Motorcycle,Minor Arterial,Mid-Block,Etobicoke York,No Control,Daylight,Dry,Passenger,Turning Movement,10 to 14,2018,18,43.684481,-79.437656,6,6,0,0,1,0,0,1,0,0,0
Motorcycle,Minor Arterial,Mid-Block,Etobicoke York,No Control,Daylight,Dry,Passenger,Turning Movement,45 to 49,2018,18,43.684481,-79.437656,6,6,0,0,1,0,0,1,0,0,0
Motorcycle,Minor Arterial,Mid-Block,Etobicoke York,No Control,Daylight,Dry,Passenger,Turning Movement,25 to 29,2018,18,43.684481,-79.437656,6,6,0,0,1,0,0,1,0,0,0
Pick Up Truck,Major Arterial,Mid-Block,Etobicoke York,No Control,Daylight,Dry,Driver,Approaching,65 to 69,2018,9,43.642253,-79.535548,6,0,0,0,1,0,0,0,0,0,0
Pick Up Truck,Major Arterial,Mid-Block,Etobicoke York,No Control,Daylight,Dry,Driver,Approaching,30 to 34,2018,9,43.642253,-79.535548,6,0,0,0,1,0,0,0,0,0,0
"Automobile, Station Wagon",Local,Mid-Block,North York,No Control,Daylight,Dry,Driver,SMV Other,25 to 29,2018,17,43.790763,-79.419864,6,0,0,0,1,0,0,0,0,0,0
Motorcycle,Major Arterial,Mid-Block,North York,No Control,Daylight,Dry,Motorcycle Driver,Rear End,55 to 59,2018,11,43.771861,-79.538364,6,1,0,0,1,0,0,0,0,1,0
Pick Up Truck,Major Arterial,Mid-Block,North York,No Control,Daylight,Dry,Driver,Rear End,70 to 74,2018,11,43.771861,-79.538364,6,1,0,0,1,0,0,0,0,1,0
"Automobile, Station Wagon",Major Arterial,Mid-Block,North York,No Control,Daylight,Dry,Driver,Rear End,85 to 89,2018,11,43.771861,-79.538364,6,1,0,0,1,0,0,0,0,1,0
"Automobile, Station Wagon",Minor Arterial,Intersection,North York,Stop Sign,Daylight,Dry,Driver,Angle,45 to 49,2018,17,43.795069,-79.412708,6,1,0,0,1,0,0,0,0,1,0
Pick Up Truck,Minor Arterial,Intersection,North York,Stop Sign,Daylight,Dry,Driver,Angle,30 to 34,2018,17,43.795069,-79.412708,6,1,0,0,1,0,0,0,0,1,0
"Automobile, Station Wagon",Minor Arterial,Intersection,North York,Stop Sign,Daylight,Dry,Driver,Angle,50 to 54,2018,17,43.795069,-79.412708,6,1,0,0,1,0,0,0,0,1,0
"Automobile, Station Wagon",Minor Arterial,Intersection,Etobicoke York,Stop Sign,Daylight,Dry,Driver,Angle,55 to 59,2018,17,43.66247,-79.470783,6,1,0,0,1,0,0,0,1,1,0
"Automobile, Station Wagon",Minor Arterial,Intersection,Etobicoke York,Stop Sign,Daylight,Dry,Driver,Angle,50 to 54,2018,17,43.66247,-79.470783,6,1,0,0,1,0,0,0,1,1,0
"Automobile, Station Wagon",Minor Arterial,Intersection,Etobicoke York,Stop Sign,Daylight,Dry,Driver,Angle,50 to 54,2018,17,43.66247,-79.470783,6,1,0,0,1,0,0,0,1,1,0
"Automobile, Station Wagon",Major Arterial,Mid-Block,Etobicoke York,No Control,"Dark, artificial",Dry,Driver,Pedestrian Collisions,20 to 24,2018,0,43.742911,-79.60696,6,2,1,0,1,0,0,1,0,1,0
"Automobile, Station Wagon",Major Arterial,Mid-Block,Etobicoke York,No Control,"Dark, artificial",Dry,Passenger,Pedestrian Collisions,25 to 29,2018,0,43.742911,-79.60696,6,2,1,0,1,0,0,1,0,1,0
"Automobile, Station Wagon",Major Arterial,Mid-Block,Etobicoke York,No Control,"Dark, artificial",Dry,Passenger,Pedestrian Collisions,25 to 29,2018,0,43.742911,-79.60696,6,2,1,0,1,0,0,1,0,1,0
"Automobile, Station Wagon",Major Arterial,Mid-Block,Etobicoke York,No Control,"Dark, artificial",Dry,Pedestrian,Pedestrian Collisions,30 to 34,2018,0,43.742911,-79.60696,6,2,1,0,1,0,0,1,0,1,0
"Automobile, Station Wagon",Major Arterial,Intersection,Scarborough,No Control,Daylight,Dry,Passenger,Pedestrian Collisions,20 to 24,2018,16,43.76398,-79.2056,6,2,1,0,1,0,0,1,0,1,0
"Automobile, Station Wagon",Major Arterial,Intersection,Scarborough,No Control,Daylight,Dry,Pedestrian,Pedestrian Collisions,60 to 64,2018,16,43.76398,-79.2056,6,2,1,0,1,0,0,1,0,1,0
"Automobile, Station Wagon",Major Arterial,Intersection,Scarborough,No Control,Daylight,Dry,Driver,Pedestrian Collisions,20 to 24,2018,16,43.76398,-79.2056,6,2,1,0,1,0,0,1,0,1,0
"Automobile, Station Wagon",Major Arterial,Intersection,Scarborough,No Control,Daylight,Dry,Driver,Pedestrian Collisions,65 to 69,2018,16,43.76398,-79.2056,6,2,1,0,1,0,0,1,0,1,0
Motorcycle,Major Arterial,Mid-Block,North York,No Control,Daylight,Dry,Motorcycle Driver,Turning Movement,60 to 64,2018,13,43.725081,-79.488612,6,4,0,0,1,0,0,0,0,1,0
"Automobile, Station Wagon",Major Arterial,Mid-Block,North York,No Control,Daylight,Dry,Driver,Turning Movement,55 to 59,2018,13,43.725081,-79.488612,6,4,0,0,1,0,0,0,0,1,0
"Automobile, Station Wagon",Major Arterial,Intersection,Toronto and East York,Traffic Signal,"Dark, artificial",Wet,Driver,Angle,25 to 29,2018,23,43.654486,-79.363986,6,4,0,0,1,0,0,0,1,1,0
"Automobile, Station Wagon",Major Arterial,Intersection,Toronto and East York,Traffic Signal,"Dark, artificial",Wet,Driver,Angle,40 to 44,2018,23,43.654486,-79.363986,6,4,0,0,1,0,0,0,1,1,0
"Automobile, Station Wagon",Major Arterial,Intersection,Scarborough,Traffic Signal,Dark,Wet,Driver,Turning Movement,35 to 39,2018,0,43.800208,-79.199046,6,5,0,0,1,0,0,1,0,1,0
"Automobile, Station Wagon",Major Arterial,Intersection,Scarborough,Traffic Signal,Dark,Wet,Driver,Turning Movement,50 to 54,2018,0,43.800208,-79.199046,6,5,0,0,1,0,0,1,0,1,0
"Automobile, Station Wagon",Major Arterial,Intersection,Scarborough,Traffic Signal,Dark,Wet,Driver,Turning Movement,15 to 19,2018,0,43.800208,-79.199046,6,5,0,0,1,0,0,1,0,1,0
"Automobile, Station Wagon",Major Arterial,Intersection,Scarborough,Traffic Signal,Dark,Wet,Passenger,Turning Movement,25 to 29,2018,0,43.800208,-79.199046,6,5,0,0,1,0,0,1,0,1,0
"Automobile, Station Wagon",Major Arterial,Intersection,Scarborough,Traffic Signal,Dark,Wet,Passenger,Turning Movement,15 to 19,2018,0,43.800208,-79.199046,6,5,0,0,1,0,0,1,0,1,0
"Automobile, Station Wagon",Major Arterial,Intersection,Scarborough,Traffic Signal,Dark,Wet,Passenger,Turning Movement,15 to 19,2018,0,43.800208,-79.199046,6,5,0,0,1,0,0,1,0,1,0
"Automobile, Station Wagon",Major Arterial,Intersection,Scarborough,Traffic Signal,"Dark, artificial",Wet,Driver,SMV Other,30 to 34,2018,1,43.773425,-79.230647,6,5,0,0,1,0,0,1,0,1,0
"Automobile, Station Wagon",Major Arterial,Intersection,Scarborough,Traffic Signal,"Dark, artificial",Wet,Passenger,SMV Other,35 to 39,2018,1,43.773425,-79.230647,6,5,0,0,1,0,0,1,0,1,0
"Automobile, Station Wagon",Major Arterial,Intersection,North York,Traffic Signal,"Dark, artificial",Wet,Driver,Pedestrian Collisions,unknown,2018,2,43.759211,-79.507884,6,5,1,0,1,0,0,0,1,1,0
"Automobile, Station Wagon",Major Arterial,Intersection,North York,Traffic Signal,"Dark, artificial",Wet,Pedestrian,Pedestrian Collisions,20 to 24,2018,2,43.759211,-79.507884,6,5,1,0,1,0,0,0,1,1,0
"Automobile, Station Wagon",Major Arterial,Intersection,North York,Traffic Signal,Daylight,Wet,Driver,Pedestrian Collisions,50 to 54,2018,13,43.703868,-79.411601,6,5,1,0,1,0,0,0,0,0,1
"Automobile, Station Wagon",Major Arterial,Intersection,North York,Traffic Signal,Daylight,Wet,Pedestrian,Pedestrian Collisions,70 to 74,2018,13,43.703868,-79.411601,6,5,1,0,1,0,0,0,0,0,1
Delivery Van,Major Arterial,Intersection,Toronto and East York,Traffic Signal,"Daylight, artificial",Dry,Driver,Pedestrian Collisions,25 to 29,2018,18,43.647772,-79.37733,6,6,1,0,1,0,0,0,0,1,0
"Automobile, Station Wagon",Major Arterial,Intersection,Toronto and East York,Traffic Signal,"Daylight, artificial",Dry,Driver,Pedestrian Collisions,30 to 34,2018,18,43.647772,-79.37733,6,6,1,0,1,0,0,0,0,1,0
"Automobile, Station Wagon",Major Arterial,Intersection,Toronto and East York,Traffic Signal,"Daylight, artificial",Dry,Pedestrian,Pedestrian Collisions,60 to 64,2018,18,43.647772,-79.37733,6,6,1,0,1,0,0,0,0,1,0
"Automobile, Station Wagon",Major Arterial,Intersection,North York,No Control,"Dark, artificial",Dry,Driver,Pedestrian Collisions,45 to 49,2018,1,43.724677,-79.457042,6,2,1,0,1,0,0,0,0,0,0
"Automobile, Station Wagon",Major Arterial,Intersection,North York,No Control,"Dark, artificial",Dry,Pedestrian,Pedestrian Collisions,25 to 29,2018,1,43.724677,-79.457042,6,2,1,0,1,0,0,0,0,0,0
"Automobile, Station Wagon",Expressway Ramp,Mid-Block,North York,No Control,Daylight,Dry,Driver,Pedestrian Collisions,70 to 74,2018,10,43.76364,-79.387958,6,3,1,0,1,0,0,0,0,0,0
"Automobile, Station Wagon",Expressway Ramp,Mid-Block,North York,No Control,Daylight,Dry,Pedestrian,Pedestrian Collisions,75 to 79,2018,10,43.76364,-79.387958,6,3,1,0,1,0,0,0,0,0,0
Motorcycle,Major Arterial,Intersection,Toronto and East York,Traffic Controller,Daylight,Dry,Motorcycle Driver,SMV Other,50 to 54,2018,18,43.678252,-79.380664,6,3,0,0,0,0,0,0,0,0,0
"Automobile, Station Wagon",Major Arterial,Mid-Block,Toronto and East York,No Control,Daylight,Dry,Driver,Cyclist Collisions,35 to 39,2018,20,43.679625,-79.34106,6,3,0,1,1,0,0,0,0,0,0
Bicycle,Major Arterial,Mid-Block,Toronto and East York,No Control,Daylight,Dry,Cyclist,Cyclist Collisions,35 to 39,2018,20,43.679625,-79.34106,6,3,0,1,1,0,0,0,0,0,0
Bicycle,Major Arterial,Intersection,North York,No Control,"Dark, artificial",Dry,Cyclist,Cyclist Collisions,55 to 59,2018,23,43.771048,-79.321101,6,3,0,1,0,0,0,0,0,0,0
"Automobile, Station Wagon",Major Arterial,Intersection,Etobicoke York,Traffic Signal,"Dark, artificial",Dry,Driver,Pedestrian Collisions,25 to 29,2018,1,43.759535,-79.589862,6,4,1,0,1,0,0,0,1,1,1
"Automobile, Station Wagon",Major Arterial,Intersection,Etobicoke York,Traffic Signal,"Dark, artificial",Dry,Driver,Pedestrian Collisions,25 to 29,2018,1,43.759535,-79.589862,6,4,1,0,1,0,0,0,1,1,1
"Automobile, Station Wagon",Major Arterial,Intersection,Etobicoke York,Traffic Signal,"Dark, artificial",Dry,Driver,Pedestrian Collisions,55 to 59,2018,1,43.759535,-79.589862,6,4,1,0,1,0,0,0,1,1,1