VEHTYPE,ROAD_CLASS,LOCCOORD,DISTRICT,TRAFFCTL,LIGHT,RDSFCOND,INVTYPE,IMPACTYPE,INVAGE,YEAR,TIME,LATITUDE,LONGITUDE,MONTH,DAY,PEDESTRIAN,CYCLIST,AUTOMOBILE,TRUCK,TRSN_CITY_VEH,PASSENGER,SPEEDING,AG_DRIV,ACCLASS
"Automobile, Station Wagon",Minor Arterial,Mid-Block,North York,No Control,"Dark, artificial",Dry,Driver,Cyclist Collisions,unknown,2017,22,43.787329,-79.415561,10,5,0,1,1,0,0,0,0,0,0
"Automobile, Station Wagon",Major Arterial,Intersection,Scarborough,Traffic Signal,"Dusk, artificial",Dry,Pedestrian,Pedestrian Collisions,35 to 39,2017,0,43.77117,-79.229785,10,6,1,0,1,0,0,0,0,0,0
"Automobile, Station Wagon",Major Arterial,Intersection,Scarborough,Traffic Signal,"Dusk, artificial",Dry,Driver,Pedestrian Collisions,35 to 39,2017,0,43.77117,-79.229785,10,6,1,0,1,0,0,0,0,0,0
Motorcycle,Major Arterial,Intersection,North York,No Control,Daylight,Dry,Motorcycle Driver,Sideswipe,55 to 59,2017,14,43.725348,-79.41685,10,6,0,0,1,0,0,0,0,0,0
"Automobile, Station Wagon",Major Arterial,Intersection,North York,No Control,Daylight,Dry,Driver,Sideswipe,45 to 49,2017,14,43.725348,-79.41685,10,6,0,0,1,0,0,0,0,0,0
Street Car,Major Arterial,Mid-Block,Toronto and East York,No Control,"Dark, artificial",Dry,Pedestrian,Pedestrian Collisions,25 to 29,2017,20,43.642733,-79.408191,10,6,1,0,0,0,1,0,0,0,0
Street Car,Major Arterial,Mid-Block,Toronto and East York,No Control,"Dark, artificial",Dry,Driver,Pedestrian Collisions,55 to 59,2017,20,43.642733,-79.408191,10,6,1,0,0,0,1,0,0,0,0
"Automobile, Station Wagon",Major Arterial,Intersection,North York,No Control,"Dark, artificial",Dry,Driver,SMV Other,25 to 29,2017,4,43.706015,-79.409702,10,0,0,0,1,0,0,0,0,1,0
"Automobile, Station Wagon",Major Arterial,Intersection,Scarborough,Traffic Signal,Daylight,Dry,Pedestrian,Pedestrian Collisions,60 to 64,2017,9,43.758959,-79.310153,10,0,1,0,1,0,0,0,1,1,0
"Automobile, Station Wagon",Major Arterial,Intersection,Scarborough,Traffic Signal,Daylight,Dry,Driver,Pedestrian Collisions,70 to 74,2017,9,43.758959,-79.310153,10,0,1,0,1,0,0,0,1,1,0
"Automobile, Station Wagon",Major Arterial,Intersection,Scarborough,Traffic Signal,Daylight,Dry,Driver,Pedestrian Collisions,25 to 29,2017,9,43.758959,-79.310153,10,0,1,0,1,0,0,0,1,1,0
"Automobile, Station Wagon",Major Arterial,Intersection,Scarborough,Traffic Signal,Daylight,Dry,Driver,Pedestrian Collisions,20 to 24,2017,9,43.758959,-79.310153,10,0,1,0,1,0,0,0,1,1,0
"Automobile, Station Wagon",Collector,Intersection,North York,No Control,"Dark, artificial",Dry,Driver,Pedestrian Collisions,65 to 69,2017,19,43.780654,-79.419986,10,3,1,0,1,0,0,0,0,1,0
"Automobile, Station Wagon",Collector,Intersection,North York,No Control,"Dark, artificial",Dry,Pedestrian,Pedestrian Collisions,65 to 69,2017,19,43.780654,-79.419986,10,3,1,0,1,0,0,0,0,1,0
Bicycle,Major Arterial,Intersection,Etobicoke York,Traffic Signal,Dark,Dry,Cyclist,Cyclist Collisions,30 to 34,2017,21,43.743193,-79.582073,10,4,0,1,1,0,0,0,0,0,0
"Automobile, Station Wagon",Major Arterial,Intersection,Etobicoke York,Traffic Signal,Dark,Dry,Driver,Cyclist Collisions,45 to 49,2017,21,43.743193,-79.582073,10,4,0,1,1,0,0,0,0,0,0
"Automobile, Station Wagon",Major Arterial,Mid-Block,Scarborough,No Control,Daylight,Dry,Driver,Pedestrian Collisions,55 to 59,2017,14,43.762652,-79.279971,10,0,1,0,1,0,0,0,0,1,0
"Automobile, Station Wagon",Major Arterial,Mid-Block,Scarborough,No Control,Daylight,Dry,Pedestrian,Pedestrian Collisions,55 to 59,2017,14,43.762652,-79.279971,10,0,1,0,1,0,0,0,0,1,0
"Automobile, Station Wagon",Major Arterial,Intersection,Etobicoke York,Traffic Signal,Dark,Other,Passenger,Turning Movement,45 to 49,2017,22,43.781508,-79.494464,10,1,0,0,1,0,0,1,0,1,1
"Automobile, Station Wagon",Major Arterial,Intersection,Etobicoke York,Traffic Signal,Dark,Other,Driver,Turning Movement,55 to 59,2017,22,43.781508,-79.494464,10,1,0,0,1,0,0,1,0,1,1
"Automobile, Station Wagon",Major Arterial,Intersection,Etobicoke York,Traffic Signal,Dark,Other,Driver,Turning Movement,15 to 19,2017,22,43.781508,-79.494464,10,1,0,0,1,0,0,1,0,1,1
Pick Up Truck,Major Arterial,Mid-Block,North York,Traffic Controller,"Daylight, artificial",Wet,Pedestrian,Pedestrian Collisions,45 to 49,2017,19,43.725939,-79.481868,11,2,1,0,1,0,0,0,0,0,0
Pick Up Truck,Major Arterial,Mid-Block,North York,Traffic Controller,"Daylight, artificial",Wet,Driver,Pedestrian Collisions,30 to 34,2017,19,43.725939,-79.481868,11,2,1,0,1,0,0,0,0,0,0
Truck - Car Carrier,Minor Arterial,Intersection,Toronto and East York,No Control,Daylight,Wet,Pedestrian,Pedestrian Collisions,60 to 64,2017,11,43.644625,-79.429508,11,3,1,0,0,1,0,0,0,0,0
Truck - Car Carrier,Minor Arterial,Intersection,Toronto and East York,No Control,Daylight,Wet,Truck Driver,Pedestrian Collisions,55 to 59,2017,11,43.644625,-79.429508,11,3,1,0,0,1,0,0,0,0,0
"Automobile, Station Wagon",Major Arterial,Intersection,Toronto and East York,Yield Sign,Daylight,Wet,Driver,Rear End,50 to 54,2017,11,43.665454,-79.499164,11,3,0,0,1,0,0,0,0,0,0
"Automobile, Station Wagon",Major Arterial,Intersection,Toronto and East York,Yield Sign,Daylight,Wet,Driver,Rear End,30 to 34,2017,11,43.665454,-79.499164,11,3,0,0,1,0,0,0,0,0,0
Street Car,Major Arterial,Mid-Block,Toronto and East York,No Control,Dark,Wet,Pedestrian,Pedestrian Collisions,30 to 34,2017,22,43.642802,-79.425449,11,3,1,0,0,0,1,0,0,0,0
Street Car,Major Arterial,Mid-Block,Toronto and East York,No Control,Dark,Wet,Driver,Pedestrian Collisions,50 to 54,2017,22,43.642802,-79.425449,11,3,1,0,0,0,1,0,0,0,0
Pick Up Truck,Major Arterial,Intersection,North York,Traffic Signal,"Dark, artificial",Wet,Pedestrian,Pedestrian Collisions,60 to 64,2017,7,43.787211,-79.470042,11,4,1,0,1,0,0,0,0,1,0
Pick Up Truck,Major Arterial,Intersection,North York,Traffic Signal,"Dark, artificial",Wet,Driver,Pedestrian Collisions,35 to 39,2017,7,43.787211,-79.470042,11,4,1,0,1,0,0,0,0,1,0
Pick Up Truck,Major Arterial,Mid-Block,Etobicoke York,No Control,"Dawn, artificial",Wet,Pedestrian,Pedestrian Collisions,50 to 54,2017,7,43.741091,-79.589198,11,4,1,0,1,0,0,0,0,0,0
Pick Up Truck,Major Arterial,Mid-Block,Etobicoke York,No Control,"Dawn, artificial",Wet,Driver,Pedestrian Collisions,45 to 49,2017,7,43.741091,-79.589198,11,4,1,0,1,0,0,0,0,0,0
"Automobile, Station Wagon",Major Arterial,Intersection,Scarborough,Traffic Signal,Daylight,Dry,Pedestrian,Pedestrian Collisions,30 to 34,2017,12,43.772895,-79.272945,11,4,1,0,1,0,0,0,0,0,0
"Automobile, Station Wagon",Major Arterial,Intersection,Scarborough,Traffic Signal,Daylight,Dry,Driver,Pedestrian Collisions,55 to 59,2017,12,43.772895,-79.272945,11,4,1,0,1,0,0,0,0,0,0
"Automobile, Station Wagon",Major Arterial,Intersection,Etobicoke York,Traffic Signal,Daylight,Dry,Pedestrian,Pedestrian Collisions,15 to 19,2017,16,43.707713,-79.53358,11,2,1,0,1,0,0,0,0,1,0
"Automobile, Station Wagon",Major Arterial,Intersection,Etobicoke York,Traffic Signal,Daylight,Dry,Driver,Pedestrian Collisions,25 to 29,2017,16,43.707713,-79.53358,11,2,1,0,1,0,0,0,0,1,0
Bicycle,Minor Arterial,Intersection,Etobicoke York,No Control,"Dark, artificial",Dry,Cyclist,Cyclist Collisions,55 to 59,2017,19,43.692324,-79.477252,11,2,0,1,1,0,0,0,0,1,0
Street Car,Minor Arterial,Intersection,Toronto and East York,No Control,Daylight,Dry,Driver,Other,45 to 49,2018,14,43.64107,-79.446986,9,1,0,0,0,0,1,1,0,0,0
Street Car,Minor Arterial,Intersection,Toronto and East York,No Control,Daylight,Dry,Passenger,Other,75 to 79,2018,14,43.64107,-79.446986,9,1,0,0,0,0,1,1,0,0,0
Other,Major Arterial,Intersection,Etobicoke York,No Control,Daylight,Dry,Pedestrian,Pedestrian Collisions,70 to 74,2018,17,43.600909,-79.504077,9,1,1,0,1,0,0,0,0,0,1
"Automobile, Station Wagon",Major Arterial,Intersection,Etobicoke York,No Control,Daylight,Dry,Driver,Pedestrian Collisions,25 to 29,2018,17,43.600909,-79.504077,9,1,1,0,1,0,0,0,0,0,1
"Automobile, Station Wagon",Major Arterial,Intersection,Toronto and East York,Traffic Signal,"Dark, artificial",Dry,Driver,Angle,50 to 54,2018,22,43.65375,-79.393817,9,1,0,0,1,0,0,1,0,1,0
"Automobile, Station Wagon",Major Arterial,Intersection,Toronto and East York,Traffic Signal,"Dark, artificial",Dry,Driver,Angle,35 to 39,2018,22,43.65375,-79.393817,9,1,0,0,1,0,0,1,0,1,0
"Automobile, Station Wagon",Major Arterial,Intersection,Toronto and East York,Traffic Signal,"Dark, artificial",Dry,Passenger,Angle,45 to 49,2018,22,43.65375,-79.393817,9,1,0,0,1,0,0,1,0,1,0
"Automobile, Station Wagon",Major Arterial,Intersection,North York,Traffic Signal,Daylight,Dry,Driver,Pedestrian Collisions,80 to 84,2018,11,43.736434,-79.346507,9,2,1,0,1,0,0,0,0,1,0
"Automobile, Station Wagon",Major Arterial,Intersection,North York,Traffic Signal,Daylight,Dry,Driver,Pedestrian Collisions,60 to 64,2018,11,43.736434,-79.346507,9,2,1,0,1,0,0,0,0,1,0
"Automobile, Station Wagon",Major Arterial,Intersection,North York,Traffic Signal,Daylight,Dry,Pedestrian,Pedestrian Collisions,80 to 84,2018,11,43.736434,-79.346507,9,2,1,0,1,0,0,0,0,1,0
"Automobile, Station Wagon",Major Arterial,Intersection,North York,Traffic Signal,Daylight,Dry,Driver,Pedestrian Collisions,60 to 64,2018,12,43.685496,-79.446079,9,2,1,0,1,1,0,0,0,1,0
"Truck - Closed (Blazer, etc)",Major Arterial,Intersection,North York,Traffic Signal,Daylight,Dry,Truck Driver,Pedestrian Collisions,45 to 49,2018,12,43.685496,-79.446079,9,2,1,0,1,1,0,0,0,1,0
Pick Up Truck,Major Arterial,Intersection,North York,Traffic Signal,Daylight,Dry,Driver,Pedestrian Collisions,55 to 59,2018,12,43.685496,-79.446079,9,2,1,0,1,1,0,0,0,1,0
Pick Up Truck,Major Arterial,Intersection,North York,Traffic Signal,Daylight,Dry,Pedestrian,Pedestrian Collisions,70 to 74,2018,12,43.685496,-79.446079,9,2,1,0,1,1,0,0,0,1,0
"Automobile, Station Wagon",Major Arterial,Intersection,Scarborough,Traffic Signal,"Dark, artificial",Dry,Driver,Pedestrian Collisions,30 to 34,2018,23,43.774501,-79.2522,9,2,1,0,1,0,0,0,0,0,0
"Automobile, Station Wagon",Major Arterial,Intersection,Scarborough,Traffic Signal,"Dark, artificial",Dry,Pedestrian,Pedestrian Collisions,50 to 54,2018,23,43.774501,-79.2522,9,2,1,0,1,0,0,0,0,0,0
"Automobile, Station Wagon",Major Arterial,Intersection,Toronto and East York,No Control,"Dark, artificial",Dry,Driver,Cyclist Collisions,45 to 49,2018,1,43.666342,-79.43822,9,5,0,1,1,0,0,0,0,0,0
Bicycle,Major Arterial,Intersection,Toronto and East York,No Control,"Dark, artificial",Dry,Cyclist,Cyclist Collisions,45 to 49,2018,1,43.666342,-79.43822,9,5,0,1,1,0,0,0,0,0,0
Bicycle,Major Arterial,Intersection,Toronto and East York,No Control,"Dark, artificial",Dry,Cyclist,Cyclist Collisions,30 to 34,2018,1,43.666342,-79.43822,9,5,0,1,1,0,0,0,0,0,0
"Automobile, Station Wagon",Major Arterial,Mid-Block,Toronto and East York,No Control,Dark,Dry,Driver,Approaching,25 to 29,2018,3,43.650427,-79.45827,9,5,0,0,1,0,0,1,0,0,1
Motorcycle,Major Arterial,Mid-Block,Toronto and East York,No Control,Dark,Dry,Motorcycle Driver,Approaching,45 to 49,2018,3,43.650427,-79.45827,9,5,0,0,1,0,0,1,0,0,1
Motorcycle,Major Arterial,Mid-Block,Toronto and East York,No Control,Dark,Dry,Passenger,Approaching,unknown,2018,3,43.650427,-79.45827,9,5,0,0,1,0,0,1,0,0,1
"Automobile, Station Wagon",Major Arterial,Mid-Block,Toronto and East York,No Control,Daylight,Wet,Driver,Pedestrian Collisions,75 to 79,2018,10,43.682524,-79.421001,9,5,1,0,1,0,0,0,0,0,0
"Automobile, Station Wagon",Major Arterial,Mid-Block,Toronto and East York,No Control,Daylight,Wet,Pedestrian,Pedestrian Collisions,75 to 79,2018,10,43.682524,-79.421001,9,5,1,0,1,0,0,0,0,0,0
"Automobile, Station Wagon",Major Arterial,Intersection,North York,Traffic Signal,Daylight,Dry,Driver,Pedestrian Collisions,35 to 39,2018,14,43.678363,-79.440814,9,5,1,0,1,0,0,0,0,0,0
"Automobile, Station Wagon",Major Arterial,Intersection,North York,Traffic Signal,Daylight,Dry,Pedestrian,Pedestrian Collisions,65 to 69,2018,14,43.678363,-79.440814,9,5,1,0,1,0,0,0,0,0,0
"Automobile, Station Wagon",Major Arterial,Mid-Block,Etobicoke York,No Control,Daylight,Dry,Driver,Turning Movement,50 to 54,2018,16,43.694594,-79.556766,9,5,0,0,1,0,0,0,0,1,0
Motorcycle,Major Arterial,Mid-Block,Etobicoke York,No Control,Daylight,Dry,Motorcycle Driver,Turning Movement,60 to 64,2018,16,43.694594,-79.556766,9,5,0,0,1,0,0,0,0,1,0
"Automobile, Station Wagon",Major Arterial,Mid-Block,Scarborough,No Control,"Dark, artificial",Dry,Driver,Turning Movement,55 to 59,2018,21,43.65462,-79.373607,9,5,0,0,1,0,0,0,0,0,0
Motorcycle,Major Arterial,Mid-Block,Scarborough,No Control,"Dark, artificial",Dry,Motorcycle Driver,Turning Movement,45 to 49,2018,21,43.65462,-79.373607,9,5,0,0,1,0,0,0,0,0,0
"Automobile, Station Wagon",Collector,Mid-Block,Scarborough,No Control,"Dark, artificial",Dry,Driver,SMV Other,unknown,2018,4,43.787551,-79.15002,9,6,0,0,1,0,0,1,0,0,0
"Automobile, Station Wagon",Collector,Mid-Block,Scarborough,No Control,"Dark, artificial",Dry,Passenger,SMV Other,25 to 29,2018,4,43.787551,-79.15002,9,6,0,0,1,0,0,1,0,0,0
"Automobile, Station Wagon",Collector,Mid-Block,Scarborough,No Control,"Dark, artificial",Dry,Passenger,SMV Other,25 to 29,2018,4,43.787551,-79.15002,9,6,0,0,1,0,0,1,0,0,0
"Automobile, Station Wagon",Minor Arterial,Intersection,North York,Traffic Signal,Daylight,Dry,Driver,Angle,50 to 54,2018,10,43.78337,-79.407832,9,6,0,0,1,0,0,1,0,1,0
"Automobile, Station Wagon",Minor Arterial,Intersection,North York,Traffic Signal,Daylight,Dry,Driver,Angle,55 to 59,2018,10,43.78337,-79.407832,9,6,0,0,1,0,0,1,0,1,0
"Automobile, Station Wagon",Minor Arterial,Intersection,North York,Traffic Signal,Daylight,Dry,Passenger,Angle,50 to 54,2018,10,43.78337,-79.407832,9,6,0,0,1,0,0,1,0,1,0
"Automobile, Station Wagon",Minor Arterial,Intersection,North York,Traffic Signal,Daylight,Dry,Passenger,Angle,10 to 14,2018,10,43.78337,-79.407832,9,6,0,0,1,0,0,1,0,1,0
Truck-Tractor,Major Arterial,Mid-Block,Etobicoke York,No Control,Daylight,Dry,Driver,Pedestrian Collisions,unknown,2018,13,43.665461,-79.476634,9,6,1,0,0,0,0,0,0,0,0
Truck-Tractor,Major Arterial,Mid-Block,Etobicoke York,No Control,Daylight,Dry,Pedestrian,Pedestrian Collisions,5 to 9,2018,13,43.665461,-79.476634,9,6,1,0,0,0,0,0,0,0,0
Truck-Tractor,Major Arterial,Intersection,North York,Traffic Signal,Daylight,Dry,Truck Driver,Cyclist Collisions,55 to 59,2018,10,43.781508,-79.494464,9,0,0,1,0,1,0,0,0,0,0
Bicycle,Major Arterial,Intersection,North York,Traffic Signal,Daylight,Dry,Cyclist,Cyclist Collisions,15 to 19,2018,10,43.781508,-79.494464,9,0,0,1,0,1,0,0,0,0,0
"Bus (Other) (Go Bus, Gray Coach)",Major Arterial,Intersection,Toronto and East York,Traffic Signal,Daylight,Dry,Driver,Cyclist Collisions,55 to 59,2018,12,43.647261,-79.379688,9,0,0,1,0,0,1,0,0,1,0
Bicycle,Major Arterial,Intersection,Toronto and East York,Traffic Signal,Daylight,Dry,Cyclist,Cyclist Collisions,30 to 34,2018,12,43.647261,-79.379688,9,0,0,1,0,0,1,0,0,1,0
Motorcycle,Major Arterial,Intersection,Etobicoke York,No Control,Daylight,Dry,Motorcycle Driver,Turning Movement,40 to 44,2018,19,43.683169,-79.472026,9,1,0,0,1,0,0,0,1,1,1
"Automobile, Station Wagon",Major Arterial,Intersection,Etobicoke York,No Control,Daylight,Dry,Driver,Turning Movement,50 to 54,2018,19,43.683169,-79.472026,9,1,0,0,1,0,0,0,1,1,1
Motorcycle,Expressway,Mid-Block,Toronto and East York,No Control,Daylight,Dry,Motorcycle Driver,SMV Other,25 to 29,2018,13,43.645251,-79.3717,9,2,0,0,0,0,0,0,1,1,0
"Automobile, Station Wagon",Major Arterial,Intersection,North York,Traffic Signal,Daylight,Dry,Pedestrian,Pedestrian Collisions,90 to 94,2018,16,43.700686,-79.451724,9,3,1,0,1,0,0,0,0,0,1
"Automobile, Station Wagon",Major Arterial,Intersection,North York,Traffic Signal,Daylight,Dry,Driver,Pedestrian Collisions,55 to 59,2018,16,43.700686,-79.451724,9,3,1,0,1,0,0,0,0,0,1
"Automobile, Station Wagon",Laneway,Intersection,Toronto and East York,No Control,Daylight,Dry,Driver,Pedestrian Collisions,35 to 39,2018,16,43.663325,-79.369693,9,4,1,0,1,0,0,0,0,0,1
"Automobile, Station Wagon",Laneway,Intersection,Toronto and East York,No Control,Daylight,Dry,Pedestrian,Pedestrian Collisions,55 to 59,2018,16,43.663325,-79.369693,9,4,1,0,1,0,0,0,0,0,1
"Automobile, Station Wagon",Local,Mid-Block,Etobicoke York,No Control,Daylight,Wet,Driver,Turning Movement,40 to 44,2018,17,43.717654,-79.603442,9,4,0,0,1,1,0,1,0,0,0
Truck - Dump,Local,Mid-Block,Etobicoke York,No Control,Daylight,Wet,Truck Driver,Turning Movement,50 to 54,2018,17,43.717654,-79.603442,9,4,0,0,1,1,0,1,0,0,0
Truck - Dump,Local,Mid-Block,Etobicoke York,No Control,Daylight,Wet,Passenger,Turning Movement,40 to 44,2018,17,43.717654,-79.603442,9,4,0,0,1,1,0,1,0,0,0
Truck - Dump,Local,Mid-Block,Etobicoke York,No Control,Daylight,Wet,Passenger,Turning Movement,65 to 69,2018,17,43.717654,-79.603442,9,4,0,0,1,1,0,1,0,0,0
Truck - Dump,Local,Mid-Block,Etobicoke York,No Control,Daylight,Wet,Passenger,Turning Movement,30 to 34,2018,17,43.717654,-79.603442,9,4,0,0,1,1,0,1,0,0,0
Truck - Dump,Local,Mid-Block,Etobicoke York,No Control,Daylight,Wet,Passenger,Turning Movement,30 to 34,2018,17,43.717654,-79.603442,9,4,0,0,1,1,0,1,0,0,0
"Automobile, Station Wagon",Major Arterial,Mid-Block,Scarborough,No Control,Dark,Dry,Driver,Pedestrian Collisions,unknown,2018,22,43.775595,-79.274074,9,4,1,0,1,0,0,0,0,1,0
"Automobile, Station Wagon",Major Arterial,Mid-Block,Scarborough,No Control,Dark,Dry,Pedestrian,Pedestrian Collisions,20 to 24,2018,22,43.775595,-79.274074,9,4,1,0,1,0,0,0,0,1,0
"Automobile, Station Wagon",Major Arterial,Mid-Block,Scarborough,Stop Sign,Daylight,Dry,Driver,Turning Movement,40 to 44,2018,17,43.743479,-79.21725,9,5,0,0,1,0,0,0,0,1,0
Motorcycle,Major Arterial,Mid-Block,Scarborough,Stop Sign,Daylight,Dry,Motorcycle Driver,Turning Movement,15 to 19,2018,17,43.743479,-79.21725,9,5,0,0,1,0,0,0,0,1,0
Motorcycle,Major Arterial,Mid-Block,Etobicoke York,Stop Sign,Daylight,Dry,Motorcycle Driver,Turning Movement,35 to 39,2018,17,43.683287,-79.520641,9,5,0,0,1,0,0,0,0,1,0
"Automobile, Station Wagon",Major Arterial,Mid-Block,Etobicoke York,Stop Sign,Daylight,Dry,Driver,Turning Movement,45 to 49,2018,17,43.683287,-79.520641,9,5,0,0,1,0,0,0,0,1,0
"Automobile, Station Wagon",Major Arterial,Intersection,North York,Traffic Signal,Daylight,Dry,Driver,Cyclist Collisions,unknown,2018,14,43.647772,-79.37733,9,6,0,1,1,0,0,0,0,1,0
Bicycle,Major Arterial,Intersection,North York,Traffic Signal,Daylight,Dry,Cyclist,Cyclist Collisions,20 to 24,2018,14,43.647772,-79.37733,9,6,0,1,1,0,0,0,0,1,0
"Automobile, Station Wagon",Major Arterial,Intersection,Toronto and East York,No Control,Daylight,Dry,Driver,Cyclist Collisions,45 to 49,2018,18,43.68141,-79.332347,9,6,0,1,1,0,0,0,0,1,0
Bicycle,Major Arterial,Intersection,Toronto and East York,No Control,Daylight,Dry,Cyclist,Cyclist Collisions,70 to 74,2018,18,43.68141,-79.332347,9,6,0,1,1,0,0,0,0,1,0
"Automobile, Station Wagon",Major Arterial,Intersection,Etobicoke York,Traffic Signal,"Dark, artificial",Dry,Driver,Cyclist Collisions,55 to 59,2018,22,43.65576,-79.598361,9,6,0,1,1,0,0,0,0,1,0
Bicycle,Major Arterial,Intersection,Etobicoke York,Traffic Signal,"Dark, artificial",Dry,Cyclist,Cyclist Collisions,35 to 39,2018,22,43.65576,-79.598361,9,6,0,1,1,0,0,0,0,1,0
Pick Up Truck,Major Arterial,Intersection,Toronto and East York,No Control,Daylight,Dry,Driver,Rear End,30 to 34,2018,12,43.679942,-79.339397,9,0,0,0,1,0,0,0,0,0,0
"Automobile, Station Wagon",Major Arterial,Intersection,Toronto and East York,No Control,Daylight,Dry,Driver,Rear End,45 to 49,2018,12,43.679942,-79.339397,9,0,0,0,1,0,0,0,0,0,0
"Automobile, Station Wagon",Major Arterial,Intersection,Toronto and East York,Traffic Signal,"Dawn, artificial",Dry,Driver,Pedestrian Collisions,55 to 59,2018,7,43.655169,-79.38602,9,2,1,0,1,0,0,0,0,1,0
"Automobile, Station Wagon",Major Arterial,Intersection,Toronto and East York,Traffic Signal,"Dawn, artificial",Dry,Pedestrian,Pedestrian Collisions,55 to 59,2018,7,43.655169,-79.38602,9,2,1,0,1,0,0,0,0,1,0
"Automobile, Station Wagon",Minor Arterial,Intersection,Scarborough,Traffic Signal,Daylight,Dry,Pedestrian,Pedestrian Collisions,60 to 64,2018,7,43.719565,-79.247051,9,2,1,0,1,0,0,0,0,1,1
"Automobile, Station Wagon",Major Arterial,Mid-Block,Scarborough,No Control,"Daylight, artificial",Wet,Driver,Pedestrian Collisions,70 to 74,2017,18,43.782408,-79.291751,12,5,1,0,1,0,0,1,0,0,0
Passenger Van,Minor Arterial,Intersection,Scarborough,Traffic Signal,Daylight,Dry,Driver,Pedestrian Collisions,unknown,2018,7,43.719565,-79.247051,9,2,1,0,1,0,0,0,0,1,1
"Automobile, Station Wagon",Minor Arterial,Intersection,Toronto and East York,No Control,Daylight,Dry,Driver,Cyclist Collisions,35 to 39,2018,9,43.674388,-79.42258,9,2,0,1,1,0,0,0,0,0,0
Bicycle,Minor Arterial,Intersection,Toronto and East York,No Control,Daylight,Dry,Cyclist,Cyclist Collisions,20 to 24,2018,9,43.674388,-79.42258,9,2,0,1,1,0,0,0,0,0,0
Bicycle,Major Arterial,Intersection,Scarborough,Traffic Signal,Daylight,Dry,Cyclist,Cyclist Collisions,30 to 34,2018,18,43.810984,-79.279712,9,2,0,1,1,0,0,0,0,0,0
"Automobile, Station Wagon",Major Arterial,Intersection,Scarborough,Traffic Signal,Daylight,Dry,Driver,Cyclist Collisions,45 to 49,2018,18,43.810984,-79.279712,9,2,0,1,1,0,0,0,0,0,0
"Automobile, Station Wagon",Minor Arterial,Intersection,Etobicoke York,Stop Sign,"Dark, artificial",Dry,Driver,Angle,50 to 54,2018,21,43.692324,-79.477252,7,4,0,0,1,0,0,1,0,0,0
"Automobile, Station Wagon",Major Arterial,Mid-Block,North York,No Control,"Dark, artificial",Dry,Driver,SMV Other,35 to 39,2018,1,43.692008,-79.361987,1,0,0,0,1,0,0,0,1,1,1
"Automobile, Station Wagon",Minor Arterial,Intersection,Scarborough,Traffic Signal,"Dark, artificial",Dry,Passenger,Angle,20 to 24,2018,2,43.795016,-79.216319,1,0,0,0,1,0,0,1,1,1,0
"Automobile, Station Wagon",Minor Arterial,Intersection,Scarborough,Traffic Signal,"Dark, artificial",Dry,Passenger,Angle,75 to 79,2018,2,43.795016,-79.216319,1,0,0,0,1,0,0,1,1,1,0
"Automobile, Station Wagon",Minor Arterial,Intersection,Scarborough,Traffic Signal,"Dark, artificial",Dry,Passenger,Angle,75 to 79,2018,2,43.795016,-79.216319,1,0,0,0,1,0,0,1,1,1,0
"Automobile, Station Wagon",Minor Arterial,Intersection,Scarborough,Traffic Signal,"Dark, artificial",Dry,Passenger,Angle,75 to 79,2018,2,43.795016,-79.216319,1,0,0,0,1,0,0,1,1,1,0
"Automobile, Station Wagon",Minor Arterial,Intersection,Scarborough,Traffic Signal,"Dark, artificial",Dry,Passenger,Angle,30 to 34,2018,2,43.795016,-79.216319,1,0,0,0,1,0,0,1,1,1,0
"Automobile, Station Wagon",Minor Arterial,Intersection,Scarborough,Traffic Signal,"Dark, artificial",Dry,Driver,Angle,75 to 79,2018,2,43.795016,-79.216319,1,0,0,0,1,0,0,1,1,1,0
"Automobile, Station Wagon",Minor Arterial,Intersection,Scarborough,Traffic Signal,"Dark, artificial",Dry,Driver,Angle,20 to 24,2018,2,43.795016,-79.216319,1,0,0,0,1,0,0,1,1,1,0
"Automobile, Station Wagon",Major Arterial,Intersection,Scarborough,No Control,"Dusk, artificial",Dry,Pedestrian,Pedestrian Collisions,70 to 74,2018,17,43.790507,-79.269923,1,1,1,0,1,0,0,0,0,0,1
"Automobile, Station Wagon",Major Arterial,Intersection,Scarborough,No Control,"Dusk, artificial",Dry,Driver,Pedestrian Collisions,60 to 64,2018,17,43.790507,-79.269923,1,1,1,0,1,0,0,0,0,0,1
Passenger Van,Major Arterial,Mid-Block,North York,No Control,"Dark, artificial",Dry,Driver,Approaching,30 to 34,2018,19,43.790946,-79.362178,1,1,0,0,1,0,0,1,0,0,0
"Automobile, Station Wagon",Major Arterial,Mid-Block,North York,No Control,"Dark, artificial",Dry,Driver,Approaching,50 to 54,2018,19,43.790946,-79.362178,1,1,0,0,1,0,0,1,0,0,0
Passenger Van,Major Arterial,Mid-Block,North York,No Control,"Dark, artificial",Dry,Driver,Approaching,45 to 49,2018,19,43.790946,-79.362178,1,1,0,0,1,0,0,1,0,0,0
Passenger Van,Major Arterial,Mid-Block,North York,No Control,"Dark, artificial",Dry,Passenger,Approaching,50 to 54,2018,19,43.790946,-79.362178,1,1,0,0,1,0,0,1,0,0,0
Passenger Van,Major Arterial,Mid-Block,North York,No Control,"Dark, artificial",Dry,Passenger,Approaching,45 to 49,2018,19,43.790946,-79.362178,1,1,0,0,1,0,0,1,0,0,0