VEHTYPE,ROAD_CLASS,LOCCOORD,DISTRICT,TRAFFCTL,LIGHT,RDSFCOND,INVTYPE,IMPACTYPE,INVAGE,YEAR,TIME,LATITUDE,LONGITUDE,MONTH,DAY,PEDESTRIAN,CYCLIST,AUTOMOBILE,TRUCK,TRSN_CITY_VEH,PASSENGER,SPEEDING,AG_DRIV,ACCLASS
Passenger Van,Major Arterial,Mid-Block,North York,No Control,"Dark, artificial",Dry,Passenger,Approaching,15 to 19,2018,19,43.790946,-79.362178,1,1,0,0,1,0,0,1,0,0,0
Delivery Van,Major Arterial,Intersection,Toronto and East York,Traffic Signal,Daylight,Other,Driver,Pedestrian Collisions,50 to 54,2018,12,43.649542,-79.382091,1,4,1,0,1,0,0,0,0,1,1
"Automobile, Station Wagon",Minor Arterial,Intersection,Etobicoke York,Stop Sign,"Dark, artificial",Dry,Passenger,Angle,10 to 14,2018,21,43.692324,-79.477252,7,4,0,0,1,0,0,1,0,0,0
Delivery Van,Major Arterial,Intersection,Toronto and East York,Traffic Signal,Daylight,Other,Pedestrian,Pedestrian Collisions,85 to 89,2018,12,43.649542,-79.382091,1,4,1,0,1,0,0,0,0,1,1
"Automobile, Station Wagon",Major Arterial,Intersection,North York,Traffic Controller,Daylight,Dry,Driver,Pedestrian Collisions,25 to 29,2018,14,43.73585,-79.420062,1,4,1,0,1,0,0,0,0,1,0
"Automobile, Station Wagon",Major Arterial,Intersection,North York,Traffic Controller,Daylight,Dry,Pedestrian,Pedestrian Collisions,30 to 34,2018,14,43.73585,-79.420062,1,4,1,0,1,0,0,0,0,1,0
"Automobile, Station Wagon",Major Arterial,Intersection,North York,Traffic Controller,Daylight,Dry,Pedestrian,Pedestrian Collisions,25 to 29,2018,14,43.73585,-79.420062,1,4,1,0,1,0,0,0,0,1,0
"Automobile, Station Wagon",Collector,Mid-Block,North York,No Control,Daylight,Dry,Driver,Turning Movement,20 to 24,2018,15,43.718005,-79.308299,1,4,0,0,1,0,0,0,0,1,0
"Automobile, Station Wagon",Collector,Mid-Block,North York,No Control,Daylight,Dry,Driver,Turning Movement,50 to 54,2018,15,43.718005,-79.308299,1,4,0,0,1,0,0,0,0,1,0
"Automobile, Station Wagon",Major Arterial,Mid-Block,Etobicoke York,Traffic Signal,Daylight,Other,Driver,Approaching,25 to 29,2018,18,43.68162,-79.52972,1,6,0,0,1,0,0,0,0,1,1
"Automobile, Station Wagon",Major Arterial,Mid-Block,Etobicoke York,Traffic Signal,Daylight,Other,Driver,Approaching,85 to 89,2018,18,43.68162,-79.52972,1,6,0,0,1,0,0,0,0,1,1
"Automobile, Station Wagon",Major Arterial,Intersection,Scarborough,No Control,Dark,Other,Driver,Pedestrian Collisions,60 to 64,2018,22,43.837935,-79.245151,1,6,1,0,1,0,0,0,0,0,1
"Automobile, Station Wagon",Major Arterial,Intersection,Scarborough,No Control,Dark,Other,Pedestrian,Pedestrian Collisions,20 to 24,2018,22,43.837935,-79.245151,1,6,1,0,1,0,0,0,0,0,1
Delivery Van,Major Arterial,Mid-Block,Scarborough,No Control,Dark,Wet,Driver,Pedestrian Collisions,45 to 49,2018,18,43.730475,-79.275096,1,1,1,0,1,0,0,0,0,0,1
Delivery Van,Major Arterial,Mid-Block,Scarborough,No Control,Dark,Wet,Pedestrian,Pedestrian Collisions,70 to 74,2018,18,43.730475,-79.275096,1,1,1,0,1,0,0,0,0,0,1
Pick Up Truck,Major Arterial,Intersection,North York,Traffic Signal,Daylight,Wet,Pedestrian,Pedestrian Collisions,70 to 74,2018,9,43.727763,-79.402904,1,3,1,0,1,0,0,0,0,0,0
Pick Up Truck,Major Arterial,Intersection,North York,Traffic Signal,Daylight,Wet,Driver,Pedestrian Collisions,50 to 54,2018,9,43.727763,-79.402904,1,3,1,0,1,0,0,0,0,0,0
Municipal Transit Bus (TTC),Major Arterial,Intersection,Toronto and East York,Traffic Signal,"Dark, artificial",Wet,Pedestrian,Pedestrian Collisions,60 to 64,2018,17,43.70666,-79.398326,1,3,1,0,0,0,1,0,0,0,0
Municipal Transit Bus (TTC),Major Arterial,Intersection,Toronto and East York,Traffic Signal,"Dark, artificial",Wet,Driver,Pedestrian Collisions,45 to 49,2018,17,43.70666,-79.398326,1,3,1,0,0,0,1,0,0,0,0
"Automobile, Station Wagon",Major Arterial,Intersection,Scarborough,Traffic Signal,"Dark, artificial",Dry,Pedestrian,Pedestrian Collisions,70 to 74,2018,18,43.795779,-79.31927,1,3,1,0,1,0,0,0,0,1,0
"Automobile, Station Wagon",Major Arterial,Intersection,Scarborough,Traffic Signal,"Dark, artificial",Dry,Driver,Pedestrian Collisions,unknown,2018,18,43.795779,-79.31927,1,3,1,0,1,0,0,0,0,1,0
Passenger Van,Major Arterial,Intersection,Scarborough,Traffic Signal,"Dark, artificial",Ice,Passenger,SMV Other,50 to 54,2018,19,43.772071,-79.25146,1,4,0,0,1,0,0,1,0,0,0
Passenger Van,Major Arterial,Intersection,Scarborough,Traffic Signal,"Dark, artificial",Ice,Passenger,SMV Other,15 to 19,2018,19,43.772071,-79.25146,1,4,0,0,1,0,0,1,0,0,0
Passenger Van,Major Arterial,Intersection,Scarborough,Traffic Signal,"Dark, artificial",Ice,Driver,SMV Other,40 to 44,2018,19,43.772071,-79.25146,1,4,0,0,1,0,0,1,0,0,0
"Automobile, Station Wagon",Major Arterial,Mid-Block,Etobicoke York,No Control,Daylight,Dry,Driver,Approaching,25 to 29,2018,11,43.629561,-79.487575,1,6,0,0,1,0,0,1,0,1,0
"Automobile, Station Wagon",Major Arterial,Mid-Block,Etobicoke York,No Control,Daylight,Dry,Driver,Approaching,unknown,2018,11,43.629561,-79.487575,1,6,0,0,1,0,0,1,0,1,0
"Automobile, Station Wagon",Major Arterial,Mid-Block,Etobicoke York,No Control,Daylight,Dry,Passenger,Approaching,35 to 39,2018,11,43.629561,-79.487575,1,6,0,0,1,0,0,1,0,1,0
"Automobile, Station Wagon",Major Arterial,Mid-Block,Etobicoke York,No Control,Daylight,Dry,Passenger,Approaching,5 to 9,2018,11,43.629561,-79.487575,1,6,0,0,1,0,0,1,0,1,0
Delivery Van,Local,Mid-Block,North York,No Control,Daylight,Loose Snow,Pedestrian,Pedestrian Collisions,40 to 44,2018,15,43.727904,-79.488223,1,0,1,0,1,0,0,0,0,0,1
Delivery Van,Local,Mid-Block,North York,No Control,Daylight,Loose Snow,Pedestrian,Pedestrian Collisions,5 to 9,2018,15,43.727904,-79.488223,1,0,1,0,1,0,0,0,0,0,1
Delivery Van,Major Arterial,Intersection,Toronto and East York,No Control,Daylight,Loose Snow,Pedestrian,Pedestrian Collisions,45 to 49,2018,16,43.648451,-79.377605,1,0,1,0,1,0,0,0,0,1,0
Delivery Van,Major Arterial,Intersection,Toronto and East York,No Control,Daylight,Loose Snow,Driver,Pedestrian Collisions,45 to 49,2018,16,43.648451,-79.377605,1,0,1,0,1,0,0,0,0,1,0
"Automobile, Station Wagon",Major Arterial,Intersection,North York,Stop Sign,"Dark, artificial",Dry,Driver,Angle,85 to 89,2018,18,43.780986,-79.409679,1,4,0,0,1,0,0,1,0,1,0
"Automobile, Station Wagon",Major Arterial,Intersection,North York,Stop Sign,"Dark, artificial",Dry,Driver,Angle,25 to 29,2018,18,43.780986,-79.409679,1,4,0,0,1,0,0,1,0,1,0
"Automobile, Station Wagon",Major Arterial,Intersection,North York,Stop Sign,"Dark, artificial",Dry,Driver,Angle,40 to 44,2018,18,43.780986,-79.409679,1,4,0,0,1,0,0,1,0,1,0
"Automobile, Station Wagon",Major Arterial,Intersection,North York,Stop Sign,"Dark, artificial",Dry,Passenger,Angle,45 to 49,2018,18,43.780986,-79.409679,1,4,0,0,1,0,0,1,0,1,0
"Automobile, Station Wagon",Major Arterial,Intersection,North York,Stop Sign,"Dark, artificial",Dry,Passenger,Angle,90 to 94,2018,18,43.780986,-79.409679,1,4,0,0,1,0,0,1,0,1,0
"Automobile, Station Wagon",Major Arterial,Intersection,North York,Stop Sign,"Dark, artificial",Dry,Passenger,Angle,75 to 79,2018,18,43.780986,-79.409679,1,4,0,0,1,0,0,1,0,1,0
"Automobile, Station Wagon",Major Arterial,Mid-Block,Scarborough,No Control,"Dark, artificial",Dry,Pedestrian,Pedestrian Collisions,45 to 49,2018,21,43.797301,-79.197437,1,5,1,0,1,0,0,0,0,0,0
"Automobile, Station Wagon",Major Arterial,Mid-Block,Scarborough,No Control,"Dark, artificial",Dry,Driver,Pedestrian Collisions,unknown,2018,21,43.797301,-79.197437,1,5,1,0,1,0,0,0,0,0,0
Bicycle,Major Arterial,Intersection,North York,Traffic Signal,Daylight,Wet,Cyclist,Cyclist Collisions,65 to 69,2018,11,43.79074,-79.452991,1,0,0,1,1,0,0,0,0,1,0
"Automobile, Station Wagon",Major Arterial,Intersection,North York,Traffic Signal,Daylight,Wet,Driver,Cyclist Collisions,80 to 84,2018,11,43.79074,-79.452991,1,0,0,1,1,0,0,0,0,1,0
"Automobile, Station Wagon",Local,Intersection,North York,Stop Sign,Daylight,Wet,Driver,Cyclist Collisions,40 to 44,2018,15,43.701487,-79.365566,1,0,0,1,1,0,0,0,0,0,0
Bicycle,Local,Intersection,North York,Stop Sign,Daylight,Wet,Cyclist,Cyclist Collisions,15 to 19,2018,15,43.701487,-79.365566,1,0,0,1,1,0,0,0,0,0,0
"Automobile, Station Wagon",Major Arterial,Mid-Block,Toronto and East York,No Control,"Dark, artificial",Wet,Pedestrian,Pedestrian Collisions,30 to 34,2018,23,43.652999,-79.397411,1,0,1,0,1,0,0,0,0,0,0
"Automobile, Station Wagon",Major Arterial,Mid-Block,Toronto and East York,No Control,"Dark, artificial",Wet,Driver,Pedestrian Collisions,40 to 44,2018,23,43.652999,-79.397411,1,0,1,0,1,0,0,0,0,0,0
"Automobile, Station Wagon",Major Arterial,Intersection,Toronto and East York,Traffic Signal,Daylight,Dry,Pedestrian,Pedestrian Collisions,25 to 29,2018,7,43.645922,-79.409908,1,2,1,0,1,0,0,0,0,0,0
"Automobile, Station Wagon",Major Arterial,Intersection,Toronto and East York,Traffic Signal,Daylight,Dry,Driver,Pedestrian Collisions,45 to 49,2018,7,43.645922,-79.409908,1,2,1,0,1,0,0,0,0,0,0
"Automobile, Station Wagon",Major Arterial,Mid-Block,Scarborough,Traffic Signal,Daylight,Dry,Pedestrian,Pedestrian Collisions,60 to 64,2018,12,43.81428,-79.324542,1,2,1,0,1,0,0,0,0,1,1
"Automobile, Station Wagon",Major Arterial,Mid-Block,Scarborough,Traffic Signal,Daylight,Dry,Driver,Pedestrian Collisions,55 to 59,2018,12,43.81428,-79.324542,1,2,1,0,1,0,0,0,0,1,1
Street Car,Minor Arterial,Mid-Block,Toronto and East York,No Control,Daylight,Dry,Pedestrian,Pedestrian Collisions,20 to 24,2018,14,43.639701,-79.381091,1,4,1,0,0,0,1,0,0,0,0
Street Car,Minor Arterial,Mid-Block,Toronto and East York,No Control,Daylight,Dry,Driver,Pedestrian Collisions,40 to 44,2018,14,43.639701,-79.381091,1,4,1,0,0,0,1,0,0,0,0
"Automobile, Station Wagon",Minor Arterial,Mid-Block,Scarborough,No Control,"Dark, artificial",Dry,Driver,Approaching,35 to 39,2018,21,43.804679,-79.22578,1,4,0,0,1,0,0,1,1,1,0
"Automobile, Station Wagon",Minor Arterial,Mid-Block,Scarborough,No Control,"Dark, artificial",Dry,Driver,Approaching,35 to 39,2018,21,43.804679,-79.22578,1,4,0,0,1,0,0,1,1,1,0
"Automobile, Station Wagon",Minor Arterial,Mid-Block,Scarborough,No Control,"Dark, artificial",Dry,Passenger,Approaching,55 to 59,2018,21,43.804679,-79.22578,1,4,0,0,1,0,0,1,1,1,0
Truck - Dump,Major Arterial,Intersection,North York,Traffic Signal,"Dark, artificial",Dry,Truck Driver,Turning Movement,45 to 49,2018,1,43.72465,-79.302608,1,5,0,0,1,1,0,0,0,1,0
"Automobile, Station Wagon",Major Arterial,Intersection,North York,Traffic Signal,"Dark, artificial",Dry,Driver,Turning Movement,50 to 54,2018,1,43.72465,-79.302608,1,5,0,0,1,1,0,0,0,1,0
"Automobile, Station Wagon",Major Arterial,Intersection,Toronto and East York,Traffic Signal,"Dark, artificial",Dry,Pedestrian,Pedestrian Collisions,50 to 54,2018,2,43.703265,-79.425868,1,6,1,0,1,0,0,0,0,0,0
"Automobile, Station Wagon",Major Arterial,Intersection,Toronto and East York,Traffic Signal,"Dark, artificial",Dry,Driver,Pedestrian Collisions,40 to 44,2018,2,43.703265,-79.425868,1,6,1,0,1,0,0,0,0,0,0
Delivery Van,Major Arterial,Intersection,Etobicoke York,Traffic Signal,Daylight,Dry,Pedestrian,Pedestrian Collisions,70 to 74,2018,10,43.747714,-79.562267,2,4,1,0,1,0,0,0,0,1,1
Delivery Van,Major Arterial,Intersection,Etobicoke York,Traffic Signal,Daylight,Dry,Driver,Pedestrian Collisions,50 to 54,2018,10,43.747714,-79.562267,2,4,1,0,1,0,0,0,0,1,1
Delivery Van,Minor Arterial,Intersection,Toronto and East York,Traffic Signal,"Dark, artificial",Dry,Pedestrian,Pedestrian Collisions,60 to 64,2018,4,43.664225,-79.367954,2,5,1,0,1,0,0,0,0,0,0
Delivery Van,Minor Arterial,Intersection,Toronto and East York,Traffic Signal,"Dark, artificial",Dry,Driver,Pedestrian Collisions,unknown,2018,4,43.664225,-79.367954,2,5,1,0,1,0,0,0,0,0,0
Bicycle,Local,Mid-Block,Etobicoke York,No Control,"Daylight, artificial",Dry,Other,Cyclist Collisions,unknown,2018,15,43.6887,-79.477329,2,5,0,1,0,0,0,0,0,0,0
Bicycle,Local,Mid-Block,Etobicoke York,No Control,"Daylight, artificial",Dry,Cyclist,Cyclist Collisions,15 to 19,2018,15,43.6887,-79.477329,2,5,0,1,0,0,0,0,0,0,0
"Automobile, Station Wagon",Local,Mid-Block,North York,No Control,Daylight,Wet,Driver,Approaching,35 to 39,2018,9,43.7485,-79.468807,2,1,0,0,1,0,0,0,1,1,0
"Automobile, Station Wagon",Local,Mid-Block,North York,No Control,Daylight,Wet,Driver,Approaching,35 to 39,2018,9,43.7485,-79.468807,2,1,0,0,1,0,0,0,1,1,0
"Automobile, Station Wagon",Minor Arterial,Intersection,Etobicoke York,Stop Sign,"Dark, artificial",Dry,Passenger,Angle,10 to 14,2018,21,43.692324,-79.477252,7,4,0,0,1,0,0,1,0,0,0
Pick Up Truck,Major Arterial,Intersection,Etobicoke York,Traffic Signal,Daylight,Dry,Driver,Pedestrian Collisions,25 to 29,2018,15,43.710231,-79.471866,7,5,1,0,1,0,0,0,0,0,0
Pick Up Truck,Major Arterial,Intersection,Etobicoke York,Traffic Signal,Daylight,Dry,Pedestrian,Pedestrian Collisions,50 to 54,2018,15,43.710231,-79.471866,7,5,1,0,1,0,0,0,0,0,0
Bicycle,Major Arterial,Intersection,Toronto and East York,Traffic Signal,Daylight,Dry,Cyclist,Cyclist Collisions,35 to 39,2018,19,43.659369,-79.365978,7,0,0,1,1,0,0,0,0,0,0
"Automobile, Station Wagon",Major Arterial,Intersection,Toronto and East York,Traffic Signal,Daylight,Dry,Driver,Cyclist Collisions,55 to 59,2018,19,43.659369,-79.365978,7,0,0,1,1,0,0,0,0,0,0
Bicycle,Major Arterial,Intersection,Scarborough,Stop Sign,Daylight,Dry,Cyclist,Cyclist Collisions,60 to 64,2018,15,43.726866,-79.287242,7,1,0,1,1,0,0,0,0,0,0
"Automobile, Station Wagon",Major Arterial,Intersection,Scarborough,Stop Sign,Daylight,Dry,Driver,Cyclist Collisions,30 to 34,2018,15,43.726866,-79.287242,7,1,0,1,1,0,0,0,0,0,0
"Automobile, Station Wagon",Local,Intersection,Toronto and East York,No Control,"Dark, artificial",Dry,Driver,Pedestrian Collisions,unknown,2018,3,43.651122,-79.391612,7,2,1,0,1,0,0,0,0,0,0
"Automobile, Station Wagon",Local,Intersection,Toronto and East York,No Control,"Dark, artificial",Dry,Pedestrian,Pedestrian Collisions,35 to 39,2018,3,43.651122,-79.391612,7,2,1,0,1,0,0,0,0,0,0
"Automobile, Station Wagon",Minor Arterial,Intersection,Toronto and East York,Pedestrian Crossover,Daylight,Dry,Driver,Pedestrian Collisions,45 to 49,2018,7,43.690203,-79.355121,7,3,1,0,1,0,0,0,0,1,0
"Automobile, Station Wagon",Minor Arterial,Intersection,Toronto and East York,Pedestrian Crossover,Daylight,Dry,Pedestrian,Pedestrian Collisions,40 to 44,2018,7,43.690203,-79.355121,7,3,1,0,1,0,0,0,0,1,0
"Automobile, Station Wagon",Major Arterial,Intersection,Toronto and East York,No Control,"Dawn, artificial",Dry,Driver,SMV Other,65 to 69,2018,5,43.664496,-79.456554,7,5,0,0,1,0,0,0,1,1,0
"Automobile, Station Wagon",Major Arterial,Intersection,North York,Traffic Signal,Daylight,Dry,Passenger,Turning Movement,70 to 74,2018,16,43.73215,-79.342075,7,5,0,0,1,0,0,1,0,0,0
"Automobile, Station Wagon",Major Arterial,Intersection,North York,Traffic Signal,Daylight,Dry,Passenger,Turning Movement,60 to 64,2018,16,43.73215,-79.342075,7,5,0,0,1,0,0,1,0,0,0
"Automobile, Station Wagon",Major Arterial,Intersection,North York,Traffic Signal,Daylight,Dry,Passenger,Turning Movement,45 to 49,2018,16,43.73215,-79.342075,7,5,0,0,1,0,0,1,0,0,0
"Automobile, Station Wagon",Major Arterial,Intersection,North York,Traffic Signal,Daylight,Dry,Passenger,Turning Movement,10 to 14,2018,16,43.73215,-79.342075,7,5,0,0,1,0,0,1,0,0,0
"Automobile, Station Wagon",Major Arterial,Intersection,North York,Traffic Signal,Daylight,Dry,Driver,Turning Movement,40 to 44,2018,16,43.73215,-79.342075,7,5,0,0,1,0,0,1,0,0,0
"Automobile, Station Wagon",Major Arterial,Intersection,North York,Traffic Signal,Daylight,Dry,Driver,Turning Movement,25 to 29,2018,16,43.73215,-79.342075,7,5,0,0,1,0,0,1,0,0,0
Motorcycle,Major Arterial,Intersection,Scarborough,No Control,"Dark, artificial",Dry,Motorcycle Driver,SMV Other,20 to 24,2018,21,43.778483,-79.222179,7,6,0,0,0,0,0,0,0,0,0
"Automobile, Station Wagon",Minor Arterial,Intersection,Toronto and East York,Traffic Signal,Daylight,Dry,Driver,Pedestrian Collisions,60 to 64,2018,15,43.658103,-79.386379,7,1,1,0,1,0,0,0,0,1,0
"Automobile, Station Wagon",Minor Arterial,Intersection,Toronto and East York,Traffic Signal,Daylight,Dry,Pedestrian,Pedestrian Collisions,25 to 29,2018,15,43.658103,-79.386379,7,1,1,0,1,0,0,0,0,1,0
"Automobile, Station Wagon",Minor Arterial,Mid-Block,North York,No Control,"Dark, artificial",Wet,Driver,SMV Other,20 to 24,2018,1,43.777663,-79.413097,7,2,0,0,1,0,0,0,1,1,1
Truck - Dump,Major Arterial,Intersection,North York,Traffic Signal,Dark,Dry,Truck Driver,Pedestrian Collisions,35 to 39,2018,1,43.69797,-79.439349,7,3,1,0,0,1,0,0,0,1,1
Truck - Dump,Major Arterial,Intersection,North York,Traffic Signal,Dark,Dry,Pedestrian,Pedestrian Collisions,55 to 59,2018,1,43.69797,-79.439349,7,3,1,0,0,1,0,0,0,1,1
"Automobile, Station Wagon",Minor Arterial,Intersection,Toronto and East York,No Control,"Daylight, artificial",Wet,Driver,Cyclist Collisions,45 to 49,2018,15,43.671363,-79.429553,7,3,0,1,1,0,0,0,0,1,0
Bicycle,Minor Arterial,Intersection,Toronto and East York,No Control,"Daylight, artificial",Wet,Cyclist,Cyclist Collisions,40 to 44,2018,15,43.671363,-79.429553,7,3,0,1,1,0,0,0,0,1,0
"Automobile, Station Wagon",Major Arterial,Intersection,North York,Traffic Signal,Daylight,Dry,Driver,Pedestrian Collisions,unknown,2018,3,43.76343,-79.491008,7,6,1,0,1,0,0,0,0,1,0
"Automobile, Station Wagon",Major Arterial,Intersection,North York,Traffic Signal,Daylight,Dry,Pedestrian,Pedestrian Collisions,15 to 19,2018,3,43.76343,-79.491008,7,6,1,0,1,0,0,0,0,1,0
Motorcycle,Collector,Mid-Block,Etobicoke York,No Control,Daylight,Dry,Motorcycle Driver,SMV Other,45 to 49,2018,10,43.633887,-79.520046,7,6,0,0,0,0,0,0,0,0,1
"Automobile, Station Wagon",Major Arterial,Mid-Block,North York,No Control,Dark,Dry,Driver,Pedestrian Collisions,60 to 64,2018,21,43.663756,-79.307765,7,6,1,0,1,0,0,1,0,0,0
"Automobile, Station Wagon",Major Arterial,Mid-Block,North York,No Control,Dark,Dry,Passenger,Pedestrian Collisions,50 to 54,2018,21,43.663756,-79.307765,7,6,1,0,1,0,0,1,0,0,0
"Automobile, Station Wagon",Major Arterial,Mid-Block,North York,No Control,Dark,Dry,Pedestrian,Pedestrian Collisions,45 to 49,2018,21,43.663756,-79.307765,7,6,1,0,1,0,0,1,0,0,0
"Automobile, Station Wagon",Minor Arterial,Mid-Block,Scarborough,No Control,Daylight,Dry,Driver,Turning Movement,40 to 44,2018,13,43.800753,-79.236369,7,0,0,0,1,0,0,0,0,1,0
Motorcycle,Minor Arterial,Mid-Block,Scarborough,No Control,Daylight,Dry,Motorcycle Driver,Turning Movement,35 to 39,2018,13,43.800753,-79.236369,7,0,0,0,1,0,0,0,0,1,0
Delivery Van,Major Arterial,Intersection,Scarborough,Traffic Signal,Daylight,Dry,Driver,Pedestrian Collisions,35 to 39,2018,14,43.716109,-79.282733,7,0,1,0,1,0,0,0,0,0,1
Delivery Van,Major Arterial,Intersection,Scarborough,Traffic Signal,Daylight,Dry,Pedestrian,Pedestrian Collisions,65 to 69,2018,14,43.716109,-79.282733,7,0,1,0,1,0,0,0,0,0,1
"Automobile, Station Wagon",Major Arterial,Mid-Block,North York,No Control,Daylight,Dry,Driver,Pedestrian Collisions,40 to 44,2018,18,43.797373,-79.422603,7,0,1,0,1,0,0,1,0,0,0
"Automobile, Station Wagon",Major Arterial,Mid-Block,North York,No Control,Daylight,Dry,Pedestrian,Pedestrian Collisions,45 to 49,2018,18,43.797373,-79.422603,7,0,1,0,1,0,0,1,0,0,0
"Automobile, Station Wagon",Major Arterial,Mid-Block,North York,No Control,Daylight,Dry,Passenger,Pedestrian Collisions,40 to 44,2018,18,43.797373,-79.422603,7,0,1,0,1,0,0,1,0,0,0
Motorcycle,Minor Arterial,Mid-Block,Etobicoke York,No Control,"Dark, artificial",Dry,Motorcycle Driver,SMV Unattended Vehicle,25 to 29,2018,2,43.697928,-79.510379,7,1,0,0,0,0,0,0,1,1,0
Motorcycle,Minor Arterial,Mid-Block,Etobicoke York,No Control,"Dark, artificial",Dry,Other,SMV Unattended Vehicle,unknown,2018,2,43.697928,-79.510379,7,1,0,0,0,0,0,0,1,1,0
"Automobile, Station Wagon",Major Arterial,Intersection,Etobicoke York,Traffic Signal,"Dark, artificial",Dry,Driver,Pedestrian Collisions,15 to 19,2018,21,43.747023,-79.515086,8,2,1,0,1,0,0,0,0,0,0
"Automobile, Station Wagon",Major Arterial,Intersection,Etobicoke York,Traffic Signal,"Dark, artificial",Dry,Pedestrian,Pedestrian Collisions,65 to 69,2018,21,43.747023,-79.515086,8,2,1,0,1,0,0,0,0,0,0
Pick Up Truck,Major Arterial,Mid-Block,Toronto and East York,No Control,Daylight,Dry,Driver,Cyclist Collisions,unknown,2018,13,43.661994,-79.425082,8,3,0,1,1,0,0,0,0,1,0
Bicycle,Major Arterial,Mid-Block,Toronto and East York,No Control,Daylight,Dry,Cyclist,Cyclist Collisions,45 to 49,2018,13,43.661994,-79.425082,8,3,0,1,1,0,0,0,0,1,0
"Automobile, Station Wagon",Major Arterial,Intersection,Scarborough,Traffic Signal,Daylight,Dry,Driver,Pedestrian Collisions,50 to 54,2018,17,43.79798,-79.333591,8,4,1,0,1,0,0,0,0,1,0
"Automobile, Station Wagon",Major Arterial,Intersection,Scarborough,Traffic Signal,Daylight,Dry,Pedestrian,Pedestrian Collisions,45 to 49,2018,17,43.79798,-79.333591,8,4,1,0,1,0,0,0,0,1,0
"Automobile, Station Wagon",Major Arterial,Intersection,North York,Traffic Signal,"Dark, artificial",Dry,Driver,Pedestrian Collisions,45 to 49,2018,21,43.773657,-79.353282,8,4,1,0,1,0,0,0,0,1,0
"Automobile, Station Wagon",Major Arterial,Intersection,North York,Traffic Signal,"Dark, artificial",Dry,Pedestrian,Pedestrian Collisions,35 to 39,2018,21,43.773657,-79.353282,8,4,1,0,1,0,0,0,0,1,0
Motorcycle,Minor Arterial,Intersection,Scarborough,Traffic Signal,Daylight,Dry,Motorcycle Driver,SMV Other,20 to 24,2018,14,43.815356,-79.231464,8,5,0,0,0,0,0,0,0,0,0
Delivery Van,Minor Arterial,Mid-Block,Etobicoke York,No Control,"Dark, artificial",Dry,Driver,Pedestrian Collisions,55 to 59,2018,22,43.678824,-79.456218,8,5,1,0,1,0,0,1,0,0,0
Delivery Van,Minor Arterial,Mid-Block,Etobicoke York,No Control,"Dark, artificial",Dry,Pedestrian,Pedestrian Collisions,20 to 24,2018,22,43.678824,-79.456218,8,5,1,0,1,0,0,1,0,0,0
Delivery Van,Minor Arterial,Mid-Block,Etobicoke York,No Control,"Dark, artificial",Dry,Passenger,Pedestrian Collisions,55 to 59,2018,22,43.678824,-79.456218,8,5,1,0,1,0,0,1,0,0,0
"Automobile, Station Wagon",Local,Intersection,Scarborough,Stop Sign,Daylight,Dry,Driver,Pedestrian Collisions,65 to 69,2018,9,43.706175,-79.254787,8,0,1,0,1,0,0,0,0,0,1
"Automobile, Station Wagon",Local,Intersection,Scarborough,Stop Sign,Daylight,Dry,Wheelchair,Pedestrian Collisions,80 to 84,2018,9,43.706175,-79.254787,8,0,1,0,1,0,0,0,0,0,1
"Truck - Closed (Blazer, etc)",Major Arterial,Intersection,Toronto and East York,Traffic Signal,Daylight,Dry,Truck Driver,Pedestrian Collisions,50 to 54,2018,12,43.640952,-79.434474,8,0,1,0,0,1,0,1,0,0,0
"Truck - Closed (Blazer, etc)",Major Arterial,Intersection,Toronto and East York,Traffic Signal,Daylight,Dry,Passenger,Pedestrian Collisions,55 to 59,2018,12,43.640952,-79.434474,8,0,1,0,0,1,0,1,0,0,0
"Truck - Closed (Blazer, etc)",Major Arterial,Intersection,Toronto and East York,Traffic Signal,Daylight,Dry,Pedestrian,Pedestrian Collisions,65 to 69,2018,12,43.640952,-79.434474,8,0,1,0,0,1,0,1,0,0,0
"Automobile, Station Wagon",Major Arterial,Intersection,Toronto and East York,Traffic Signal,Daylight,Dry,Driver,Turning Movement,50 to 54,2018,9,43.661078,-79.429393,8,1,0,0,1,0,0,0,0,0,0
Motorcycle,Major Arterial,Intersection,Toronto and East York,Traffic Signal,Daylight,Dry,Motorcycle Driver,Turning Movement,45 to 49,2018,9,43.661078,-79.429393,8,1,0,0,1,0,0,0,0,0,0
Fire Vehicle,Major Arterial,Intersection,Toronto and East York,No Control,"Dark, artificial",Wet,Driver,Pedestrian Collisions,45 to 49,2018,3,43.645774,-79.410747,8,2,1,0,0,0,0,1,0,0,0
Fire Vehicle,Major Arterial,Intersection,Toronto and East York,No Control,"Dark, artificial",Wet,Passenger,Pedestrian Collisions,50 to 54,2018,3,43.645774,-79.410747,8,2,1,0,0,0,0,1,0,0,0
Fire Vehicle,Major Arterial,Intersection,Toronto and East York,No Control,"Dark, artificial",Wet,Passenger,Pedestrian Collisions,45 to 49,2018,3,43.645774,-79.410747,8,2,1,0,0,0,0,1,0,0,0
Fire Vehicle,Major Arterial,Intersection,Toronto and East York,No Control,"Dark, artificial",Wet,Pedestrian,Pedestrian Collisions,30 to 34,2018,3,43.645774,-79.410747,8,2,1,0,0,0,0,1,0,0,0