VEHTYPE,ROAD_CLASS,LOCCOORD,DISTRICT,TRAFFCTL,LIGHT,RDSFCOND,INVTYPE,IMPACTYPE,INVAGE,YEAR,TIME,LATITUDE,LONGITUDE,MONTH,DAY,PEDESTRIAN,CYCLIST,AUTOMOBILE,TRUCK,TRSN_CITY_VEH,PASSENGER,SPEEDING,AG_DRIV,ACCLASS
"Automobile, Station Wagon",Expressway,Mid-Block,Scarborough,No Control,Dark,Dry,Driver,Pedestrian Collisions,55 to 59,2018,1,43.784983,-79.164645,8,3,1,0,1,0,0,0,0,0,1
"Automobile, Station Wagon",Expressway,Mid-Block,Scarborough,No Control,Dark,Dry,Driver,Pedestrian Collisions,20 to 24,2018,1,43.784983,-79.164645,8,3,1,0,1,0,0,0,0,0,1
"Automobile, Station Wagon",Expressway,Mid-Block,Scarborough,No Control,Dark,Dry,Pedestrian,Pedestrian Collisions,25 to 29,2018,1,43.784983,-79.164645,8,3,1,0,1,0,0,0,0,0,1
"Automobile, Station Wagon",Major Arterial,Intersection,Etobicoke York,Traffic Signal,Daylight,Dry,Driver,Turning Movement,30 to 34,2018,14,43.713248,-79.559642,8,3,0,0,1,0,0,0,0,1,0
"Automobile, Station Wagon",Major Arterial,Intersection,Etobicoke York,Traffic Signal,Daylight,Dry,Driver,Turning Movement,70 to 74,2018,14,43.713248,-79.559642,8,3,0,0,1,0,0,0,0,1,0
"Automobile, Station Wagon",Major Arterial,Intersection,Toronto and East York,Traffic Signal,Daylight,Dry,Driver,Pedestrian Collisions,20 to 24,2018,11,43.678813,-79.297984,8,4,1,0,1,0,0,0,0,1,0
"Automobile, Station Wagon",Major Arterial,Intersection,Toronto and East York,Traffic Signal,Daylight,Dry,Pedestrian,Pedestrian Collisions,20 to 24,2018,11,43.678813,-79.297984,8,4,1,0,1,0,0,0,0,1,0
Motorcycle,Minor Arterial,Intersection,Scarborough,Traffic Signal,Daylight,Dry,Motorcycle Driver,Angle,70 to 74,2018,21,43.767378,-79.239131,8,4,0,0,1,0,0,0,0,1,1
"Automobile, Station Wagon",Minor Arterial,Intersection,Scarborough,Traffic Signal,Daylight,Dry,Driver,Angle,30 to 34,2018,21,43.767378,-79.239131,8,4,0,0,1,0,0,0,0,1,1
"Automobile, Station Wagon",Major Arterial,Intersection,Etobicoke York,Traffic Signal,Daylight,Dry,Driver,Pedestrian Collisions,45 to 49,2018,14,43.68389,-79.511417,8,5,1,0,1,0,0,1,0,1,0
"Automobile, Station Wagon",Major Arterial,Intersection,Etobicoke York,Traffic Signal,Daylight,Dry,Driver,Pedestrian Collisions,45 to 49,2018,14,43.68389,-79.511417,8,5,1,0,1,0,0,1,0,1,0
"Automobile, Station Wagon",Major Arterial,Intersection,Etobicoke York,Traffic Signal,Daylight,Dry,Passenger,Pedestrian Collisions,25 to 29,2018,14,43.68389,-79.511417,8,5,1,0,1,0,0,1,0,1,0
Bicycle,Minor Arterial,Intersection,Toronto and East York,No Control,"Daylight, artificial",Dry,Cyclist,Cyclist Collisions,45 to 49,2019,8,43.67525,-79.424037,7,2,0,1,1,0,0,0,0,1,0
"Automobile, Station Wagon",Major Arterial,Mid-Block,Etobicoke York,No Control,Daylight,Dry,Driver,Pedestrian Collisions,45 to 49,2019,9,43.708586,-79.478023,7,2,1,0,1,0,0,0,0,0,0
"Automobile, Station Wagon",Minor Arterial,Intersection,Etobicoke York,No Control,"Dark, artificial",Dry,Passenger,Approaching,70 to 74,2019,24,43.645533,-79.510593,4,3,0,0,1,0,0,1,1,1,0
"Automobile, Station Wagon",Major Arterial,Mid-Block,Etobicoke York,No Control,Daylight,Dry,Pedestrian,Pedestrian Collisions,50 to 54,2019,9,43.708586,-79.478023,7,2,1,0,1,0,0,0,0,0,0
School Bus,Major Arterial,Intersection,Scarborough,Traffic Signal,Daylight,Dry,Driver,Turning Movement,60 to 64,2019,9,43.74317,-79.304607,7,3,0,0,0,0,0,0,0,1,0
Delivery Van,Local,Mid-Block,North York,No Control,Daylight,Dry,Driver,SMV Other,50 to 54,2019,12,43.731944,-79.507663,4,4,0,0,1,0,0,0,0,0,0
Motorcycle,Major Arterial,Intersection,Scarborough,Traffic Signal,Daylight,Dry,Motorcycle Driver,Turning Movement,55 to 59,2019,9,43.74317,-79.304607,7,3,0,0,0,0,0,0,0,1,0
"Automobile, Station Wagon",Major Arterial,Intersection,Toronto and East York,Traffic Signal,"Dark, artificial",Dry,Driver,Pedestrian Collisions,25 to 29,2019,2,43.657874,-79.400096,4,6,1,0,1,0,0,0,0,0,0
"Automobile, Station Wagon",Major Arterial,Intersection,North York,No Control,Daylight,Dry,Driver,Turning Movement,30 to 34,2019,19,43.796252,-79.419589,7,3,0,0,1,0,0,1,1,1,0
"Automobile, Station Wagon",Major Arterial,Intersection,Toronto and East York,Traffic Signal,"Dark, artificial",Dry,Pedestrian,Pedestrian Collisions,20 to 24,2019,2,43.657874,-79.400096,4,6,1,0,1,0,0,0,0,0,0
"Automobile, Station Wagon",Major Arterial,Intersection,North York,No Control,Daylight,Dry,Driver,Turning Movement,70 to 74,2019,19,43.796252,-79.419589,7,3,0,0,1,0,0,1,1,1,0
"Automobile, Station Wagon",Major Arterial,Intersection,Etobicoke York,Traffic Signal,"Dark, artificial",Dry,Driver,Rear End,35 to 39,2019,1,43.704878,-79.494052,6,5,0,0,1,0,0,0,1,1,0
Bicycle,Major Arterial,Intersection,Toronto and East York,Traffic Signal,Dark,Dry,Cyclist,Cyclist Collisions,45 to 49,2019,19,43.644381,-79.400058,9,1,0,1,1,0,0,0,0,0,0
"Automobile, Station Wagon",Major Arterial,Intersection,North York,No Control,Daylight,Dry,Driver,Turning Movement,50 to 54,2019,10,43.750014,-79.346835,4,1,0,0,1,0,0,1,0,1,0
"Automobile, Station Wagon",Major Arterial,Intersection,North York,No Control,Daylight,Dry,Driver,Turning Movement,60 to 64,2019,10,43.750014,-79.346835,4,1,0,0,1,0,0,1,0,1,0
"Automobile, Station Wagon",Major Arterial,Intersection,North York,No Control,Daylight,Dry,Driver,Turning Movement,20 to 24,2019,10,43.750014,-79.346835,4,1,0,0,1,0,0,1,0,1,0
"Automobile, Station Wagon",Major Arterial,Intersection,North York,No Control,Daylight,Dry,Passenger,Turning Movement,60 to 64,2019,10,43.750014,-79.346835,4,1,0,0,1,0,0,1,0,1,0
"Automobile, Station Wagon",Major Arterial,Intersection,North York,No Control,Daylight,Dry,Passenger,Turning Movement,55 to 59,2019,10,43.750014,-79.346835,4,1,0,0,1,0,0,1,0,1,0
"Automobile, Station Wagon",Major Arterial,Intersection,North York,No Control,Daylight,Dry,Passenger,Turning Movement,80 to 84,2019,10,43.750014,-79.346835,4,1,0,0,1,0,0,1,0,1,0
"Automobile, Station Wagon",Major Arterial,Mid-Block,Scarborough,No Control,Daylight,Dry,Driver,Pedestrian Collisions,60 to 64,2019,8,43.782294,-79.292224,4,2,1,0,1,0,0,1,0,0,0
"Automobile, Station Wagon",Major Arterial,Mid-Block,Scarborough,No Control,Daylight,Dry,Passenger,Pedestrian Collisions,30 to 34,2019,8,43.782294,-79.292224,4,2,1,0,1,0,0,1,0,0,0
"Automobile, Station Wagon",Major Arterial,Mid-Block,Scarborough,No Control,Daylight,Dry,Pedestrian,Pedestrian Collisions,Over 95,2019,8,43.782294,-79.292224,4,2,1,0,1,0,0,1,0,0,0
"Automobile, Station Wagon",Collector,Intersection,Toronto and East York,Stop Sign,Daylight,Dry,Driver,Pedestrian Collisions,unknown,2019,12,43.651236,-79.377452,4,3,1,0,1,0,0,0,0,0,0
"Automobile, Station Wagon",Collector,Intersection,Toronto and East York,Stop Sign,Daylight,Dry,Pedestrian,Pedestrian Collisions,45 to 49,2019,12,43.651236,-79.377452,4,3,1,0,1,0,0,0,0,0,0
"Automobile, Station Wagon",Major Arterial,Intersection,Toronto and East York,Traffic Signal,"Dark, artificial",Wet,Driver,Pedestrian Collisions,25 to 29,2019,22,43.633269,-79.43452,4,4,1,0,1,0,0,0,0,1,0
"Automobile, Station Wagon",Major Arterial,Intersection,Toronto and East York,Traffic Signal,"Dark, artificial",Wet,Pedestrian,Pedestrian Collisions,25 to 29,2019,22,43.633269,-79.43452,4,4,1,0,1,0,0,0,0,1,0
"Automobile, Station Wagon",Expressway,Mid-Block,Etobicoke York,No Control,"Dark, artificial",Dry,Driver,Sideswipe,20 to 24,2019,1,43.622428,-79.503055,4,6,0,0,1,0,0,1,1,1,0
"Automobile, Station Wagon",Expressway,Mid-Block,Etobicoke York,No Control,"Dark, artificial",Dry,Driver,Sideswipe,15 to 19,2019,1,43.622428,-79.503055,4,6,0,0,1,0,0,1,1,1,0
"Automobile, Station Wagon",Expressway,Mid-Block,Etobicoke York,No Control,"Dark, artificial",Dry,Passenger,Sideswipe,15 to 19,2019,1,43.622428,-79.503055,4,6,0,0,1,0,0,1,1,1,0
"Automobile, Station Wagon",Expressway,Mid-Block,Etobicoke York,No Control,"Dark, artificial",Dry,Passenger,Sideswipe,15 to 19,2019,1,43.622428,-79.503055,4,6,0,0,1,0,0,1,1,1,0
"Automobile, Station Wagon",Major Arterial,Intersection,Toronto and East York,No Control,"Dark, artificial",Dry,Driver,Turning Movement,50 to 54,2019,6,43.690436,-79.291484,4,1,0,0,1,0,0,0,0,0,0
Motorcycle,Major Arterial,Intersection,Toronto and East York,No Control,"Dark, artificial",Dry,Motorcycle Driver,Turning Movement,25 to 29,2019,6,43.690436,-79.291484,4,1,0,0,1,0,0,0,0,0,0
"Automobile, Station Wagon",Collector,Mid-Block,Scarborough,No Control,Daylight,Dry,Driver,Pedestrian Collisions,20 to 24,2019,17,43.727519,-79.241809,4,1,1,0,1,0,0,0,0,0,0
"Automobile, Station Wagon",Collector,Mid-Block,Scarborough,No Control,Daylight,Dry,Pedestrian,Pedestrian Collisions,0 to 4,2019,17,43.727519,-79.241809,4,1,1,0,1,0,0,0,0,0,0
"Automobile, Station Wagon",Major Arterial,Intersection,Toronto and East York,Traffic Signal,Daylight,Dry,Driver,Pedestrian Collisions,60 to 64,2019,10,43.654719,-79.388271,4,2,1,0,1,0,0,0,0,0,0
"Automobile, Station Wagon",Major Arterial,Intersection,Toronto and East York,Traffic Signal,Daylight,Dry,Pedestrian,Pedestrian Collisions,35 to 39,2019,10,43.654719,-79.388271,4,2,1,0,1,0,0,0,0,0,0
Other,Major Arterial,Intersection,North York,Traffic Signal,Daylight,Dry,Driver,Turning Movement,35 to 39,2019,15,43.809878,-79.257671,4,2,0,0,0,1,0,0,0,1,0
"Truck - Closed (Blazer, etc)",Major Arterial,Intersection,North York,Traffic Signal,Daylight,Dry,Truck Driver,Turning Movement,60 to 64,2019,15,43.809878,-79.257671,4,2,0,0,0,1,0,0,0,1,0
"Automobile, Station Wagon",Major Arterial,Intersection,Toronto and East York,No Control,"Dark, artificial",Dry,Driver,SMV Other,25 to 29,2019,3,43.656424,-79.347522,4,5,0,0,1,0,0,0,1,1,0
Municipal Transit Bus (TTC),Local,Intersection,Scarborough,No Control,Daylight,Dry,Driver,Pedestrian Collisions,40 to 44,2019,7,43.836573,-79.231487,4,1,1,0,0,0,1,0,0,0,0
Municipal Transit Bus (TTC),Local,Intersection,Scarborough,No Control,Daylight,Dry,Pedestrian,Pedestrian Collisions,15 to 19,2019,7,43.836573,-79.231487,4,1,1,0,0,0,1,0,0,0,0
"Automobile, Station Wagon",Major Arterial,Intersection,Scarborough,Traffic Signal,Daylight,Wet,Driver,Pedestrian Collisions,55 to 59,2019,17,43.716109,-79.282733,5,2,1,0,1,0,0,0,0,1,0
"Automobile, Station Wagon",Major Arterial,Intersection,Scarborough,Traffic Signal,Daylight,Wet,Pedestrian,Pedestrian Collisions,15 to 19,2019,17,43.716109,-79.282733,5,2,1,0,1,0,0,0,0,1,0
"Automobile, Station Wagon",Major Arterial,Intersection,Etobicoke York,Traffic Signal,"Dark, artificial",Wet,Driver,SMV Other,30 to 34,2019,2,43.601615,-79.545207,5,3,0,0,1,0,0,0,0,0,0
"Automobile, Station Wagon",Major Arterial,Intersection,Etobicoke York,Traffic Signal,Daylight,Dry,Driver,Pedestrian Collisions,35 to 39,2019,18,43.62427,-79.511646,5,3,1,0,1,0,0,0,0,0,0
"Automobile, Station Wagon",Major Arterial,Intersection,Etobicoke York,Traffic Signal,Daylight,Dry,Pedestrian,Pedestrian Collisions,15 to 19,2019,18,43.62427,-79.511646,5,3,1,0,1,0,0,0,0,0,0
Pick Up Truck,Major Arterial,Intersection,Etobicoke York,No Control,Dusk,Dry,Driver,Turning Movement,unknown,2019,20,43.669528,-79.43951,5,3,0,0,1,0,0,0,0,1,0
Motorcycle,Major Arterial,Intersection,Etobicoke York,No Control,Dusk,Dry,Motorcycle Driver,Turning Movement,40 to 44,2019,20,43.669528,-79.43951,5,3,0,0,1,0,0,0,0,1,0
"Automobile, Station Wagon",Major Arterial,Mid-Block,North York,No Control,Daylight,Dry,Driver,Angle,25 to 29,2019,15,43.75318,-79.468578,5,6,0,0,1,0,0,1,1,1,0
"Automobile, Station Wagon",Major Arterial,Mid-Block,North York,No Control,Daylight,Dry,Driver,Angle,50 to 54,2019,15,43.75318,-79.468578,5,6,0,0,1,0,0,1,1,1,0
"Automobile, Station Wagon",Major Arterial,Mid-Block,North York,No Control,Daylight,Dry,Passenger,Angle,10 to 14,2019,15,43.75318,-79.468578,5,6,0,0,1,0,0,1,1,1,0
"Automobile, Station Wagon",Major Arterial,Mid-Block,North York,No Control,Daylight,Dry,Passenger,Angle,20 to 24,2019,15,43.75318,-79.468578,5,6,0,0,1,0,0,1,1,1,0
"Automobile, Station Wagon",Major Arterial,Intersection,Etobicoke York,Traffic Signal,Daylight,Dry,Driver,SMV Other,45 to 49,2019,16,43.749644,-79.610423,5,6,0,0,1,0,0,0,0,1,0
Motorcycle,Major Arterial,Intersection,Etobicoke York,Traffic Signal,Daylight,Dry,Motorcycle Driver,SMV Other,50 to 54,2019,16,43.749644,-79.610423,5,6,0,0,1,0,0,0,0,1,0
"Automobile, Station Wagon",Major Arterial,Intersection,Toronto and East York,Stop Sign,Daylight,Dry,Driver,Cyclist Collisions,70 to 74,2019,13,43.65148,-79.409679,5,0,0,1,1,0,0,1,0,1,0
Bicycle,Major Arterial,Intersection,Toronto and East York,Stop Sign,Daylight,Dry,Cyclist,Cyclist Collisions,65 to 69,2019,13,43.65148,-79.409679,5,0,0,1,1,0,0,1,0,1,0
Bicycle,Major Arterial,Intersection,Toronto and East York,Stop Sign,Daylight,Dry,Passenger,Cyclist Collisions,60 to 64,2019,13,43.65148,-79.409679,5,0,0,1,1,0,0,1,0,1,0
"Automobile, Station Wagon",Major Arterial,Mid-Block,Toronto and East York,No Control,"Dark, artificial",Dry,Driver,SMV Unattended Vehicle,25 to 29,2019,2,43.667052,-79.305064,5,1,0,0,1,0,0,1,1,1,0
"Automobile, Station Wagon",Major Arterial,Mid-Block,Toronto and East York,No Control,"Dark, artificial",Dry,Passenger,SMV Unattended Vehicle,20 to 24,2019,2,43.667052,-79.305064,5,1,0,0,1,0,0,1,1,1,0
"Automobile, Station Wagon",Major Arterial,Mid-Block,Scarborough,No Control,"Dark, artificial",Wet,Driver,SMV Other,15 to 19,2019,1,43.816447,-79.282207,5,4,0,0,0,0,0,1,1,1,1
"Automobile, Station Wagon",Major Arterial,Mid-Block,Scarborough,No Control,"Dark, artificial",Wet,Passenger,SMV Other,10 to 14,2019,1,43.816447,-79.282207,5,4,0,0,0,0,0,1,1,1,1
"Automobile, Station Wagon",Major Arterial,Mid-Block,Scarborough,No Control,"Dark, artificial",Wet,Passenger,SMV Other,15 to 19,2019,1,43.816447,-79.282207,5,4,0,0,0,0,0,1,1,1,1
"Automobile, Station Wagon",Major Arterial,Intersection,Toronto and East York,No Control,"Dark, artificial",Dry,Driver,Turning Movement,30 to 34,2019,22,43.677485,-79.351924,5,4,0,0,1,0,0,1,0,1,0
"Automobile, Station Wagon",Major Arterial,Intersection,Toronto and East York,No Control,"Dark, artificial",Dry,Driver,Turning Movement,25 to 29,2019,22,43.677485,-79.351924,5,4,0,0,1,0,0,1,0,1,0
"Automobile, Station Wagon",Major Arterial,Intersection,Toronto and East York,No Control,"Dark, artificial",Dry,Other,Turning Movement,15 to 19,2019,22,43.677485,-79.351924,5,4,0,0,1,0,0,1,0,1,0
"Automobile, Station Wagon",Major Arterial,Intersection,Toronto and East York,No Control,"Dark, artificial",Dry,Passenger,Turning Movement,45 to 49,2019,22,43.677485,-79.351924,5,4,0,0,1,0,0,1,0,1,0
"Automobile, Station Wagon",Major Arterial,Intersection,Etobicoke York,Traffic Signal,"Dark, artificial",Wet,Driver,Pedestrian Collisions,40 to 44,2019,21,43.598124,-79.51691,5,6,1,0,1,0,0,0,0,0,0
"Automobile, Station Wagon",Major Arterial,Intersection,Etobicoke York,Traffic Signal,"Dark, artificial",Wet,Pedestrian,Pedestrian Collisions,15 to 19,2019,21,43.598124,-79.51691,5,6,1,0,1,0,0,0,0,0,0
"Automobile, Station Wagon",Minor Arterial,Mid-Block,Toronto and East York,No Control,Daylight,Dry,Driver,Cyclist Collisions,25 to 29,2019,16,43.663405,-79.462817,5,2,0,1,1,0,0,0,0,1,0
Bicycle,Minor Arterial,Mid-Block,Toronto and East York,No Control,Daylight,Dry,Cyclist,Cyclist Collisions,40 to 44,2019,16,43.663405,-79.462817,5,2,0,1,1,0,0,0,0,1,0
"Automobile, Station Wagon",Major Arterial,Intersection,Toronto and East York,Traffic Signal,"Dark, artificial",Dry,Driver,Turning Movement,65 to 69,2019,21,43.642134,-79.4286,5,4,0,0,1,0,0,0,0,1,0
Motorcycle,Major Arterial,Intersection,Toronto and East York,Traffic Signal,"Dark, artificial",Dry,Motorcycle Driver,Turning Movement,30 to 34,2019,21,43.642134,-79.4286,5,4,0,0,1,0,0,0,0,1,0
"Automobile, Station Wagon",Major Arterial,Intersection,Toronto and East York,Traffic Signal,Daylight,Dry,Driver,Pedestrian Collisions,25 to 29,2019,12,43.637103,-79.435993,5,6,1,0,1,0,0,0,0,1,0
"Automobile, Station Wagon",Major Arterial,Intersection,Toronto and East York,Traffic Signal,Daylight,Dry,Driver,Pedestrian Collisions,65 to 69,2019,12,43.637103,-79.435993,5,6,1,0,1,0,0,0,0,1,0
"Automobile, Station Wagon",Major Arterial,Intersection,Toronto and East York,Traffic Signal,Daylight,Dry,Pedestrian,Pedestrian Collisions,55 to 59,2019,12,43.637103,-79.435993,5,6,1,0,1,0,0,0,0,1,0
Street Car,Minor Arterial,Intersection,Toronto and East York,Traffic Signal,Daylight,Dry,Driver,Pedestrian Collisions,45 to 49,2019,9,43.639891,-79.380161,5,0,1,0,0,0,1,0,0,0,0
Street Car,Minor Arterial,Intersection,Toronto and East York,Traffic Signal,Daylight,Dry,Pedestrian,Pedestrian Collisions,30 to 34,2019,9,43.639891,-79.380161,5,0,1,0,0,0,1,0,0,0,0
"Automobile, Station Wagon",Major Arterial,Intersection,Toronto and East York,Traffic Signal,Daylight,Dry,Driver,Pedestrian Collisions,75 to 79,2019,12,43.644652,-79.416263,5,1,1,0,1,0,0,0,0,1,0
"Automobile, Station Wagon",Major Arterial,Intersection,Toronto and East York,Traffic Signal,Daylight,Dry,Pedestrian,Pedestrian Collisions,80 to 84,2019,12,43.644652,-79.416263,5,1,1,0,1,0,0,0,0,1,0
Motorcycle,Major Arterial,Intersection,Scarborough,Traffic Signal,Daylight,Dry,Motorcycle Driver,Angle,20 to 24,2019,7,43.801196,-79.296558,5,2,0,0,1,0,0,0,0,1,0
"Automobile, Station Wagon",Major Arterial,Intersection,Scarborough,Traffic Signal,Daylight,Dry,Driver,Angle,35 to 39,2019,7,43.801196,-79.296558,5,2,0,0,1,0,0,0,0,1,0
"Automobile, Station Wagon",Expressway Ramp,Mid-Block,Toronto and East York,No Control,Daylight,Dry,Driver,Pedestrian Collisions,25 to 29,2019,18,43.645365,-79.370364,3,0,1,0,1,0,0,0,0,0,0
Truck - Tank,Major Arterial,Intersection,Toronto and East York,No Control,Daylight,Dry,Truck Driver,Pedestrian Collisions,35 to 39,2019,15,43.647265,-79.399349,5,2,1,0,0,1,0,0,0,0,0
Truck - Tank,Major Arterial,Intersection,Toronto and East York,No Control,Daylight,Dry,Pedestrian,Pedestrian Collisions,45 to 49,2019,15,43.647265,-79.399349,5,2,1,0,0,1,0,0,0,0,0
Street Car,Minor Arterial,Intersection,Toronto and East York,Traffic Signal,Daylight,Dry,Driver,Approaching,30 to 34,2019,16,43.638205,-79.388637,5,3,0,0,1,0,1,1,1,1,0
Street Car,Minor Arterial,Intersection,Toronto and East York,Traffic Signal,Daylight,Dry,Passenger,Approaching,30 to 34,2019,16,43.638205,-79.388637,5,3,0,0,1,0,1,1,1,1,0
"Automobile, Station Wagon",Minor Arterial,Intersection,Toronto and East York,Traffic Signal,Daylight,Dry,Driver,Approaching,25 to 29,2019,16,43.638205,-79.388637,5,3,0,0,1,0,1,1,1,1,0
"Automobile, Station Wagon",Major Arterial,Intersection,North York,Pedestrian Crossover,Daylight,Dry,Driver,Pedestrian Collisions,70 to 74,2019,17,43.658259,-79.352199,5,3,1,0,1,0,0,0,0,1,0
"Automobile, Station Wagon",Major Arterial,Intersection,North York,Pedestrian Crossover,Daylight,Dry,Pedestrian,Pedestrian Collisions,70 to 74,2019,17,43.658259,-79.352199,5,3,1,0,1,0,0,0,0,1,0
"Automobile, Station Wagon",Major Arterial,Intersection,Toronto and East York,Stop Sign,Daylight,Dry,Driver,Cyclist Collisions,50 to 54,2019,11,43.655188,-79.358905,5,4,0,1,1,0,0,0,0,1,0
Bicycle,Major Arterial,Intersection,Toronto and East York,Stop Sign,Daylight,Dry,Cyclist,Cyclist Collisions,55 to 59,2019,11,43.655188,-79.358905,5,4,0,1,1,0,0,0,0,1,0
"Automobile, Station Wagon",Collector,Intersection,Toronto and East York,No Control,Daylight,Dry,Driver,Cyclist Collisions,unknown,2019,9,43.647936,-79.386333,5,6,0,1,1,0,0,0,0,1,0
Bicycle,Collector,Intersection,Toronto and East York,No Control,Daylight,Dry,Cyclist,Cyclist Collisions,20 to 24,2019,9,43.647936,-79.386333,5,6,0,1,1,0,0,0,0,1,0
"Automobile, Station Wagon",Major Arterial,Intersection,Scarborough,No Control,Daylight,Dry,Driver,SMV Other,55 to 59,2019,9,43.763796,-79.301395,8,5,0,0,1,0,0,0,0,0,1
"Automobile, Station Wagon",Major Arterial,Mid-Block,Toronto and East York,No Control,"Daylight, artificial",Wet,Driver,Sideswipe,35 to 39,2018,11,43.636973,-79.4453,10,2,0,0,1,0,0,1,0,0,0
Passenger Van,Minor Arterial,Intersection,Etobicoke York,Traffic Signal,Daylight,Dry,Driver,Pedestrian Collisions,80 to 84,2019,19,43.619403,-79.553706,5,6,1,0,1,0,0,1,0,1,0
Passenger Van,Minor Arterial,Intersection,Etobicoke York,Traffic Signal,Daylight,Dry,Passenger,Pedestrian Collisions,35 to 39,2019,19,43.619403,-79.553706,5,6,1,0,1,0,0,1,0,1,0
Passenger Van,Minor Arterial,Intersection,Etobicoke York,Traffic Signal,Daylight,Dry,Passenger,Pedestrian Collisions,5 to 9,2019,19,43.619403,-79.553706,5,6,1,0,1,0,0,1,0,1,0
Passenger Van,Minor Arterial,Intersection,Etobicoke York,Traffic Signal,Daylight,Dry,Pedestrian,Pedestrian Collisions,15 to 19,2019,19,43.619403,-79.553706,5,6,1,0,1,0,0,1,0,1,0
Truck (other),Local,Mid-Block,North York,No Control,Daylight,Dry,Driver,SMV Other,20 to 24,2019,13,43.739615,-79.399722,5,2,0,0,0,1,0,1,0,0,1
Truck (other),Local,Mid-Block,North York,No Control,Daylight,Dry,Passenger,SMV Other,25 to 29,2019,13,43.739615,-79.399722,5,2,0,0,0,1,0,1,0,0,1
Passenger Van,Major Arterial,Intersection,Toronto and East York,Traffic Signal,"Dark, artificial",Dry,Driver,Turning Movement,20 to 24,2019,23,43.630351,-79.419742,5,3,0,0,1,0,0,1,0,1,0
Motorcycle,Major Arterial,Intersection,Toronto and East York,Traffic Signal,"Dark, artificial",Dry,Motorcycle Driver,Turning Movement,20 to 24,2019,23,43.630351,-79.419742,5,3,0,0,1,0,0,1,0,1,0
Motorcycle,Major Arterial,Intersection,Toronto and East York,Traffic Signal,"Dark, artificial",Dry,Passenger,Turning Movement,20 to 24,2019,23,43.630351,-79.419742,5,3,0,0,1,0,0,1,0,1,0
Motorcycle,Major Arterial,Intersection,Toronto and East York,Traffic Signal,Daylight,Dry,Motorcycle Driver,Turning Movement,35 to 39,2019,21,43.68072,-79.310718,5,4,0,0,1,0,0,1,1,1,0
"Automobile, Station Wagon",Major Arterial,Intersection,Toronto and East York,Traffic Signal,Daylight,Dry,Driver,Turning Movement,45 to 49,2019,21,43.68072,-79.310718,5,4,0,0,1,0,0,1,1,1,0
"Automobile, Station Wagon",Major Arterial,Intersection,Toronto and East York,Traffic Signal,Daylight,Dry,Motorcycle Passenger,Turning Movement,35 to 39,2019,21,43.68072,-79.310718,5,4,0,0,1,0,0,1,1,1,0
"Automobile, Station Wagon",Major Arterial,Mid-Block,Scarborough,No Control,"Dark, artificial",Dry,Driver,Pedestrian Collisions,unknown,2018,21,43.782229,-79.292499,9,2,1,0,1,0,0,0,0,1,1
"Automobile, Station Wagon",Major Arterial,Mid-Block,Scarborough,No Control,Dusk,Dry,Passenger,Cyclist Collisions,0 to 4,2018,17,43.816859,-79.304042,11,3,0,1,1,0,0,1,0,1,0
"Automobile, Station Wagon",Local,Mid-Block,Toronto and East York,No Control,"Dark, artificial",Wet,Driver,Pedestrian Collisions,65 to 69,2019,20,43.639567,-79.435504,1,0,1,0,1,0,0,0,1,1,1
"Automobile, Station Wagon",Major Arterial,Intersection,North York,No Control,Daylight,Dry,Passenger,Turning Movement,30 to 34,2019,19,43.796252,-79.419589,7,3,0,0,1,0,0,1,1,1,0
"Automobile, Station Wagon",Major Arterial,Mid-Block,Scarborough,No Control,"Dark, artificial",Dry,Pedestrian,Pedestrian Collisions,75 to 79,2018,21,43.782229,-79.292499,9,2,1,0,1,0,0,0,0,1,1
"Automobile, Station Wagon",Major Arterial,Intersection,Etobicoke York,Traffic Signal,"Dark, artificial",Dry,Driver,Rear End,55 to 59,2019,1,43.704878,-79.494052,6,5,0,0,1,0,0,0,1,1,0
"Automobile, Station Wagon",Minor Arterial,Intersection,Toronto and East York,Traffic Signal,Dark,Dry,Driver,Pedestrian Collisions,25 to 29,2018,23,43.646266,-79.449016,11,3,1,0,1,0,0,0,0,0,0
"Automobile, Station Wagon",Major Arterial,Intersection,Toronto and East York,Traffic Signal,Dark,Dry,Driver,Cyclist Collisions,30 to 34,2019,19,43.644381,-79.400058,9,1,0,1,1,0,0,0,0,0,0
Motorcycle,Major Arterial,Intersection,Etobicoke York,Traffic Signal,Daylight,Dry,Motorcycle Driver,SMV Other,25 to 29,2019,15,43.707465,-79.482394,8,5,0,0,0,0,0,0,0,0,0
"Automobile, Station Wagon",Major Arterial,Mid-Block,Toronto and East York,No Control,"Daylight, artificial",Wet,Passenger,Sideswipe,15 to 19,2018,11,43.636973,-79.4453,10,2,0,0,1,0,0,1,0,0,0
"Automobile, Station Wagon",Collector,Intersection,Etobicoke York,Stop Sign,Daylight,Dry,Driver,SMV Other,25 to 29,2019,6,43.676566,-79.463863,7,6,0,0,1,0,0,0,1,1,0